{"type":"Topology","objects":{"constituencies":{"type":"GeometryCollection","geometries":[{"type":"Polygon","arcs":[[0,1,2,3,4,5,6,7,8,9,10]],"properties":{"id":"170903","name":"Aberdeen Central","slug":"aberdeen-central"}},{"type":"MultiPolygon","arcs":[[[11]],[[12,-8,13,14,-5,15,16,17,18,19,20,21,22,23,24,25,26,27,28,29]]],"properties":{"id":"170912","name":"Aberdeen Deeside and North Kincardine","slug":"aberdeen-deeside-and-north-kincardine"}},{"type":"Polygon","arcs":[[-29,30,31,32,33,34,35,-3,36,-1,37,-10,38,39]],"properties":{"id":"170900","name":"Aberdeen Donside","slug":"aberdeen-donside"}},{"type":"Polygon","arcs":[[40,-35,41,42,43,44,45,46,47,48,49,50]],"properties":{"id":"170908","name":"Aberdeenshire East","slug":"aberdeenshire-east"}},{"type":"Polygon","arcs":[[-47,51,-45,52,-43,53,-33,54,55,-27,56,57,-24,58,-22,59,-20,60,61,62,63,64,65,66,67,68,69,70,71,72,73,74,75,76,77,78,79,80,81,82,83,84,85,86,87,88,89,90,91,-49,92]],"properties":{"id":"170899","name":"Aberdeenshire West","slug":"aberdeenshire-west"}},{"type":"Polygon","arcs":[[93,94,95,96,97,98,99,100,101,102,103,104,105,106,107,108,109,110,111,112,113,114]],"properties":{"id":"170920","name":"Airdrie","slug":"airdrie"}},{"type":"Polygon","arcs":[[115,116,117,118,119,120,121,122,123,124,125,126,-111,127,128,129]],"properties":{"id":"170935","name":"Almond Valley","slug":"almond-valley"}},{"type":"Polygon","arcs":[[130,-73,131,-71,132,-69,133,-67,134,135,-64,136,-62,137,138,-17,139,140,141,142,143]],"properties":{"id":"170915","name":"Angus North and Mearns","slug":"angus-north-and-mearns"}},{"type":"Polygon","arcs":[[-75,144,-144,145,146,-141,147,148,149,150,151,152,153,154,155,156,157,158,159,-79,160,-77,161],[162]],"properties":{"id":"170898","name":"Angus South","slug":"angus-south"}},{"type":"MultiPolygon","arcs":[[[163,164,165,166,167,168,169,170,171,172,173,174,175,176,177,178,179,180,181,182,183,184,185,186,187,188,189,190,191,192,193,194],[195],[196]],[[197]],[[198]],[[199,200,201,202,203,204,205,206]],[[207]],[[208]],[[209]],[[210]],[[211]],[[212]],[[213]],[[214]],[[215]],[[216]],[[217]],[[218]],[[219]],[[220]],[[221]],[[222]],[[223]],[[224]],[[225]],[[226]],[[227]],[[228]],[[229]],[[230]],[[231]],[[232]],[[233]],[[234]],[[235]],[[236]],[[237]],[[238]],[[239]],[[240]],[[241]],[[242]],[[243]],[[244]],[[245]],[[246]],[[247]],[[248]],[[249]],[[250]],[[251]],[[252]],[[253]],[[254]],[[255]],[[256]],[[257]],[[258]],[[259]],[[260]],[[261]],[[262]],[[263]],[[264]],[[265]],[[266]],[[267]],[[268]],[[269]],[[270]],[[271]],[[272]],[[273]],[[274]],[[275]],[[276]],[[277]],[[278]],[[279]],[[280]],[[281]],[[282]],[[283]],[[284]],[[285]],[[286]],[[287],[288],[289],[290]],[[291]],[[292]],[[293]],[[294]],[[295]],[[296]],[[297]],[[298]],[[299]],[[300]],[[301]],[[302]],[[303]],[[304]],[[305]],[[306]],[[307]],[[308]],[[309]],[[310]],[[311]],[[312]],[[313]],[[314]],[[315]],[[316]],[[317]],[[318]],[[319]],[[320]],[[321]],[[322]],[[323]],[[324]],[[325]],[[326]],[[327]],[[328]],[[329]],[[330]],[[331]],[[332]],[[333]],[[334]],[[335]],[[336]],[[337]],[[338]],[[339]],[[340]],[[341],[342]],[[343]],[[344]],[[345]],[[346]],[[347]],[[348]],[[349]],[[350]],[[351]],[[352]],[[353]],[[354]],[[355]],[[356]],[[357]],[[358]],[[359]],[[360]],[[361]],[[362]],[[363]],[[364]],[[365]],[[366]],[[367]],[[368]],[[369]],[[370]],[[371]],[[372]],[[373]],[[374]],[[375]],[[376]],[[377]],[[378]],[[379]],[[380]],[[381]],[[382]],[[383]],[[384]],[[385]],[[386]],[[387]],[[388]],[[389]],[[390]],[[391]],[[392]],[[393]],[[394]],[[395]],[[396]],[[397]],[[398]],[[399]],[[400]],[[401]],[[402]],[[403]],[[404]],[[405]],[[406]],[[407]],[[408]],[[409]],[[410]],[[411]],[[412]],[[413]],[[414]],[[415]],[[416]],[[417]],[[418]],[[419]],[[420]],[[421]],[[422]],[[423]],[[424]],[[425]],[[426]],[[427]],[[428]],[[429]],[[430]],[[431]],[[432]],[[433]],[[434]],[[435]],[[436]],[[437]],[[438]],[[439]],[[440]],[[441]],[[442]],[[443]],[[444]],[[445]],[[446]],[[447]],[[448],[449]],[[450]],[[451]],[[452]],[[453]],[[454]],[[455]],[[456]]],"properties":{"id":"170913","name":"Argyll and Bute","slug":"argyll-and-bute"}},{"type":"MultiPolygon","arcs":[[[457]],[[458,459,460,461,462,463,464]]],"properties":{"id":"170927","name":"Ayr","slug":"ayr"}},{"type":"MultiPolygon","arcs":[[[-51,465,-91,466,-89,467,468,469,470,471,472,473,474,475],[476]],[[477]]],"properties":{"id":"170934","name":"Banffshire and Buchan Coast","slug":"banffshire-and-buchan-coast"}},{"type":"Polygon","arcs":[[478,-128,-110,479,-108,480,481,482,483,484,485,486,487,488,489,490,491,492,493,494,495,496,497,498,499,500,-117,501,-130]],"properties":{"id":"170921","name":"Bathgate","slug":"bathgate"}},{"type":"MultiPolygon","arcs":[[[502,503,504,505,506,507,508,509,510,511,512,513,514,515,516,517,518,519,520,521],[522],[523],[524],[525],[526],[527],[528],[529],[530],[531],[532],[533],[534]],[[535]],[[536]],[[537]],[[538]],[[539]],[[540]],[[541]],[[542]],[[543]],[[544]],[[545]],[[546]],[[547]],[[548]],[[549]],[[550]],[[551]],[[552]],[[553]],[[554]],[[555]],[[556]],[[557]],[[558]],[[559]],[[560]],[[561]],[[562]],[[563]],[[564]],[[565]],[[566]],[[567]],[[568]],[[569]],[[570]],[[571]],[[572]],[[573]],[[574]],[[575]],[[576]],[[577]],[[578]],[[579]],[[580]],[[581]],[[582]],[[583]],[[584]],[[585]],[[586]],[[587]],[[588]],[[589]],[[590]],[[591]],[[592]],[[593]],[[594]],[[595]],[[596]],[[597]],[[598]],[[599]],[[600]],[[601]],[[602]],[[603]],[[604]],[[605]],[[606]],[[607]],[[608]],[[609]],[[610]],[[611]],[[612]],[[613]],[[614]],[[615]],[[616]],[[617]],[[618]],[[619]],[[620]],[[621]],[[622]],[[623]],[[624]],[[625]],[[626]],[[627]],[[628]],[[629]],[[630]],[[631]],[[632]],[[633]],[[634]],[[635]],[[636]],[[637]],[[638]],[[639]],[[640]],[[641]],[[642]],[[643]],[[644]],[[645]],[[646]],[[647]],[[648]],[[649]],[[650]],[[651]],[[652]],[[653]],[[654]],[[655]],[[656]],[[657]],[[658]],[[659]],[[660]],[[661]],[[662]],[[663]]],"properties":{"id":"170918","name":"Caithness, Sutherland and Ross","slug":"caithness-sutherland-and-ross"}},{"type":"MultiPolygon","arcs":[[[664]],[[665]],[[-464,666,-462,667,668,669,670,671,672,673,674,675,676,677,678,679,680,681,682,683,684,685,686,687,688,689,690,691,692,693,694,695,696,697,698]]],"properties":{"id":"170928","name":"Carrick, Cumnock and Doon Valley","slug":"carrick-cumnock-and-doon-valley"}},{"type":"Polygon","arcs":[[699,700,701,702,703,704,705,706,707,708,709,710,711,712,713,714,715,716,717,718,719]],"properties":{"id":"170897","name":"Clackmannanshire and Dunblane","slug":"clackmannanshire-and-dunblane"}},{"type":"Polygon","arcs":[[720,721,722,723,724,725,726,727,728,729,730,731,732]],"properties":{"id":"170957","name":"Clydebank and Milngavie","slug":"clydebank-and-milngavie"}},{"type":"Polygon","arcs":[[733,734,735,736,737,738,739,740,741,742,743,744,-113,745,-126,746,747,748,749,750,751,752,753,754,755,756,757,758,759,760,761,762,763,764,765,-676,766,767,768,769,770,771,772,773]],"properties":{"id":"170922","name":"Clydesdale","slug":"clydesdale"}},{"type":"Polygon","arcs":[[774,775,776,777,778,779,780,-96,781]],"properties":{"id":"170943","name":"Coatbridge and Chryston","slug":"coatbridge-and-chryston"}},{"type":"MultiPolygon","arcs":[[[782]],[[783,784,785,786,787,788,789,790,791,792,793,794,795,796,797,798,799,800]]],"properties":{"id":"170924","name":"Cowdenbeath","slug":"cowdenbeath"}},{"type":"Polygon","arcs":[[-780,801,802,803,804,805,806,807,808,809,810,811,812,813,814,815,816,817,818,819,820,821,822,823,824,825,826,827,828,-99,829,830]],"properties":{"id":"170894","name":"Cumbernauld and Kilsyth","slug":"cumbernauld-and-kilsyth"}},{"type":"MultiPolygon","arcs":[[[831,832,833,834,835,836,837,838,839,840,841,842,843,844,845,846]],[[847]],[[848]],[[849]],[[850]],[[851]],[[852]],[[853]],[[854]]],"properties":{"id":"170910","name":"Cunninghame North","slug":"cunninghame-north"}},{"type":"Polygon","arcs":[[855,856,857,858,859,860,861,862,863,864,865,866,867,868,-460,869,-846,870,-844,871,872,873]],"properties":{"id":"170941","name":"Cunninghame South","slug":"cunninghame-south"}},{"type":"Polygon","arcs":[[874,875,876,877,878,879,-193,880,-191,881,882,883,884,885,886,887,888,889,890,891,-733]],"properties":{"id":"170933","name":"Dumbarton","slug":"dumbarton"}},{"type":"Polygon","arcs":[[892,893,894,895,896,897,898,-680,899,-678,900,-765,901,902,903,-761,904,-759,905,-757,906,907,908,909,910,911,912,913,914,915,916,917,918,919,920,921,922,923,924,925,926,927,928,929,930]],"properties":{"id":"170942","name":"Dumfriesshire","slug":"dumfriesshire"}},{"type":"Polygon","arcs":[[931,932,-150,933]],"properties":{"id":"170902","name":"Dundee City East","slug":"dundee-city-east"}},{"type":"Polygon","arcs":[[934,-932,935,936,937,-152]],"properties":{"id":"170901","name":"Dundee City West","slug":"dundee-city-west"}},{"type":"Polygon","arcs":[[-790,938,-788,939,-786,940,-714,941,-712,942,943,944,945]],"properties":{"id":"170896","name":"Dunfermline","slug":"dunfermline"}},{"type":"Polygon","arcs":[[946,947,948,949,950,951,952,953,954,955,-734,956,957,958,959,960,961,962,963,964]],"properties":{"id":"170890","name":"East Kilbride","slug":"east-kilbride"}},{"type":"MultiPolygon","arcs":[[[965,966,967,968,969,970,971,972,973,974,975,976,977,978,979,980,981]],[[982]],[[983]],[[984]],[[985]]],"properties":{"id":"170907","name":"East Lothian Coast and Lammermuirs","slug":"east-lothian-coast-and-lammermuirs"}},{"type":"Polygon","arcs":[[986,987,988,989,990,-963,991,-961,992,-959,993,-772,994,995,996,997,998,999,-861,1000,1001,-858,1002,1003,1004,1005,1006,1007,1008,1009,1010]],"properties":{"id":"170953","name":"Eastwood","slug":"eastwood"}},{"type":"Polygon","arcs":[[1011,1012,1013,1014,1015,1016,1017,1018,1019,1020,1021]],"properties":{"id":"170950","name":"Edinburgh Central","slug":"edinburgh-central"}},{"type":"Polygon","arcs":[[1022,1023,1024,1025,1026,1027,1028,1029,1030,1031,1032,-968,1033,-966,1034]],"properties":{"id":"170932","name":"Edinburgh Eastern, Musselburgh and Tranent","slug":"edinburgh-eastern-musselburgh-and-tranent"}},{"type":"Polygon","arcs":[[-1018,1035,1036,1037,-1032,1038,1039]],"properties":{"id":"170951","name":"Edinburgh North Eastern and Leith","slug":"edinburgh-north-eastern-and-leith"}},{"type":"MultiPolygon","arcs":[[[1040]],[[1041,1042,-119,-500,1043,-498,1044,1045,1046,1047,1048,1049,1050,-1013,1051,1052,1053]],[[1054]]],"properties":{"id":"170931","name":"Edinburgh North Western","slug":"edinburgh-north-western"}},{"type":"Polygon","arcs":[[-1047,1055,-1037,1056,1057,-1015,1058,-1050,1059,1060]],"properties":{"id":"170949","name":"Edinburgh Northern","slug":"edinburgh-northern"}},{"type":"Polygon","arcs":[[1061,1062,1063,1064,1065,1066,-121,1067,-1042,1068,-1053,1069,-1022,1070,1071]],"properties":{"id":"170947","name":"Edinburgh South Western","slug":"edinburgh-south-western"}},{"type":"Polygon","arcs":[[-1028,1072,-1026,1073,1074,1075,1076,-1062,1077,1078,-1020,1079,1080,-1030,1081]],"properties":{"id":"170948","name":"Edinburgh Southern","slug":"edinburgh-southern"}},{"type":"Polygon","arcs":[[1082,1083,-975,1084,-973,1085,1086,-970,1087,-923,1088,-921,1089,-919,1090,1091,-916,1092,-914,1093,-912,1094,-910,1095,1096,1097,1098,1099,1100,1101,1102,1103,1104]],"properties":{"id":"170904","name":"Ettrick, Roxburgh and Berwickshire","slug":"ettrick-roxburgh-and-berwickshire"}},{"type":"Polygon","arcs":[[1105,1106,1107,1108,1109,1110,1111,1112,-716,1113,1114,-494,1115,-492,1116,-490,1117,-488,1118,-486,1119,-484,1120,-482,1121,1122,-105,1123,-103,1124,-826,1125,-824,1126,1127],[1128]],"properties":{"id":"170956","name":"Falkirk East and Linlithgow","slug":"falkirk-east-and-linlithgow"}},{"type":"Polygon","arcs":[[1129,-822,1130,-820,1131,1132,1133,1134,-1128]],"properties":{"id":"170946","name":"Falkirk West","slug":"falkirk-west"}},{"type":"MultiPolygon","arcs":[[[1135]],[[1136,1137,1138,1139,1140,1141,1142,1143]]],"properties":{"id":"170940","name":"Fife North East","slug":"fife-north-east"}},{"type":"MultiPolygon","arcs":[[[-697,1144,-695,1145,-693,1146,-691,1147,-689,1148,1149,-686,1150,-684,1151,1152,-897,1153,-895,1154,1155,-931,1156,-929,1157,-927,1158,-925,1159]],[[1160]]],"properties":{"id":"170906","name":"Galloway and West Dumfries","slug":"galloway-and-west-dumfries"}},{"type":"Polygon","arcs":[[-729,1161,-727,1162,1163,1164,1165,1166,1167,1168,1169,1170,1171]],"properties":{"id":"170893","name":"Glasgow Anniesland","slug":"glasgow-anniesland"}},{"type":"Polygon","arcs":[[1172,1173,1174,1175,1176,1177,1178,1179,1180,1181,1182,1183,1184,1185,-775]],"properties":{"id":"170939","name":"Glasgow Baillieston and Shettleston","slug":"glasgow-baillieston-and-shettleston"}},{"type":"Polygon","arcs":[[1186,1187,1188,-965,1189,1190,-989,1191,-987,1192,-1010,1193,1194,1195,1196,1197,1198,1199,1200,1201,1202,1203]],"properties":{"id":"170954","name":"Glasgow Cathcart and Pollok","slug":"glasgow-cathcart-and-pollok"}},{"type":"Polygon","arcs":[[1204,1205,1206,1207,1208,1209,1210,-1179,1211,1212,1213,1214,1215,1216,1217]],"properties":{"id":"170938","name":"Glasgow Central","slug":"glasgow-central"}},{"type":"Polygon","arcs":[[1218,1219,1220,1221,-777,1222,-1185,1223,1224,-1182,1225,1226,-1210,1227]],"properties":{"id":"170936","name":"Glasgow Easterhouse and Springburn","slug":"glasgow-easterhouse-and-springburn"}},{"type":"Polygon","arcs":[[-1170,1228,-1168,1229,1230,1231,1232,1233,1234,1235,-1219,1236,-1208,1237]],"properties":{"id":"170937","name":"Glasgow Kelvin and Maryhill","slug":"glasgow-kelvin-and-maryhill"}},{"type":"Polygon","arcs":[[-1217,1238,1239,1240,1241,-1203,1242,1243,1244,1245]],"properties":{"id":"170958","name":"Glasgow Southside","slug":"glasgow-southside"}},{"type":"Polygon","arcs":[[1246,1247,1248,1249,1250,1251,1252,1253,1254,-742,1255,-740,1256,-738,1257,-736,1258,-955,1259,-953,1260,1261]],"properties":{"id":"170945","name":"Hamilton, Larkhall and Stonehouse","slug":"hamilton-larkhall-and-stonehouse"}},{"type":"Polygon","arcs":[[-878,1262,1263,1264,1265,1266,1267,1268,-837,1269,-835,1270,-833,1271,1272]],"properties":{"id":"170905","name":"Inverclyde","slug":"inverclyde"}},{"type":"Polygon","arcs":[[1273,1274,1275,1276]],"properties":{"id":"170895","name":"Inverness and Nairn","slug":"inverness-and-nairn"}},{"type":"Polygon","arcs":[[-999,1277,-997,1278,1279,-770,1280,-768,1281,-674,1282,-672,1283,-670,1284,-867,1285,-865,1286,1287,1288]],"properties":{"id":"170929","name":"Kilmarnock and Irvine Valley","slug":"kilmarnock-and-irvine-valley"}},{"type":"MultiPolygon","arcs":[[[1289]],[[-800,1290,1291,1292,-784,1293]]],"properties":{"id":"170926","name":"Kirkcaldy","slug":"kirkcaldy"}},{"type":"Polygon","arcs":[[1294,-1142,1295,-1292,1296,-798,1297,1298,-795,1299,1300,1301,1302,-1138,1303,-1144]],"properties":{"id":"170930","name":"Mid Fife and Glenrothes","slug":"mid-fife-and-glenrothes"}},{"type":"Polygon","arcs":[[-1064,1304,-1076,1305,1306,1307,-1023,1308,-981,1309,1310]],"properties":{"id":"170955","name":"Midlothian North","slug":"midlothian-north"}},{"type":"Polygon","arcs":[[-1311,1311,-979,1312,-977,1313,-1083,1314,1315,-1103,1316,-1101,1317,-1099,1318,-1097,1319,-908,1320,-755,1321,-753,1322,-751,1323,-749,1324,1325,-124,1326,-1065]],"properties":{"id":"170952","name":"Midlothian South, Tweeddale and Lauderdale","slug":"midlothian-south-tweeddale-and-lauderdale"}},{"type":"Polygon","arcs":[[1327,1328,-471,1329,-469,1330,-87,1331,-85,1332,1333,1334,1335,1336,1337,1338,1339,1340,1341,1342,-1275,1343,-475,1344]],"properties":{"id":"170911","name":"Moray","slug":"moray"}},{"type":"Polygon","arcs":[[-115,1345,-744,1346,1347,-1253,1348,-1251,1349,1350,1351,1352,1353]],"properties":{"id":"170889","name":"Motherwell and Wishaw","slug":"motherwell-and-wishaw"}},{"type":"MultiPolygon","arcs":[[[1354]],[[1355]],[[1356]],[[1357,1358],[1359],[1360,1361],[1362],[1363],[1364]],[[1365]],[[1366]],[[1367]],[[1368]],[[1369]],[[1370]],[[1371]],[[1372]],[[1373]],[[1374]],[[1375]],[[1376]],[[1377]],[[1378]],[[1379]],[[1380]],[[1381]],[[1382]],[[1383]],[[1384]],[[1385]],[[1386]],[[1387]],[[1388]],[[1389]],[[1390]],[[1391]],[[1392]],[[1393]],[[1394]],[[1395]],[[1396]],[[1397]],[[1398]],[[1399]],[[1400]],[[1401]],[[1402]],[[1403]],[[1404]],[[1405]],[[1406]],[[1407]],[[1408]],[[1409]],[[1410]],[[1411]],[[1412]],[[1413]],[[1414]],[[1415]],[[1416]],[[1417]],[[1418]],[[1419]],[[1420]],[[1421]],[[1422]],[[1423]],[[1424]],[[1425]],[[1426]],[[1427]],[[1428]],[[1429]],[[1430]],[[1431]],[[1432]],[[1433]],[[1434]],[[1435]],[[1436]],[[1437]],[[1438]],[[1439]],[[1440]],[[1441]],[[1442]],[[1443]],[[1444]],[[1445]],[[1446]],[[1447]],[[1448]],[[1449]],[[1450]],[[1451]],[[1452]],[[1453]],[[1454]],[[1455]],[[1456]],[[1457]],[[1458]],[[1459]],[[1460]],[[1461]],[[1462]],[[1463]],[[1464]],[[1465]],[[1466]],[[1467]],[[1468]],[[1469]],[[1470]],[[1471]],[[1472]],[[1473]],[[1474]],[[1475]],[[1476]],[[1477]],[[1478]],[[1479]],[[1480]],[[1481]],[[1482]],[[1483]],[[1484]],[[1485]],[[1486]],[[1487]],[[1488]],[[1489]],[[1490]],[[1491]],[[1492]],[[1493]],[[1494]],[[1495]],[[1496]],[[1497]],[[1498]],[[1499]],[[1500]],[[1501,1502,1503,1504,1505,1506,1507,1508,1509,1510,1511],[1512],[1513],[1514],[1515],[1516],[1517],[1518],[1519],[1520],[1521],[1522],[1523],[1524],[1525],[1526],[1527],[1528],[1529],[1530],[1531],[1532],[1533],[1534],[1535]],[[1536]],[[1537]],[[1538]],[[1539]],[[1540]],[[1541]],[[1542]],[[1543]],[[1544]],[[1545]],[[1546]],[[1547]],[[1548]],[[1549]],[[1550]],[[1551]],[[1552]],[[1553]],[[1554]],[[1555]],[[1556]],[[1557]],[[1558]],[[1559]],[[1560]],[[1561]],[[1562]],[[1563]],[[1564]],[[1565]],[[1566]],[[1567]],[[1568]],[[1569]],[[1570]],[[1571]],[[1572]],[[1573]],[[1574]],[[1575]],[[1576]],[[1577]],[[1578]],[[1579]],[[1580]],[[1581]],[[1582]],[[1583]],[[1584]],[[1585]],[[1586]],[[1587]],[[1588]],[[1589]],[[1590]],[[1591]],[[1592]],[[1593]],[[1594]],[[1595]],[[1596]],[[1597]],[[1598]],[[1599]],[[1600]],[[1601]],[[1602]],[[1603]],[[1604]],[[1605]],[[1606]],[[1607]],[[1608]],[[1609]],[[1610]],[[1611]],[[1612,1613]],[[1614]],[[1615]],[[1616]],[[1617]],[[1618]],[[1619]],[[1620]],[[1621]],[[1622]],[[1623]],[[1624]],[[1625]],[[1626]],[[1627]],[[1628]],[[1629]],[[1630]],[[1631]],[[1632]],[[1633]],[[1634]],[[1635]],[[1636]],[[1637]],[[1638]],[[1639]],[[1640]],[[1641]],[[1642]],[[1643]],[[1644]],[[1645]],[[1646]],[[1647]],[[1648]],[[1649]],[[1650]],[[1651]],[[1652]],[[1653]],[[1654]],[[1655]],[[1656]],[[1657]],[[1658]],[[1659]],[[1660]],[[1661]],[[1662]],[[1663]],[[1664]],[[1665]],[[1666]],[[1667]],[[1668]],[[1669]],[[1670,1671]],[[1672]],[[1673]],[[1674]],[[1675]],[[1676]],[[1677]],[[1678]],[[1679]],[[1680]],[[1681]],[[1682]],[[1683]],[[1684]],[[1685]],[[1686]],[[1687]],[[1688]],[[1689]],[[1690]],[[1691]],[[1692]],[[1693]],[[1694]],[[1695]],[[1696]],[[1697]],[[1698]],[[1699]],[[1700]],[[1701]],[[1702]],[[1703]],[[1704]],[[1705]],[[1706]],[[1707]],[[1708]],[[1709]],[[1710]],[[1711]],[[1712]],[[1713]],[[1714]],[[1715]],[[1716]],[[1717]],[[1718]],[[1719]],[[1720]],[[1721]],[[1722]],[[1723]],[[1724]],[[1725]],[[1726]],[[1727]],[[1728]],[[1729]],[[1730]],[[1731]],[[1732]],[[1733]],[[1734]],[[1735]],[[1736]],[[1737]],[[1738]],[[1739]],[[1740]],[[1741]],[[1742]],[[1743]],[[1744]],[[1745]],[[1746]],[[1747]],[[1748]],[[1749]],[[1750]],[[1751]],[[1752]],[[1753]],[[1754]],[[1755]],[[1756]],[[1757]],[[1758]],[[1759]],[[1760]],[[1761]],[[1762,1763]],[[1764]],[[1765]],[[1766]],[[1767]],[[1768]],[[1769]],[[1770]],[[1771]],[[1772]],[[1773]],[[1774]],[[1775]],[[1776]],[[1777]],[[1778]],[[1779]],[[1780]],[[1781]],[[1782]],[[1783]],[[1784]],[[1785]],[[1786]],[[1787]],[[1788]],[[1789]],[[1790]],[[1791]],[[1792]],[[1793]],[[1794]],[[1795]],[[1796]],[[1797]],[[1798]],[[1799]],[[1800]],[[1801]],[[1802]],[[1803]],[[1804]],[[1805]],[[1806]],[[1807]],[[1808]],[[1809]],[[1810]],[[1811]],[[1812]],[[1813]],[[1814]],[[1815]],[[1816]],[[1817]],[[1818]],[[1819]],[[1820]],[[1821]],[[1822]],[[1823]],[[1824]],[[1825]]],"properties":{"id":"170916","name":"Na h-Eileanan an Iar","slug":"na-h-eileanan-an-iar"}},{"type":"MultiPolygon","arcs":[[[1826]],[[1827],[1828]],[[1829]],[[1830]],[[1831]],[[1832]],[[1833]],[[1834]],[[1835]],[[1836]],[[1837]],[[1838]],[[1839]],[[1840]],[[1841]],[[1842]],[[1843]],[[1844]],[[1845]],[[1846]],[[1847],[1848],[1849]],[[1850]],[[1851]],[[1852]],[[1853]],[[1854]],[[1855]],[[1856]],[[1857]],[[1858]],[[1859]],[[1860]],[[1861]],[[1862]],[[1863]],[[1864]],[[1865]],[[1866]],[[1867]],[[1868]],[[1869]],[[1870]],[[1871]],[[1872]],[[1873]],[[1874]],[[1875]],[[1876]],[[1877]],[[1878]],[[1879]],[[1880]],[[1881]],[[1882]],[[1883]],[[1884]],[[1885]],[[1886]],[[1887]],[[1888]],[[1889]],[[1890]],[[1891]],[[1892]],[[1893]],[[1894]],[[1895]],[[1896]],[[1897]],[[1898]],[[1899]],[[1900]],[[1901]],[[1902]],[[1903]],[[1904]]],"properties":{"id":"170914","name":"Orkney Islands","slug":"orkney-islands"}},{"type":"Polygon","arcs":[[1905,-1198,1906,1907,1908,1909,1910]],"properties":{"id":"170892","name":"Paisley","slug":"paisley"}},{"type":"MultiPolygon","arcs":[[[1911,1912,1913,1914,1915,1916,1917,1918,1919,1920,1921,1922,1923,1924,1925,1926,1927,1928,1929,1930,1931,1932,1933,1934,1935,1936,1937,1938,1939,1940,1941,-185,1942,-183,1943,-181,1944,1945,1946,1947,1948,1949,1950,1951,1952,1953,1954,1955,1956,1957,1958,1959,1960,1961,1962,1963,1964,1965,-82,1966,-158,1967,-156,1968,-154,1969,-937,1970,1971]],[[1972]]],"properties":{"id":"170959","name":"Perthshire North","slug":"perthshire-north"}},{"type":"Polygon","arcs":[[-1916,1973,-1914,1974,-1912,1975,-1140,1976,-1302,1977,1978,-793,1979,-944,1980,-710,1981,-708,1982,-706,1983,1984,1985,-702,1986,-700,1987,1988,1989,1990,1991,-1924,1992,-1922,1993,-1920,1994,-1918,1995]],"properties":{"id":"170923","name":"Perthshire South and Kinross-shire","slug":"perthshire-south-and-kinross-shire"}},{"type":"Polygon","arcs":[[1996,1997,1998,1999,2000,-1264,2001,-876,2002,-731,2003,-1205,2004,-1245,2005,-1200,2006,-1911]],"properties":{"id":"170960","name":"Renfrewshire North and Cardonald","slug":"renfrewshire-north-and-cardonald"}},{"type":"Polygon","arcs":[[-2000,2007,-1998,2008,-1909,2009,2010,-1196,2011,2012,-1008,2013,-1006,2014,-1004,2015,-856,2016,-873,2017,-842,2018,-840,2019,2020,-1268,2021,-1266,2022]],"properties":{"id":"170961","name":"Renfrewshire West and Levern Valley","slug":"renfrewshire-west-and-levern-valley"}},{"type":"Polygon","arcs":[[-1262,2023,-951,2024,2025,-948,2026,-1188,2027,-1240,2028,-1215,2029,-1213,2030,-1177,2031,2032,2033]],"properties":{"id":"170891","name":"Rutherglen and Cambuslang","slug":"rutherglen-and-cambuslang"}},{"type":"MultiPolygon","arcs":[[[2034]],[[2035]],[[2036]],[[2037]],[[2038]],[[2039]],[[2040]],[[2041]],[[2042]],[[2043]],[[2044]],[[2045]],[[2046]],[[2047]],[[2048]],[[2049]],[[2050]],[[2051]],[[2052]],[[2053]],[[2054]],[[2055]],[[2056]],[[2057]],[[2058]],[[2059]],[[2060]],[[2061]],[[2062]],[[2063]],[[2064]],[[2065]],[[2066]],[[2067]],[[2068]],[[2069]],[[2070]],[[2071]],[[2072]],[[2073]],[[2074]],[[2075]],[[2076]],[[2077]],[[2078]],[[2079]],[[2080]],[[2081]],[[2082,2083,2084],[2085],[2086],[2087]],[[2088]],[[2089]],[[2090]],[[2091]],[[2092]],[[2093]],[[2094]],[[2095]],[[2096]],[[2097]],[[2098]],[[2099]],[[2100]],[[2101]],[[2102]],[[2103]],[[2104]],[[2105]],[[2106]],[[2107]],[[2108]],[[2109]],[[2110]],[[2111]],[[2112]],[[2113]],[[2114]],[[2115]],[[2116]],[[2117]],[[2118]],[[2119]],[[2120]],[[2121]],[[2122]],[[2123]],[[2124]],[[2125]],[[2126]],[[2127]],[[2128]],[[2129]],[[2130]],[[2131]],[[2132]],[[2133]],[[2134]],[[2135]],[[2136]],[[2137]],[[2138]],[[2139]],[[2140]],[[2141]],[[2142]],[[2143]],[[2144]],[[2145]],[[2146]],[[2147]],[[2148]],[[2149]],[[2150]],[[2151]],[[2152]],[[2153]],[[2154]],[[2155]],[[2156]],[[2157]],[[2158]],[[2159]],[[2160]],[[2161]],[[2162]],[[2163]],[[2164]],[[2165]],[[2166]],[[2167]],[[2168]],[[2169]],[[2170]],[[2171]],[[2172]],[[2173]],[[2174]],[[2175]],[[2176]],[[2177]],[[2178]],[[2179]],[[2180]],[[2181]],[[2182]],[[2183]],[[2184]],[[2185]],[[2186]],[[2187]],[[2188]],[[2189]],[[2190]],[[2191]],[[2192]],[[2193]],[[2194]],[[2195]],[[2196]],[[2197]],[[2198]],[[2199]],[[2200]],[[2201]],[[2202]],[[2203]],[[2204]],[[2205]],[[2206]],[[2207]]],"properties":{"id":"170909","name":"Shetland Islands","slug":"shetland-islands"}},{"type":"MultiPolygon","arcs":[[[2208,2209,-521,2210,-519,2211,-517,2212,-515,2213,2214,2215,2216,-510,2217,-508,2218,-506,2219,2220,2221,-1277,-1342,2222,-1340,2223,-1338,2224,-1336,2225,-1334,2226,-83,-1966,2227,-1964,2228,-1962,2229,-1960,2230,2231,-1957,2232,-1955,2233,-1953,2234,2235,2236,-1949,2237,-1947,2238,2239,-179,2240,-177,2241,-175,2242,-173,2243,-171,2244,-169,2245,-167,2246,-165,2247,-202,2248,-200,2249,-206,2250,-204,2251,2252,2253],[2254],[2255],[2256],[2257],[2258]],[[2259]],[[2260]],[[2261]],[[2262]],[[2263]],[[2264]],[[2265]],[[2266]],[[2267]],[[2268]],[[2269]],[[2270]],[[2271]],[[2272]],[[2273]],[[2274]],[[2275]],[[2276]],[[2277]],[[2278]],[[2279]],[[2280]],[[2281]],[[2282]],[[2283]],[[2284]],[[2285]],[[2286]],[[2287]],[[2288]],[[2289]],[[2290]],[[2291]],[[2292]],[[2293]],[[2294]],[[2295]],[[2296]],[[2297]],[[2298]],[[2299]],[[2300]],[[2301]],[[2302]],[[2303]],[[2304]],[[2305]],[[2306]],[[2307]],[[2308]],[[2309]],[[2310]],[[2311]],[[2312]],[[2313]],[[2314]],[[2315]],[[2316]],[[2317]],[[2318]],[[2319]],[[2320]],[[2321]],[[2322]],[[2323]],[[2324]],[[2325]],[[2326]],[[2327]],[[2328]],[[2329]],[[2330]],[[2331]],[[2332]],[[2333]],[[2334]],[[2335]],[[2336]],[[2337]],[[2338]],[[2339]],[[2340]],[[2341]],[[2342]],[[2343]],[[2344]],[[2345]],[[2346]],[[2347]],[[2348]],[[2349]],[[2350]],[[2351]],[[2352]],[[2353]],[[2354]],[[2355]],[[2356]],[[2357]],[[2358]],[[2359]],[[2360]],[[2361]],[[2362]],[[2363]],[[2364]],[[2365]],[[2366]],[[2367]],[[2368]],[[2369]]],"properties":{"id":"170917","name":"Skye, Lochaber and Badenoch","slug":"skye-lochaber-and-badenoch"}},{"type":"Polygon","arcs":[[-1929,2370,-1927,2371,-1990,2372,-1988,-720,2373,2374,2375,2376,-1111,2377,-1109,2378,2379,2380,-1134,2381,2382,-816,2383,-814,2384,2385,2386,2387,2388,2389,2390,2391,2392,2393,-722,2394,-891,2395,-889,2396,-887,2397,2398,-884,2399,2400,-189,2401,-187,2402,-1941,2403,-1939,2404,-1937,2405,-1935,2406,-1933,2407,-1931,2408]],"properties":{"id":"170925","name":"Stirling","slug":"stirling"}},{"type":"Polygon","arcs":[[-808,2409,2410,-805,2411,-803,2412,-778,2413,-1221,2414,-1235,2415,-1233,2416,-1231,2417,2418,-1165,2419,-724,2420,2421,-2392,2422,-2390,2423,-2388,2424,-2386,2425,-812,2426,-810,2427]],"properties":{"id":"170919","name":"Strathkelvin and Bearsden","slug":"strathkelvin-and-bearsden"}},{"type":"Polygon","arcs":[[-94,-1354,2428,-1352,2429,-1248,2430,-2033,2431,-1175,2432,-1173,2433]],"properties":{"id":"170944","name":"Uddingston and Bellshill","slug":"uddingston-and-bellshill"}}]}},"arcs":[[[8220,4078],[2,1]],[[8222,4079],[-2,2],[2,2],[6,-4]],[[8228,4079],[20,6],[8,-9],[3,2],[-4,5],[1,2],[9,1],[7,-5],[13,0]],[[8285,4081],[10,6],[40,-1],[-4,-10],[-1,-22],[23,-7],[15,-14]],[[8368,4033],[-51,0],[-21,-7]],[[8296,4026],[-19,-1],[-6,-4],[-3,-13],[-8,-2],[-12,0]],[[8248,4006],[-9,-8],[-3,1]],[[8236,3999],[-2,7],[-20,15],[-4,6],[-5,2],[-3,4]],[[8202,4033],[-1,17],[7,8]],[[8208,4058],[22,0],[17,8]],[[8247,4066],[-8,8],[-19,4]],[[8258,3899],[2,-1],[-3,0],[1,1]],[[8203,4039],[-1,-6]],[[8236,3999],[4,-2],[8,9]],[[8248,4006],[14,0],[7,3],[1,10],[4,5],[22,2]],[[8368,4033],[2,-15],[-2,-17],[-27,-34],[-43,0],[-1,-6],[2,1],[-1,-4],[4,-1],[-5,-4],[-4,1],[0,-4],[-2,2],[-5,-4],[3,-1],[-3,-1],[3,-3],[-1,-2],[-10,-6],[3,-1],[-1,-3],[-4,-2],[3,-1],[-10,-9],[5,-2],[-3,-7],[4,-1],[-17,-7],[2,-1],[-5,-1],[4,-4],[-2,-2],[2,-2],[-8,-1],[2,-2],[-3,-4],[-14,-8],[4,-2],[-2,-1],[2,-3],[-2,-2],[-4,0],[-7,-7],[-4,0],[3,-3],[-4,-1],[-2,-3],[2,-1],[-6,-3],[-6,1],[2,-2],[-1,-3],[-6,-1],[2,-2],[-2,-1],[0,-5],[-17,-10],[3,-1],[-3,-1],[-3,-4],[3,-6],[-8,-3],[1,-3],[-2,-2],[2,-4],[-5,-3],[0,-4]],[[8176,3797],[-11,5],[-25,2],[-12,-3],[-2,3],[-15,0],[-7,3],[-1,4],[-18,-2],[-13,8],[-15,1],[-2,-3],[-6,-1],[-4,3],[-7,-1],[-3,5]],[[8035,3821],[-10,3],[-4,7]],[[8021,3831],[0,10],[-10,3]],[[8011,3844],[0,4],[6,2],[-1,6],[13,8],[-4,4],[8,3]],[[8033,3871],[-3,5],[1,0],[-6,10],[-4,2]],[[8021,3888],[2,0],[-9,26]],[[8014,3914],[-1,6],[2,0],[-2,5],[-11,-3]],[[8002,3922],[0,3],[-6,0],[-5,4],[24,11],[9,2],[-1,1],[4,8],[9,3],[2,6],[-6,3],[0,3],[-7,-2],[-3,3],[-14,2],[-8,-4],[-27,-2],[-8,2],[-9,6],[-21,4],[0,4],[12,15],[1,16],[-4,3],[3,5],[23,-6],[12,-10],[25,-4],[0,4],[10,4]],[[8017,4006],[15,4],[7,-3],[4,1],[1,4]],[[8044,4012],[-4,5],[0,5],[6,10]],[[8046,4032],[7,2]],[[8053,4034],[4,3],[84,-4]],[[8141,4033],[9,3],[-1,1],[14,2],[10,-6],[6,3],[0,3]],[[8179,4039],[24,0]],[[8141,4033],[-61,4],[-26,-1],[17,21]],[[8071,4057],[-11,17],[-7,4]],[[8053,4078],[-5,-1],[-2,7],[0,6],[-10,9],[-6,2],[-12,16],[7,7],[13,-1],[1,5],[-4,4],[5,7],[0,3],[-7,2],[3,4],[-1,3],[4,2],[-2,8],[2,1],[-1,5],[7,3],[0,4],[-2,2]],[[8043,4176],[12,-3],[2,-5]],[[8057,4168],[3,-1],[9,3],[3,4],[14,4],[5,-3],[1,-7],[8,3],[4,-4],[4,3],[16,-2],[8,4],[1,-10],[3,-4],[28,-12],[0,-4],[6,-4],[4,3],[6,-2],[2,3],[6,2],[22,-5],[8,6],[-1,3],[8,2],[4,15],[42,-8],[10,-5],[14,-1],[8,-6],[7,-1],[2,-4],[4,0]],[[8316,4140],[-9,-21],[0,-2],[2,2],[-2,-5],[0,2],[-3,-3],[-3,-10],[2,-1],[-2,-7],[-3,-1],[1,-8],[-5,1],[-9,-6]],[[8228,4079],[-7,3],[-1,-3],[2,0]],[[8220,4078],[17,-3],[10,-9]],[[8208,4058],[-7,-7],[2,-12]],[[8203,4039],[-18,-1],[-6,1]],[[8636,4538],[4,-9],[5,-2],[-1,-2],[3,0],[0,-4],[-3,0],[2,-3],[-10,-3],[1,-3],[-4,-1],[2,-1],[-4,-6],[-5,-3],[-1,2],[-7,-4],[5,-1],[-5,-4],[6,0],[-4,-1],[4,-1],[-2,-3],[1,0],[-1,-1],[-2,-1],[3,-1],[-7,-2],[0,-1],[-4,-5],[-5,-1],[1,-2],[-4,-4],[2,0],[-5,-2],[7,0],[-10,-4],[0,-5],[-5,-2],[-14,2],[-9,-6],[-3,-10],[1,-4],[3,-1],[-2,0],[-1,-2],[1,-1],[-3,-2],[3,-3],[-3,0],[2,-1],[-2,-1],[6,-2],[-4,-3],[0,-2],[-7,2],[-5,-4],[1,-2],[-4,0],[-4,-4],[-1,-4],[-14,-7],[2,0],[-2,-3],[-9,-1],[-10,-9],[-11,-4],[0,-2],[-4,-2],[3,-2],[-1,-3],[-7,-1],[-2,-5],[-5,-1],[2,-3],[-5,-3],[4,-1],[-13,-5],[-5,-7],[-4,1],[-2,-7],[-17,-9],[2,-4],[-20,-9],[-14,-21],[0,2],[-2,-4],[2,0],[-2,-2],[2,0],[-4,-9],[-7,-2],[-6,-5],[-11,-16],[0,-4],[-3,0],[-16,-23],[-25,-44],[2,0],[-6,-7],[-2,1],[0,-4],[-4,-4],[2,0],[-1,-3],[-3,-1],[-2,-7],[-6,-7],[-8,-23]],[[8057,4168],[-1,5],[-12,4],[-11,-1],[-4,-7]],[[8029,4169],[-14,1],[-5,4],[0,-3],[-2,-2],[-15,-4],[-4,2],[-2,4],[-10,-1],[0,9],[-10,3],[2,2],[-1,6],[-14,7],[-3,6],[-2,7],[-4,5],[-2,0],[-4,-4],[-5,2]],[[7934,4213],[1,21]],[[7935,4234],[-5,1],[0,-9],[-6,2],[-2,-2],[0,4],[-12,5],[0,2],[-3,2],[-10,-2],[-8,-7],[-15,8],[-17,-5],[-9,-7],[-20,0],[-3,8],[7,3],[-3,3],[2,1],[-5,3],[1,0],[-8,10],[6,-1],[3,4],[10,0],[-1,4],[19,2],[-6,8],[9,0],[-1,3],[5,7],[8,2],[17,-4],[2,1],[0,-3],[12,0],[2,-3],[10,3],[-14,9],[6,12],[2,7],[-1,5]],[[7907,4310],[6,3],[-1,3]],[[7912,4316],[-10,11],[-37,-1],[-10,10],[-12,8],[-5,-8],[-7,-5],[-8,15],[-2,6],[3,0],[-2,4],[-2,3],[-4,0],[-1,4],[3,5],[-1,4],[11,11],[1,8],[2,1],[0,6],[5,5],[-4,6],[-1,5],[-19,6],[-3,-2],[-30,3],[2,-6],[-14,3],[-17,15],[6,1],[6,12],[0,5],[-44,-6],[-6,2],[-11,10],[-45,15],[-8,6],[-4,8],[15,14],[8,3],[-17,9],[5,8],[10,8],[12,4],[9,-3],[8,1],[10,4],[-13,9],[-15,6],[0,3],[-6,0],[-2,6],[-7,4],[0,3],[-11,-2],[-29,8],[-18,-1],[0,4],[2,0],[-2,5]],[[7603,4579],[-16,7],[4,8],[5,4]],[[7596,4598],[-8,4],[2,10],[-2,-1],[-10,5],[-8,0],[-1,5],[-7,3],[-12,-1],[-19,4]],[[7531,4627],[0,4],[1,5]],[[7532,4636],[13,3],[14,10],[12,1],[9,-9],[10,-2],[7,-14],[8,1],[18,-4],[1,5],[4,3],[25,9],[11,-1],[10,-7],[19,-4],[2,6],[-5,5],[1,12],[10,3],[4,6],[5,2],[8,1],[13,-4],[23,5],[11,-1],[23,7],[-12,11],[-6,3],[5,2],[-19,6],[1,5],[7,6],[4,-1],[2,3],[1,-3],[6,0],[8,8],[22,5],[4,5],[5,15],[3,2],[15,-2],[15,3],[27,2],[13,-1],[3,-3],[21,8],[12,-2],[11,4],[15,-6],[4,-4],[15,-1],[12,-7],[11,-1],[14,-13],[22,-6],[7,1],[11,27],[9,5],[26,0],[11,3],[3,-2],[4,-13],[6,1],[1,-8],[5,-4],[6,9],[7,4],[5,9],[19,-12],[21,-4],[7,-9],[14,-5],[7,-12],[15,-15],[64,-26],[25,-5],[7,-8],[12,-2],[26,2],[6,5],[30,6],[2,4],[20,5],[0,3],[7,1],[2,5],[3,-4],[4,-1],[14,2],[3,5],[18,-1],[12,-10],[8,-1],[1,-4],[-2,-3],[1,-5],[4,-1],[5,2],[20,-5],[5,0],[-1,2],[3,2],[9,-3],[1,4],[5,1],[-1,5],[16,1],[7,4],[5,-6],[1,-17],[17,-1],[0,-6],[4,-1],[-1,-6],[-10,-1],[-1,-5],[-7,-5],[-6,-10],[2,-5],[0,-3],[-14,-2],[0,-3],[5,-3],[-1,-4],[4,-3],[16,-23],[21,-7],[41,-8],[-2,-1],[4,-3],[9,-1]],[[7912,4316],[1,-4],[-6,-2]],[[7935,4234],[1,-9],[-2,-12]],[[8029,4169],[5,8],[12,0],[-3,-1]],[[8053,4078],[8,-5],[10,-16]],[[8071,4057],[-1,-3],[-4,-1],[-13,-19]],[[8046,4032],[-7,-13],[5,-7]],[[8044,4012],[-3,-5],[-8,3],[-16,-4]],[[8002,3922],[11,2],[1,-10]],[[8021,3888],[8,-7],[4,-10]],[[8011,3844],[-13,4]],[[7998,3848],[-22,-12],[2,-2],[-9,1],[1,-2],[-10,-4],[2,-1],[-14,-8],[1,-7],[-12,-9],[1,-6],[28,-15],[4,-4],[-21,-2],[-16,-7],[-14,2],[-13,-3],[-7,-7],[-7,3],[-25,-1],[-8,3],[-24,-14],[-15,1],[-6,3],[-8,-6],[3,-5],[-8,2],[-9,-1],[-26,9],[-16,-10],[-9,-10],[-11,-7],[-5,-11],[-9,-11],[-6,-2],[0,-11],[23,-9],[-21,-7],[-24,5],[-3,-9],[-4,-3],[-13,-1],[-12,-8],[-26,-5],[-18,-10],[-29,-26],[-18,4],[-10,-4],[-9,3],[-14,-4],[-1,5],[2,5],[-3,7]],[[7530,3637],[4,7],[-3,7]],[[7531,3651],[2,3]],[[7533,3654],[-9,10]],[[7524,3664],[-30,15]],[[7494,3679],[-10,-2],[-8,4]],[[7476,3681],[-19,36],[-8,1]],[[7449,3718],[-8,8]],[[7441,3726],[-16,9],[-10,0]],[[7415,3735],[-13,-4],[-24,2],[-19,6],[-9,0],[-11,18],[0,6],[-9,-5],[-13,-2],[-9,3],[-4,7],[-17,3],[-12,8],[-10,2],[-26,-8],[3,-10],[-8,0],[-9,-5],[-26,2],[-4,-9],[-8,-2],[-17,4],[-34,-2],[-6,4],[-10,-6],[-15,3],[-9,6],[-3,-4],[-25,-11],[-13,1],[-11,-5],[-3,2],[-17,-6],[-1,-12],[-13,-1],[-2,-7],[-4,-1],[6,-18],[-1,-3]],[[7009,3691],[-20,-21],[0,-12],[2,-6]],[[6991,3652],[-4,-7],[7,-13],[-11,-4],[-6,-7]],[[6977,3621],[-16,1],[-8,7]],[[6953,3629],[0,7],[-12,9],[-15,5],[-8,2],[-7,-2],[-2,-10],[-7,9],[-8,-3],[-16,3],[-6,5],[-26,8],[-11,6],[-30,3],[-6,3]],[[6799,3674],[-11,-3],[-3,4],[1,2]],[[6786,3677],[-8,4],[-1,3],[-7,1]],[[6770,3685],[-8,-5]],[[6762,3680],[9,-19],[-3,-7],[1,-3],[-16,-4],[-5,-8],[-9,-1],[-3,-3],[-13,-3],[-19,1],[-15,-10],[0,-4],[-6,-5],[-11,0]],[[6672,3614],[-7,-4],[1,-7]],[[6666,3603],[-4,-4],[-7,0],[-10,7]],[[6645,3606],[-14,0],[-13,8],[-7,-5],[-14,-2],[0,3],[-10,5],[-1,3],[-10,-2],[-7,-8],[-4,0],[3,-2],[-2,-6],[-9,2],[-16,-6],[-5,3],[-10,-1],[-15,4],[-3,8],[-8,1],[-1,6],[-4,2],[-10,2],[-6,-4],[-9,2],[-9,-6],[-11,14],[-10,-8],[-19,-5],[-9,11],[0,6],[8,3],[4,6],[-5,4],[-6,10],[-6,3],[-2,9],[-5,7],[1,9],[-3,1],[1,4],[-6,2],[-33,-1],[-11,-6],[-25,-1],[-4,-4],[-6,-1],[-6,2],[1,5],[-7,6],[1,3],[-12,-3],[-14,3],[-3,-10],[2,-2],[-9,-7],[-1,-8],[-16,1],[-17,-5],[1,5],[-20,3],[-4,12],[-6,9],[-10,3],[-29,-4],[-25,-12],[-9,3],[-14,17]],[[6117,3697],[3,13],[10,12],[0,9],[5,10],[20,9],[2,5],[12,4],[4,7],[-1,13],[13,10],[0,13],[-1,1],[1,14],[5,10],[-7,6],[0,9],[-6,15],[-4,4],[32,30],[-19,2],[-8,7],[-6,11],[3,4],[5,2],[3,6],[18,-1],[6,1],[5,5],[15,-1],[4,4],[3,9],[4,3]],[[6238,3943],[25,7],[3,3]],[[6266,3953],[1,-6],[12,-11],[-5,-5],[2,-3],[12,-6],[-3,-9],[5,-3],[10,0],[6,12],[-3,3],[1,5],[7,5],[2,7],[17,-4],[4,3],[8,0],[4,3],[12,-7],[8,2],[14,-4],[5,1],[1,5],[7,6],[9,4],[23,4],[1,-7],[-5,-10],[1,-4],[10,-1],[12,4],[5,9],[10,-1],[6,-4],[7,0],[5,-2],[12,3],[17,-1],[7,5],[2,6],[16,-5],[14,2],[8,-2],[9,1],[10,9],[10,4],[2,5],[11,3],[8,0],[1,-9],[7,-2],[17,4],[20,-5],[16,4],[8,5],[-2,2],[10,9],[6,-2],[18,3],[11,12],[0,8],[5,3],[2,9],[-6,6],[-11,4],[4,4],[-1,5],[-20,9],[0,6],[10,7],[-14,6],[-5,11],[-2,8],[6,10],[32,17],[8,0],[10,6],[29,2],[8,-1],[6,-5],[6,17],[11,4],[10,-6],[20,5],[3,5],[-9,8],[-2,4],[3,4],[1,7],[13,6],[-4,7],[3,7],[8,9],[7,1],[-2,5],[1,2],[8,11],[13,10],[15,-2],[10,13],[5,1],[25,-2],[23,17],[4,8],[19,-3],[2,5],[9,4],[12,-7],[7,2],[3,5],[12,4],[5,-5],[22,1],[6,-2],[0,-5],[16,-3],[13,6],[7,-7],[8,-3],[2,-9],[4,-6],[10,-3],[1,8],[35,12],[2,6],[6,0],[1,5],[13,12],[-5,17],[18,23],[10,4],[4,4],[-14,2],[-8,11],[-4,3],[-2,17],[4,5],[1,15],[-10,9],[-7,10],[5,3],[6,8],[18,7],[7,6],[-31,17],[-8,8],[0,3],[-5,5],[-11,0],[-5,8],[-12,-1],[-16,4],[7,4],[1,8],[14,12],[29,9],[28,19]],[[7177,4503],[8,1],[-3,3],[-22,4],[-20,-5]],[[7140,4506],[-8,8],[-17,-3],[-11,11],[10,7],[1,3],[-3,6],[3,4],[6,1],[13,7],[7,8],[6,9],[-3,5],[2,1],[0,4],[8,3],[4,7],[6,2],[0,9],[3,0],[9,-5],[58,2],[0,3],[-6,9],[2,6],[13,5],[29,20]],[[7272,4638],[-4,7],[5,10],[25,-5],[37,14]],[[7335,4664],[13,2],[3,-6],[4,-1],[5,-24],[9,-1],[12,-11],[15,-7],[7,3],[3,9],[7,1],[11,8],[9,1],[3,-2],[-2,-1],[-3,-10],[20,-10],[3,-6],[23,1],[8,-6],[12,16]],[[7497,4620],[17,-5],[5,10]],[[7519,4625],[-3,4],[15,1]],[[7531,4630],[0,-3]],[[7596,4598],[-6,-6],[-2,-6],[15,-7]],[[5978,1902],[-11,15],[-8,5],[-4,8]],[[5955,1930],[-24,-5],[-56,9]],[[5875,1934],[-1,6],[2,3],[-3,4],[-1,7],[1,1],[-1,6],[2,1],[-2,4],[-10,1],[-1,4],[2,1],[0,2],[-8,5],[3,4],[-3,1],[4,2],[-3,0],[0,3],[11,4],[-9,7],[-7,-2],[-4,4],[-6,1],[-1,3],[1,4],[4,2],[-4,3],[8,27],[-6,8],[13,3],[-2,10],[10,7],[-3,5],[3,2]],[[5864,2077],[0,8]],[[5864,2085],[17,-6],[7,-7]],[[5888,2072],[5,2],[4,9],[-2,3],[15,0],[2,-5],[8,3],[18,-3],[29,3]],[[5967,2084],[6,-6],[8,6]],[[5981,2084],[12,3],[3,6]],[[5996,2093],[7,1]],[[6003,2094],[20,-23],[42,-16],[10,-1],[3,-8]],[[6078,2046],[10,-4],[8,-2]],[[6096,2040],[1,3]],[[6097,2043],[11,-1],[-11,-11]],[[6097,2031],[-17,-7]],[[6080,2024],[5,-4],[-1,-2],[7,-10],[13,0],[12,-14],[9,-3],[14,7],[8,-2]],[[6147,1996],[4,7],[6,0]],[[6157,2003],[0,-6],[10,-7],[0,3],[4,4],[30,7],[13,6],[9,1],[-2,-1],[10,-5],[-2,-10],[3,-3],[-46,-13],[1,-8],[-5,-3],[8,-32]],[[6190,1936],[9,-20],[28,-20],[-34,-24],[10,-10]],[[6203,1862],[-3,-2],[-3,-7],[-20,-19],[-15,-9]],[[6162,1825],[-7,3],[-12,-3],[-18,3]],[[6125,1828],[-21,-7],[-46,-5]],[[6058,1816],[-12,8],[-7,11],[5,1],[-9,7],[-1,2],[10,8],[-2,3],[-4,0],[-4,4],[-6,-1],[0,4],[-22,2],[-3,5],[1,7],[2,1],[-13,4],[5,2],[-5,6],[5,3],[0,3],[-10,5],[-4,0],[-2,-3],[-4,4]],[[6400,2046],[10,7],[31,11],[22,2]],[[6463,2066],[3,-6],[7,0]],[[6473,2060],[26,6],[32,2],[31,8],[16,1],[11,-2]],[[6589,2075],[-7,-7],[0,-7],[-3,-2],[-1,-4],[-7,0],[1,-5],[-4,-4],[3,-5],[10,2],[16,-6]],[[6597,2037],[43,2],[-5,-4],[0,-2]],[[6635,2033],[4,-1],[2,-3],[-5,-8],[-17,-9],[4,-4],[-1,-3],[-15,-6],[11,-13],[7,1],[3,-3],[-4,0],[-7,-6],[-5,0],[-6,-7],[-3,-1],[-1,-3],[6,-5],[-5,-2],[3,-4],[-7,-9],[14,-7],[-3,-3],[9,-8]],[[6619,1929],[9,-4],[8,-13],[-5,-7]],[[6631,1905],[-20,-9]],[[6611,1896],[-7,-7],[-13,1],[-3,-5],[-9,-3],[-11,-19],[2,-5],[6,-2],[-2,-7],[-7,-2],[-4,-6],[-5,1],[-22,-10],[-2,-5]],[[6534,1827],[-14,1]],[[6520,1828],[-63,19],[-18,11],[-10,-8],[-37,22],[-5,4],[-5,14],[-25,-8],[-5,-4],[-30,2],[-18,-3],[-20,-6],[-13,-7],[-7,5],[-17,-4],[-8,-7],[-19,-4],[-16,-16],[-2,2]],[[6202,1840],[-12,3],[13,19]],[[6190,1936],[20,12],[5,1],[10,-5],[21,7],[4,-5],[22,8],[16,8],[5,0],[1,-3],[27,4],[3,-2],[27,6],[5,3],[-1,2]],[[6355,1972],[8,3],[10,-1]],[[6373,1974],[7,-5],[3,1],[9,-10],[11,8],[6,1],[4,17],[17,8],[-17,17],[4,1],[-7,6],[1,5],[-9,4],[-12,-2],[-5,7],[19,10],[-4,4]],[[6964,3621],[13,0]],[[6991,3652],[-2,4],[0,12],[20,23]],[[7415,3735],[9,1],[17,-10]],[[7449,3718],[6,1],[7,-9],[2,-8],[7,-9],[0,-4],[5,-8]],[[7494,3679],[12,-5],[18,-10]],[[7524,3664],[7,-8],[2,-2]],[[7531,3651],[3,-6],[-4,-8]],[[7998,3848],[22,-5],[1,-12]],[[8021,3831],[3,-6],[11,-4]],[[8176,3797],[-5,-3],[1,-1],[-6,-7],[1,-3],[-4,-5],[2,-4],[-2,-4],[6,-2],[-13,-4],[-1,-3],[-13,-7],[3,-2],[-12,-4],[0,-4],[6,1],[-6,-3],[6,-3],[-3,0],[3,-2],[-5,-1],[3,-1],[-1,-1],[10,0],[-6,-8],[9,-3],[-1,-3],[-5,1],[1,-2],[-5,-2],[7,-3],[-6,-3],[4,-3],[-3,-1],[3,0],[-2,-1],[2,-1],[-4,-1],[4,-1],[-3,-1],[2,0],[0,-1],[-2,1],[-2,-2],[5,-7],[-7,0],[5,-3],[0,-4],[-4,-2],[5,-1],[-1,-3],[-5,-1],[0,-6],[5,-11],[1,-6],[-3,-1],[3,-1],[-2,-3],[-1,1],[0,-2],[-6,1],[1,-5],[-3,-1],[3,-1],[-3,0],[2,-1],[0,-4],[-4,1],[0,-4],[-6,-5],[-6,0],[7,-3],[-6,-5],[-1,-3],[-3,-2],[6,-5],[-9,-12],[-5,-3],[2,-2],[-5,-5],[2,-1],[-5,-1],[-1,-5],[-4,-1],[1,-4],[-4,0],[-1,-4],[-8,0],[-2,-5],[-7,-4],[-6,-7],[1,-3],[-7,-5],[-19,-5],[0,-2],[3,-1],[-1,-7],[2,2],[-2,-3],[2,-1],[-6,-6],[1,-5],[-9,-3],[-3,2],[-1,-2],[-1,3],[-2,0],[2,-3],[-2,2],[0,-3],[0,2],[-2,-2],[0,-7],[-2,0],[1,-2],[-2,0],[1,-2],[-9,-6],[1,0],[-4,-7],[-7,-2],[4,-3],[-11,-6],[0,-4],[-10,-5],[1,-1],[-3,-4],[-18,-1],[1,-5],[-2,0],[1,3],[-3,-5],[-1,3],[-4,-1],[-19,-7],[-3,-7],[-4,-2],[1,3],[-5,-1],[0,-3],[-3,-2],[1,-2],[-9,-2],[2,-3],[-2,-2],[-16,4],[-6,-1],[-18,-12],[-12,-15],[0,2],[-1,-6],[-8,-6],[-8,-10],[-18,-41],[-4,-18],[15,-13],[-6,-3],[1,-1],[-4,-3],[3,-1],[-3,-4],[5,-3],[-1,-2],[1,-2],[-3,-1],[2,-2],[-8,-5],[2,-1],[-6,-1],[3,-3],[-2,-2],[-3,2],[1,-3],[-3,-1],[-17,-5],[-3,-3],[2,-1],[-3,-5],[-8,4],[1,0],[-12,-2],[-1,-4],[-8,-3],[-8,-9]],[[7764,3256],[-13,6],[1,2]],[[7752,3264],[-7,4],[-10,-1]],[[7735,3267],[-15,5],[-6,-1]],[[7714,3271],[-2,-8],[-16,-8],[-18,-1],[-28,-9],[-5,4],[-2,8],[7,3],[-8,4],[-1,8],[-7,6],[-13,-2],[-9,7],[3,5],[9,4],[-6,6],[-29,-6],[-26,-10],[-40,0],[-6,6],[-17,0],[-19,-18],[5,1],[3,-8],[-18,-3],[-5,-4],[2,-9],[-4,-1],[1,-2],[-12,3],[-1,4],[-23,-2],[0,-12],[-13,1],[4,-5],[12,-2],[3,-3],[-2,-6],[-25,-5],[-19,2],[-15,-2],[-18,-8],[-3,5],[-7,-3],[2,-1],[-5,-4],[-11,9],[-7,-8],[8,-9],[4,-12],[-61,-1],[3,-9],[-13,-1],[-10,-4],[-25,2],[-3,6],[0,7],[-9,12],[-6,-1],[-3,4],[0,5],[7,3],[-4,6],[-28,-4],[-3,6],[4,1],[-5,11],[3,1],[-5,3],[3,5],[9,7],[21,6],[-8,9],[-3,9],[-7,-2],[-4,5],[15,1],[19,5],[7,-4],[10,4],[3,-4],[5,0],[7,10],[4,1],[33,4],[20,10],[7,9],[21,11],[3,6],[-9,2],[-8,-3],[-5,1],[-13,7],[-7,6],[-5,-1],[-1,-5],[-8,-1],[0,-6],[-4,-4],[-4,0],[-2,3],[-7,3],[-9,-4],[-1,-6],[-2,-2],[-12,2],[-9,6],[-16,-2],[-5,3],[-1,7],[-6,3],[-14,2],[-2,-3],[-16,6],[-1,10],[-6,0],[0,14],[-6,1],[1,23],[-3,2],[3,1],[-3,9],[2,1],[0,5],[3,4],[0,5],[4,3],[2,2],[4,-5],[2,1],[-3,8],[7,2],[7,14],[6,6],[-1,5],[4,3],[-4,4],[-1,5],[1,6],[6,4],[-9,10],[2,13],[-5,8],[2,5],[-28,9],[6,3],[-7,10],[-3,9],[-17,26],[-24,11],[-40,13],[-15,1],[-6,-4],[-9,0],[-9,5],[-9,-1],[-10,4],[-13,0],[-31,4],[-21,14],[8,9]],[[6953,3629],[11,-8]],[[7714,3271],[5,1],[16,-5]],[[7735,3267],[9,1],[8,-4]],[[7764,3256],[-3,-4],[-6,-24],[4,-18],[4,-3],[13,0],[11,-9],[-5,-4],[3,-2],[-8,-4],[0,-7],[-9,-7],[-1,-4],[-3,-3],[-5,-3],[-4,-6],[0,-2],[-11,-5],[-8,-8],[4,-3],[-4,-1],[3,-3],[-7,-5],[2,-3],[-3,-1],[1,0],[-2,-2],[-11,-2],[-1,-4],[-4,-1],[1,-2],[-4,-2],[4,-4],[-5,-1],[4,-3],[-3,0],[2,-2],[-7,-2],[-14,-9],[-20,-3],[-9,-6],[-9,1]],[[7654,3085],[-2,-4],[3,-1],[-6,-2],[-14,-2],[-4,2],[-9,-4],[-11,-14],[-2,-1],[0,2],[-10,-9],[-5,-7],[2,-3],[-3,-3],[-23,-8],[3,-2],[-10,-5],[-10,-2],[2,-3],[-4,-5],[-19,-11],[-15,-2],[2,-2],[-4,-4],[-20,-2],[-7,-12],[-9,-29],[-5,-5],[3,-1],[-14,-7],[-13,0],[-40,15],[-40,6],[-3,-3],[-3,2],[-16,-4],[-2,-2],[3,-1],[-1,-1],[12,0],[-3,-1],[4,-3],[-3,-2],[6,0],[-15,-1],[4,2],[4,-1],[-2,2],[3,0],[-17,0]],[[7341,2947],[-18,15],[4,1],[-1,3],[8,7],[-3,3],[5,3],[-3,6],[-28,0],[-3,6],[-23,-3],[-10,3],[-3,-4],[-7,-1],[-14,8],[-13,-2],[-2,7],[-3,2],[-26,-3],[-6,6]],[[7195,3004],[-2,-7]],[[7193,2997],[-13,-2],[0,3],[-11,0],[0,-8],[-2,-2],[-7,2],[-7,-2],[-3,3],[-5,-1],[-10,5],[-7,0],[-1,-2],[-11,7],[-27,1],[0,-3],[-26,-6],[1,-6],[5,-1],[-5,0],[0,-16],[-28,3],[-11,-2],[-3,-3],[1,-4],[-7,4],[0,2],[-5,-4],[-6,-1]],[[7005,2964],[11,-20]],[[7016,2944],[-38,1],[-5,11],[8,0],[-2,4],[-15,2],[1,2],[-17,1],[2,12],[-28,5],[-17,10],[-8,7],[-10,4],[-2,3],[11,4],[-7,1],[-5,8],[-16,7],[-7,10],[14,3],[20,-4],[15,4],[0,8],[12,12],[-19,13],[-6,12],[-8,4],[0,8],[8,6],[25,7],[14,8],[19,3],[19,12],[13,16],[18,7],[-4,12],[-5,3],[22,9],[-4,6],[-13,-2],[1,-2],[-12,-1],[2,-2],[-3,-1],[-3,2],[0,-6],[-5,1],[-2,-5],[-4,1],[-5,-5],[-3,0],[-3,-3],[1,-2],[-3,0],[2,-1],[-6,1],[-2,-6],[-11,-1],[4,-1],[-1,-1],[-12,5],[-16,0],[1,2],[-2,2],[6,7],[7,1],[2,3],[6,0],[-4,9],[-10,9],[-26,-6],[-13,10],[26,7],[-4,3],[2,1],[-7,3],[2,6],[-2,2],[31,4],[6,9],[-3,15],[-8,5],[-15,-1],[-8,-6],[-7,0],[-7,4],[-33,2],[-13,5],[-24,3],[-27,16],[-6,-1],[-4,-6],[-16,-1],[-3,4],[0,13],[4,3],[-20,9],[-5,8],[-6,2],[8,8],[-6,7],[0,6],[-9,6],[-2,5],[-16,-1],[-5,2],[-7,10],[-1,5],[-18,10],[4,6],[-18,14],[7,8],[0,7],[-11,8],[-14,1],[-7,7]],[[6645,3411],[-8,17],[13,14]],[[6650,3442],[-1,7],[8,13],[9,6],[0,3],[5,8],[4,1],[3,6],[-1,4],[-6,2],[-5,9],[9,7],[10,3],[-9,9],[-7,3],[-7,6],[-9,-2],[-6,10],[-4,1],[-10,9]],[[6633,3547],[-18,1],[1,2],[4,2],[7,9]],[[6627,3561],[9,0],[15,16],[-1,12]],[[6650,3589],[7,9],[9,5]],[[6666,3603],[0,7],[6,4]],[[6762,3680],[2,3],[6,2]],[[6786,3677],[2,-5],[5,-1],[6,3]],[[7654,3085],[2,1],[-2,2],[-2,-1],[3,-1],[-1,-1]],[[4311,2899],[-1,2],[8,9],[2,-1],[-4,-6],[7,-2],[-6,3],[4,4],[15,1],[11,5],[9,-2],[9,3],[19,10],[10,10],[6,2],[-3,4],[10,11],[27,8],[-7,3],[-2,1],[1,3],[-2,0],[1,1],[-2,1],[10,8],[0,4],[7,5],[3,-4],[12,-2],[-10,3],[-3,3],[7,1],[6,9],[0,4],[2,4],[11,6],[7,8],[-1,4],[6,4],[4,17]],[[4484,3043],[43,-2],[5,2],[1,5],[7,7],[14,4],[23,-4],[6,4],[8,0],[8,6],[13,0],[8,7],[2,4],[-3,8],[5,4],[18,-3],[-1,5],[1,2],[24,8],[-1,7],[7,12],[6,-2],[16,2]],[[4694,3119],[26,-10]],[[4720,3109],[9,4],[6,-5]],[[4735,3108],[16,0],[8,-5],[9,3]],[[4768,3106],[0,3]],[[4768,3109],[5,3],[24,1]],[[4797,3113],[12,3],[4,-5],[7,-3]],[[4820,3108],[11,5],[4,3]],[[4835,3116],[12,-3]],[[4847,3113],[9,2],[7,7]],[[4863,3122],[17,8]],[[4880,3130],[4,8],[6,1],[13,-5]],[[4903,3134],[12,-1],[9,3],[27,2],[17,15],[11,2],[-2,4],[4,8],[2,-3],[18,-5],[14,8],[3,4]],[[5018,3171],[19,7],[18,3]],[[5055,3181],[13,-2]],[[5068,3179],[15,5],[15,-2]],[[5098,3182],[15,-17],[15,-8],[12,-18],[2,-10],[2,-5],[3,0],[0,-4],[14,-6],[-3,-4],[-7,3]],[[5151,3113],[-17,-1],[-11,5]],[[5123,3117],[-8,0],[-4,3],[-9,-7],[-7,0],[-1,-3],[-36,-4],[-10,-10],[-15,1],[-27,-14],[-12,-1],[-7,-5]],[[4987,3077],[-2,-8],[2,-6]],[[4987,3063],[11,-3],[11,1],[16,-12],[10,4],[7,-14],[-1,-5],[3,-7],[-8,-11],[0,-2],[-22,-17],[-8,-12],[-5,-3],[4,-2],[1,-4],[4,-5],[11,-6]],[[5021,2965],[27,-1],[13,-5]],[[5061,2959],[-6,-4],[-15,-1],[-7,-6],[-6,-15],[-1,2],[-25,3],[-4,-1],[-13,8],[-6,-9],[-20,-5],[-7,1],[-9,-7],[11,-8],[2,-6],[-4,-9],[-9,-10],[-8,-1],[-17,5],[-11,-2],[-8,1],[4,-7],[-21,-8],[-11,1],[-1,-3],[2,-3],[-7,-2],[-5,-9],[-16,1],[-4,-6],[0,-5],[1,-4],[3,-1],[-7,-5],[1,-8],[5,-2],[-29,-13],[-1,-5],[4,-10],[-2,-4],[-13,-5],[-12,-8]],[[4789,2789],[5,-2],[24,-4]],[[4818,2783],[27,-17],[11,-1],[2,-5],[6,-7],[15,-6],[6,-8],[-18,-10]],[[4867,2729],[9,-16],[-4,-1],[3,-6]],[[4875,2706],[-7,-3],[-5,-8],[-22,-2],[-10,1],[-8,-5],[-2,-8],[1,-8],[7,-9]],[[4829,2664],[-3,-8],[24,-13]],[[4850,2643],[4,0],[-23,-23],[-9,-5],[-14,-19],[-11,-7],[2,-2],[-2,-5],[-10,-10],[-2,-17],[-10,-11],[-8,-5],[-10,1],[1,-4],[-6,-12],[2,-1],[-1,-7],[8,-8],[1,-7],[15,-8],[5,4],[16,4],[10,8],[7,-4],[3,1],[0,-4],[-4,-4],[-2,-14],[-5,0],[-3,-6]],[[4804,2478],[19,0],[9,-2],[14,-8],[14,1],[2,-1]],[[4862,2468],[-4,-6],[-21,-22],[-1,-5],[-3,-2],[-2,-7],[-7,-5],[-2,-21],[-5,-7],[-9,-1],[-10,-8],[-7,-9],[-4,-11],[-7,-9],[-13,7],[-14,-1],[-5,9],[-5,14],[-1,9],[2,5],[6,8],[3,16],[-5,14],[-12,12],[-6,11],[-1,7],[-14,-2],[-5,-5],[1,-3],[4,-3],[3,-8],[3,-1],[11,-14],[-2,-22],[-7,-5],[-5,-14],[0,-6],[4,-3],[-1,-6],[11,-13],[9,-1],[0,-4],[7,-1],[-2,-3],[17,-6],[1,-13],[-5,-4],[-6,-14],[-4,-1],[-10,-19],[-5,-7],[-8,-4],[-3,-2],[1,-3],[-7,-5],[5,-8],[-2,-4],[4,-10],[-1,-5],[4,-6],[2,-9],[4,-5],[-4,-6],[0,-5],[7,-10],[-1,-3],[4,-12],[-3,-23],[-4,-3],[-9,5],[-13,2],[-3,4],[-11,0],[-14,10],[-8,-4],[-4,0],[-5,-4],[2,-7],[4,-4],[16,-3],[6,2],[22,-11],[6,-8],[1,-6],[-4,-12],[-16,-16],[2,-6],[2,0],[-13,-2],[-3,-4],[-4,-19],[-10,-18],[-2,-6],[2,-5],[-4,-4],[0,-8],[-2,-2],[-2,-8],[-12,-17],[-7,-4],[-2,-7],[3,-3],[-9,1],[-2,-2],[-5,-15],[2,-1],[-3,-2],[0,-9],[-3,-2],[-7,0],[-4,4],[-5,-1],[-2,3],[-3,-2],[-17,4],[-13,-1],[-1,6],[-4,0],[-17,-2],[0,4],[-4,0],[2,2],[-7,0],[3,5],[0,10],[3,-1],[0,3],[-3,0],[0,4],[-7,12],[-2,27],[-10,20],[3,10],[-6,7],[1,4],[-10,18],[-1,11],[-19,16],[-16,4],[-9,8],[-4,4],[-2,13],[-5,12],[-4,4],[-1,7],[-9,8],[4,4],[-1,5],[-7,2],[-2,-2],[2,-2],[-3,-12],[11,-19],[3,-9],[0,-10],[10,-13],[6,-2],[3,-7],[12,-8],[7,-15],[7,-10],[5,-24],[3,-4],[3,-23],[-1,-9],[-3,-4],[-16,-1],[-29,6],[-26,21],[-8,3],[-6,6],[-12,3],[0,2],[-7,8],[-5,0],[-3,4],[-5,2],[-12,2],[1,5],[-1,3],[-5,2],[-3,-2],[-1,9],[-6,5],[6,16],[-1,5],[-7,2],[-7,-3],[1,-3],[-4,-2],[2,-6],[-5,-13],[1,-4],[8,-6],[1,-4],[-3,-3],[1,-3],[-4,0],[-5,-10],[-4,-15],[-12,0],[-10,-10],[-16,-9],[-4,-4],[-2,-13],[6,-11],[4,-1],[-1,-2],[11,-14],[7,-13],[5,-2],[0,-4],[4,-8],[9,-4],[0,-5],[-2,0],[1,-5],[-2,-3],[3,-10],[6,-6],[1,-7],[-1,-10],[-3,1],[-1,-4],[-4,-2],[-6,3],[-7,-1],[-11,17],[-28,4],[-3,3],[-2,8],[-8,3],[-17,-2],[-21,3],[2,-2],[-2,-2],[-2,2],[3,12],[-3,2],[-6,0],[-2,-3],[-5,0],[2,-2],[-3,-3],[-14,2],[2,4],[-9,3],[10,19],[-2,3],[-6,0],[4,1],[2,6],[-1,1],[-6,-8],[-4,7],[6,4],[-9,2],[-1,-2],[-4,0],[4,5],[-4,2],[-1,4],[-5,1],[-7,-3],[2,6],[-5,1],[-1,3],[-5,-4],[-5,1],[3,7],[-1,6],[-4,4],[-3,-3],[-1,3],[9,7],[-7,10],[6,10],[-3,2],[7,3],[-6,9],[0,5],[2,5],[5,3],[-1,13],[10,12],[4,9],[-1,4],[3,2],[-5,8],[-9,2],[-2,4],[-5,1],[2,3],[-3,8],[6,10],[5,3],[0,5],[-4,10],[0,7],[6,4],[1,4],[4,2],[0,4],[-2,4],[1,3],[-7,3],[20,-2],[12,6],[6,9],[10,10],[-2,4],[13,17],[-1,8],[4,9],[8,12],[19,12],[-1,4],[6,4],[2,6],[25,16],[-1,4],[7,5],[25,15],[5,9],[7,5],[0,9],[3,5],[-5,4],[5,3],[-2,5],[2,2],[-4,-1],[6,4],[4,7],[22,10],[15,3],[12,6],[3,-3],[12,-1],[12,6],[9,2],[14,9],[30,13],[22,17],[-3,8],[3,7],[15,32],[13,12],[1,6],[38,27],[30,12],[9,-1],[6,4],[12,1],[13,8],[14,12],[6,0],[3,4],[9,3],[7,9],[10,1],[13,13],[-6,6],[-23,-17],[-23,-7],[-38,-20],[-16,0],[-45,-13],[-3,4],[0,14],[-7,2],[-4,-3],[-12,-13],[-8,-4],[0,-3],[3,-1],[-8,-9],[3,-3],[-3,2],[-9,-9],[-8,-3],[-6,-14],[2,-2],[-14,-10],[0,-9],[-3,-3],[2,-3],[-2,-3],[2,-5],[-3,-8],[-10,-11],[-2,-7],[-21,-16],[-16,-7],[-22,-1],[-13,-9],[-3,2],[-21,-4],[-29,-17],[-13,-12],[-2,2],[-11,-6],[0,-7],[-10,-3],[-2,-4],[-11,-10],[-2,-10],[4,-2],[-8,-8],[3,-2],[0,-4],[-9,-5],[-6,0],[-2,-4],[-15,-4],[-12,-15],[-3,-11],[0,-5],[-5,-9],[-17,-8],[-3,-3],[1,-1],[-16,5],[2,7],[-4,4],[-10,-2],[2,-1],[5,-9],[5,-2],[-5,-6],[-10,-3],[-3,-3],[5,-12],[-2,-19],[-7,-6],[-4,-10],[-9,1],[-2,2],[-9,-1],[-3,-3],[-2,-8],[-23,-22],[0,4],[-3,2],[-5,-3],[-4,2],[0,-6],[-8,-6],[4,12],[-10,-8],[-4,0],[-2,9],[-24,8],[1,1],[-3,5],[-3,11],[-8,1],[-8,-2],[-2,-7],[4,-5],[-2,-2],[3,1],[-7,-4],[-1,-6],[4,-8],[-2,-4],[2,-10],[3,-2],[-2,-9],[2,-7],[-3,-4],[-2,-6],[7,-2],[-6,-1],[-3,-3],[10,-23],[10,-4],[6,-11],[0,-13],[6,-14],[3,-23],[3,-7],[-1,-6],[3,-2],[-2,-9],[2,-13],[6,-5],[3,3],[4,0],[7,-7],[-1,-3],[-10,3],[9,-18],[11,-10],[-1,-2],[-5,1],[0,-2],[-3,-2],[-5,1],[1,2],[-2,2],[-10,-12],[14,6],[24,-7],[2,-3],[0,-4],[8,-9],[14,-9],[0,-4],[12,-11],[1,-5],[20,-11],[9,-14],[0,-8],[3,-5],[7,-5],[2,-9],[6,-8],[-1,-11],[6,-11],[-4,-7],[2,-2],[-1,-6],[-4,-7],[-9,-9],[-14,2],[-16,-1],[-22,-15],[-34,-9],[-15,-12],[-5,-12],[-16,-7],[-3,-4],[0,-3],[-10,-7],[-4,-7],[-5,-3],[-10,-13],[-1,-3],[4,-4],[-2,-5],[3,-1],[0,-3],[-3,-16],[-14,-8],[4,-6],[-6,-9],[1,-7],[-6,-8],[0,-5],[-5,-5],[1,-4],[-3,-4],[3,-3],[-13,-7],[-5,-6],[5,-6],[-1,-4],[4,-5],[-2,-6],[3,-9],[-1,-3],[0,1],[-3,-4],[4,-8],[0,-18],[7,-11],[-1,-2],[2,0],[4,-5],[8,-3],[0,-7],[-7,-2],[7,-6],[-1,-4],[3,-6],[-3,1],[-3,-3],[-4,1],[-1,-7],[-3,2],[-2,12],[-13,0],[-7,-3],[-1,-7],[-7,-4],[-2,-6],[7,-5],[-6,-16],[6,-6],[-4,-4],[-2,-5],[3,-9],[5,-2],[-1,-2],[-2,1],[-2,-5],[1,-7],[-16,-4],[2,-4],[-3,-15],[-9,-15],[2,-5],[3,0],[-2,-2],[2,-2],[-9,-6],[1,-3],[-1,-5],[1,1],[-1,-4],[6,0],[0,-2],[-16,-8],[-2,-2],[2,-3],[-1,-3],[-8,-1],[-5,-5],[-1,-4],[-7,-2],[-5,-5],[-2,-4],[6,-6],[-1,-2],[-4,5],[1,-10],[-2,0],[0,-2],[1,-6],[3,-2],[-5,-1],[2,-2],[-6,-7],[1,-2],[-7,-3],[-1,-5],[5,-7],[-10,1],[-11,-11],[-13,-3],[-4,-4],[-9,7],[-15,1],[-5,-5],[6,-2],[-1,-2],[5,-5],[10,-5],[3,-4],[8,-1],[15,3],[3,5],[-1,7],[29,10],[5,-1],[3,-9],[-7,-4],[-12,2],[-3,-5],[10,-5],[-2,-4],[3,-5],[0,-4],[5,-3],[1,-5],[6,-4],[9,-5],[0,-5],[5,-4],[-2,-3],[3,-2],[0,-4],[3,-4],[-4,-1],[4,-1],[7,-20],[0,-3],[-4,-6],[1,-4],[-9,-6],[-2,-6],[-9,-11],[-4,0],[-4,-7],[-6,-3],[2,-3],[-5,-1],[0,-2],[-4,-3],[0,-2],[-5,-2],[1,-1],[-7,-1],[-3,-6],[0,-7],[-26,-10],[-28,-16],[-14,0],[-4,-2],[-21,5],[-8,-1],[-4,-3],[-2,1],[2,1],[-3,3],[-8,1],[-4,-3],[-3,2],[-12,-4],[-23,1],[-3,-1],[-7,-7],[-7,0],[-13,-6],[-11,-10],[-16,-4],[-4,2],[-21,-5],[-14,1],[-48,18],[-4,8],[1,5],[-3,4],[8,17],[-4,8],[7,13],[-2,14],[-9,9],[3,1],[4,6],[-3,6],[3,8],[-6,4],[5,2],[5,6],[-3,10],[5,6],[2,6],[-3,2],[1,1],[-2,9],[6,9],[8,3],[15,11],[1,6],[8,3],[2,3],[12,3],[4,7],[-4,3],[2,2],[-1,2],[5,0],[-1,4],[6,-4],[9,1],[0,2],[4,-2],[14,7],[5,7],[6,18],[3,19],[-1,17],[3,11],[-1,4],[1,0],[-2,7],[3,2],[-3,2],[1,2],[-1,-2],[1,4],[-2,2],[2,3],[-2,2],[3,2],[1,10],[-2,7],[1,10],[-3,3],[3,10],[-3,2],[2,4],[-1,4],[5,10],[4,2],[4,6],[-2,-1],[2,8],[-4,25],[-8,13],[2,3],[-3,4],[1,3],[-3,2],[1,5],[-2,0],[1,3],[-1,1],[2,2],[-1,2],[2,6],[26,12],[2,12],[7,5],[4,14],[-1,11],[-3,3],[6,0],[3,4],[1,9],[-2,2],[2,2],[-2,2],[2,-1],[-1,2],[2,0],[6,7],[-2,9],[1,11],[-2,2],[2,8],[5,3],[-2,7],[5,3],[-3,6],[5,7],[0,4],[-3,9],[-9,6],[-2,6],[49,22],[25,24],[1,4],[12,15],[3,9],[8,12],[2,0],[-5,7],[7,0],[11,9],[0,2],[4,1],[0,10],[13,15],[3,6],[28,3],[9,8],[9,4],[18,12],[4,1],[10,16],[10,2],[17,12],[8,2],[-2,3],[2,2],[15,10],[1,6],[-4,2],[9,14],[21,17],[2,5],[-4,1],[0,8],[9,10],[-3,-2],[1,2],[5,4],[-3,-1],[3,2],[-3,1],[0,-2],[-2,0],[1,-2],[-2,0],[-4,-6],[-9,-6],[-2,-10],[-7,-8],[-3,-2],[-3,3],[-7,-1],[-4,-11],[-10,-15],[-16,-5],[-23,-22],[-5,-10],[-12,-6],[-13,-11],[-10,-2],[-11,-8],[-19,-8],[-6,0],[-1,2],[-3,-2],[2,-3],[-18,-10],[-2,-2],[4,-4],[-8,-7],[-4,1],[5,6],[-4,2],[-3,-3],[-18,-3],[-2,3],[4,3],[0,4],[-4,2],[1,5],[13,8],[-3,2],[-7,-2],[0,3],[-4,1],[0,3],[-5,3],[2,0],[0,4],[11,6],[-6,5],[2,2],[11,-2],[-6,3],[0,1],[-27,-11],[-11,-1],[-12,10],[-8,2],[-4,5],[-8,3],[1,2],[-2,0],[0,2],[1,5],[-4,2],[3,4],[-2,6],[-5,4],[10,21],[1,14],[-3,6],[4,7],[-2,3],[10,10],[5,18],[33,31],[-1,4],[3,4],[-6,-1],[11,7],[-2,9],[8,8],[9,14],[5,6],[9,4],[3,7],[7,4],[2,10],[0,-10],[2,0],[4,8],[-9,6],[-12,-7],[-4,3],[-8,-3],[-8,-5],[0,-3],[-6,0],[-5,-11],[-2,0],[0,3],[-8,-6],[-1,-6],[-7,-1],[-11,-16],[-3,-1],[4,7],[-16,-3],[-21,-24],[-4,-2],[-7,1],[3,6],[-2,-1],[0,5],[-3,0],[-2,5],[8,11],[0,7],[-5,3],[-3,-1],[-5,2],[5,3],[2,8],[-1,2],[-3,0],[11,8],[-2,4],[9,13],[-1,1],[4,4],[1,5],[7,8],[-2,3],[4,5],[30,24],[9,15],[15,13],[4,6],[-3,-2],[6,11],[26,29],[8,0],[15,6],[2,8],[8,6],[-1,3],[2,3],[-6,-2],[-7,-9],[1,4],[-19,-12],[-2,1],[4,6],[-1,1],[-7,-5],[10,12],[18,13],[11,16],[-13,-7],[-15,-11],[3,4],[-4,-1],[5,5],[-10,-7],[-3,-9],[-5,-2],[3,3],[-6,-3],[-2,3],[-6,-3],[28,29],[2,8],[10,8],[-4,1],[-10,-8],[-10,-18],[-20,-20],[-8,-1],[-3,4],[-5,-2],[-2,-5],[5,-1],[3,3],[-1,-2],[1,-1],[10,-1],[1,-2],[-5,-9],[-19,-18],[-8,-19],[-13,-12],[-15,1],[9,8],[2,6],[11,17],[7,16],[-7,-6],[-7,-14],[-9,-4],[2,-3],[-4,-9],[-7,-6],[-2,-7],[2,-1],[-3,-4],[9,3],[-1,4],[7,-1],[1,-3],[3,2],[-1,-3],[-9,-5],[4,0],[-18,-21],[-15,-13],[4,3],[0,-3],[2,5],[10,7],[-10,-15],[-1,-7],[-3,-6],[-20,-24],[-2,0],[1,3],[-3,1],[-8,-4],[3,5],[-2,0],[-1,4],[-2,-1],[0,3],[-6,-4],[5,7],[0,5],[4,4],[-2,-1],[6,14],[18,14],[-22,-5],[-14,-18],[-2,1],[13,20],[-3,1],[3,4],[-4,-1],[3,6],[10,10],[2,6],[16,14],[-1,3],[-5,-4],[5,11],[12,13],[0,3],[6,5],[5,10],[7,3],[4,5],[3,7],[-4,0],[5,8],[-8,-7],[6,9],[8,6],[-2,-4],[7,2],[7,-2],[4,3],[0,5],[-7,0],[6,11],[-2,5],[7,8],[-2,0],[3,5],[-2,-1],[2,3],[12,8],[1,3],[8,8],[-1,-5],[4,2],[10,18],[14,16],[8,5],[5,9],[10,-1],[12,-6],[8,6],[11,-2],[9,3],[3,3],[-3,1],[3,2],[-3,7],[-13,1],[0,5],[5,6],[-4,-1],[2,2],[-3,2],[-10,-8],[2,6],[-9,1],[0,7],[7,9],[3,10],[6,5],[0,5],[9,11],[0,7],[7,4],[17,22],[7,3],[9,13],[-4,9],[8,10],[11,4],[1,4],[-14,6],[-4,-3],[-3,2],[-3,-3],[-3,1],[-8,-9],[6,-4],[-16,-14],[-4,-6],[-7,-3],[4,9],[17,17],[-33,-27],[-11,-5],[-1,-2],[1,-2],[-3,1],[-10,-5],[1,-7],[-5,-6],[0,-5],[-14,-5],[-1,-4],[1,-2],[-5,-7],[-13,-7],[-4,3],[-7,0],[14,20],[15,12],[-3,2],[-9,-9],[-2,4],[-3,-1],[7,8],[-2,2],[4,6],[-3,0],[-1,3],[-2,-6],[-4,1],[12,13],[7,4],[6,1],[-2,1],[2,2],[-5,3],[3,7],[6,7],[5,-1],[3,4],[1,4],[6,6],[0,9],[10,7],[2,7],[4,0],[0,4],[-3,-1],[2,3],[-2,2],[-8,3],[9,4],[-5,-4],[7,-2],[5,4],[-6,2],[3,0],[0,2],[4,1],[-1,-3],[3,-1],[4,2],[0,3],[3,3],[-2,2],[2,7],[-3,12],[-11,4],[-7,-2],[-5,5],[1,4],[12,4],[8,-3],[9,2],[8,9],[9,-1],[4,4],[-1,4],[5,0],[7,-5],[7,1],[2,2],[-3,4],[7,6],[11,5],[9,-3],[6,2],[-14,11],[2,6],[-11,3],[-8,-7],[-2,-5],[-4,-4],[-3,0],[0,4],[-5,2],[-16,-9],[-33,5],[-17,-11],[-3,-6],[-6,-3],[-9,3],[-9,-2],[-3,3],[-1,6],[9,12],[-3,4],[2,6],[4,5],[2,6],[7,10],[-4,4],[-4,-4],[-4,3],[7,24],[-3,4],[3,5],[-3,-1],[0,4],[4,4],[1,2],[-2,0],[6,7],[0,13],[-3,-14],[-4,-5],[1,-3],[-6,-5],[3,-5],[-9,-6],[-5,0],[-2,-3],[1,-1],[-6,1],[-3,-4],[2,-3],[8,-2],[-1,-6],[2,-11],[-6,-6],[1,3],[-2,1],[-11,-4],[3,0],[-1,-8],[-13,-10],[-6,1],[-11,11],[1,4],[-3,1],[3,1],[-2,2],[2,3],[-3,-1],[2,2],[-3,2],[2,3],[0,7],[4,3],[0,2],[-10,3],[-1,2],[-10,-2],[-2,2],[1,2],[-5,2],[1,4],[5,0],[0,4],[4,3],[8,13],[9,7],[14,5],[7,7],[-1,-5],[7,-3],[5,3],[1,-3],[-4,-1],[2,-1],[5,3],[3,-1],[-3,-5],[1,-1],[-2,1],[-2,-3],[3,1],[7,7],[0,-2],[3,2],[2,4],[-1,2],[4,2],[-1,0],[2,4],[5,2],[-2,2],[7,3],[1,-2],[-6,-5],[-1,-3],[-6,-5],[4,0],[13,11],[-2,-9],[6,20],[7,3],[20,18],[9,3],[1,-3],[4,-2],[3,1],[5,7],[3,-3],[5,1],[3,-6],[8,-2],[0,-3],[4,-4],[-4,4],[1,3],[12,-3],[17,15],[15,2],[14,-1],[9,2],[26,12],[-3,8],[1,1],[6,-1],[-4,2],[-12,-3],[-11,-6],[-3,-6],[-12,-5],[-22,4],[0,1],[4,5],[4,1],[-9,-1],[4,0],[-12,-10],[-5,0],[-6,-5],[-4,-9],[-6,-2],[-6,3],[1,3],[-4,7],[-11,1],[1,4],[-2,0],[-2,8],[12,14],[-5,1],[-1,2],[12,9],[-2,4],[-6,-1],[9,6],[1,6],[10,8],[-2,3],[2,3],[9,4],[5,8],[18,8],[5,5],[9,-1],[6,3],[-3,8],[-8,4],[-3,3],[1,5],[-4,2],[5,7],[-2,0],[1,10],[11,-1],[13,17],[14,5],[2,3],[10,1],[0,3],[4,2],[7,0],[0,-2],[-4,-3],[2,-4],[9,1],[4,4],[-2,0],[17,3],[1,0],[0,-5],[5,-2],[5,4],[10,-1],[5,4],[7,1],[12,-2],[11,2],[5,-2],[13,5],[3,2],[-2,2],[4,1],[12,-5],[6,-5],[-1,-3],[4,0],[3,4],[0,-3],[5,-4],[5,1],[11,11],[5,-3],[0,-4],[16,4],[5,-4],[4,1],[12,-6],[6,1],[4,4],[8,-5],[-2,8],[4,4],[22,-29],[7,-3],[14,1]],[[4311,2899],[-3,-3],[4,2],[-1,1]],[[3867,2251],[1,2],[-2,-1],[-1,4],[0,-4],[2,-1]],[[4174,2210],[-3,-1],[1,-3],[-2,3],[1,1],[-10,1],[13,-1]],[[4377,2073],[4,2],[8,-6],[14,1],[7,-9],[9,-5],[11,-12],[32,-22],[22,-7],[12,-9],[11,-1],[5,-12],[-3,-4],[-15,-9],[1,-8],[2,0],[0,2],[2,-3],[14,1],[15,-3],[-2,-21],[2,-7],[5,-5],[7,-2],[7,6],[18,6],[10,-3],[0,-26],[4,0],[-3,-14],[4,-9],[-2,-5],[12,-18],[0,-14],[4,-11],[10,-10],[-2,-1],[2,-11],[-2,-5],[-7,-5],[-16,-4],[-4,-3],[-1,-9],[1,-3],[19,-13],[4,-7],[3,-15],[-6,2],[-1,-1],[2,-5],[-14,1],[-5,-7],[-3,1],[-5,-4],[-5,1],[-20,16],[-8,3],[4,4],[-8,7],[1,5],[-7,7],[2,3],[-2,7],[1,5],[-5,5],[-10,2],[-6,8],[-14,4],[-5,4],[-1,7],[-5,2],[-7,1],[-9,-5],[-6,-7],[-6,3],[-1,11],[-3,0],[-6,17],[4,11],[0,10],[-9,4],[-7,-6],[-2,11],[-2,0],[-3,6],[5,38],[3,4],[5,2],[0,6],[-11,9],[-8,0],[-9,-4],[-19,9],[-11,15],[-17,10],[-15,21],[-9,5],[-2,4],[1,5],[-2,14],[-2,2],[-5,-1],[-3,4],[12,8],[3,7],[17,6],[1,5],[8,5],[4,10],[7,-4]],[[4336,3209],[12,0],[31,-8],[33,0],[2,-9],[-3,-7],[2,-2],[-2,-2],[1,-3],[16,5],[27,1],[18,-4],[16,-8],[15,1]],[[4504,3173],[1,-4],[-11,-9]],[[4494,3160],[2,-8],[-10,-3],[-1,-4],[-5,-2],[-2,-4],[-10,-1],[1,-7],[4,-3],[0,-7],[11,-1],[-1,-2],[2,-2],[-6,-6],[-1,-7],[4,-10],[-2,-7],[-7,-7],[-12,-5]],[[4461,3074],[7,-12],[14,-8],[-9,-11],[-5,-12],[-10,-8],[-3,-6],[-13,-4],[-6,-10],[-7,0],[3,3],[0,2],[-6,-6],[-7,1],[-8,-5],[-2,1],[-4,-14],[-4,-2],[0,-6],[-3,-6],[-6,2],[-3,-5],[-4,-1],[2,-6],[-4,-5],[2,-1],[-1,-4],[-6,-1],[-6,-7],[2,-7],[-4,-3],[-30,-11],[-2,-3],[-4,2],[-7,-3],[-9,0],[-1,-1],[9,-1],[-11,-4],[-3,1],[4,5],[-9,2],[-6,5],[-4,-1],[-16,15],[-8,-2],[-18,3],[-13,-7],[-4,3],[-13,2],[-22,0],[-8,5],[-4,-2],[-15,9],[-7,1],[-20,-2],[-2,-3],[3,-9],[-8,-6],[-25,1],[-6,-4],[-25,3],[-8,3],[9,3],[8,7],[4,5],[0,4],[-6,19],[-6,8],[-16,8],[-14,-2],[-15,-20],[-12,-9],[-5,-1],[3,4],[-1,3],[9,10],[-2,4],[-5,0],[-15,-11],[-9,0],[12,16],[8,6],[-2,1],[2,3],[10,6],[-3,1],[3,8],[9,8],[5,9],[11,9],[8,13],[14,9],[7,2],[10,-1],[1,-4],[-9,-13],[10,-1],[7,5],[-7,-5],[2,-3],[-3,-5],[0,-5],[13,-2],[10,-8],[38,15],[11,-2],[12,3],[7,10],[16,3],[6,7],[5,1],[0,5],[3,1],[1,5],[4,2],[-1,3],[5,-1],[1,5],[14,1],[13,-5],[33,8],[4,4],[-2,1],[2,1],[-20,2],[10,3],[14,14],[7,-3],[7,2],[-7,-2],[-7,3],[-14,-13],[-36,-13],[-22,0],[0,1],[-3,3],[-22,-5],[-21,-18],[-1,-3],[1,-2],[-10,1],[-6,-6],[-22,-11],[-11,6],[-10,-6],[1,4],[-4,1],[-5,4],[0,6],[-7,2],[1,3],[-3,5],[4,4],[-2,2],[-28,-7],[-1,1],[3,3],[-1,0],[8,9],[-5,3],[-8,-4],[-2,2],[8,10],[6,5],[-2,0],[1,6],[-2,-3],[3,5],[13,7],[0,3],[9,6],[-1,3],[8,0],[-7,3],[6,0],[-2,2],[8,10],[2,-5],[2,0],[5,13],[16,15],[2,4],[-2,2],[2,4],[33,22],[14,6]],[[4195,3191],[7,-7],[6,-12],[21,-11],[0,-5],[2,2],[1,-2],[-2,-1],[12,-3],[17,7],[19,-7],[12,-7]],[[4290,3145],[18,2],[7,2]],[[4315,3149],[1,4],[16,8],[-2,1],[2,6],[7,3],[0,4],[-3,7],[1,6],[-5,7]],[[4332,3195],[3,10],[-1,4],[2,0]],[[4401,1882],[5,-1],[9,-25],[5,-7],[-2,-6],[-4,0],[-1,-6],[-5,-2],[-3,0],[-7,9],[-5,12],[2,23],[6,3]],[[4387,2079],[3,-3],[-2,-2],[-3,3],[2,2]],[[4382,2077],[-2,2],[2,3],[2,-3],[-2,-2]],[[4360,2089],[3,-2],[0,-2],[-3,2],[0,2]],[[4303,2357],[-5,-3],[3,6],[2,-1],[0,-2]],[[4219,1952],[1,-1],[-3,-2],[-2,2],[4,1]],[[4198,2930],[3,-1],[-3,-1],[1,-2],[-5,1],[4,3]],[[4181,2003],[-3,1],[3,1],[0,-2]],[[4163,2224],[-3,0],[2,3],[1,-3]],[[4162,2027],[-2,-4],[0,2],[2,2]],[[4153,2931],[2,-1],[-3,-1],[1,2]],[[4114,3151],[12,0],[-5,-7],[-6,-14],[-3,-2],[1,-4],[-9,-2],[-9,12],[1,7],[4,5],[14,5]],[[4083,3107],[-1,-5],[-9,-1],[3,4],[7,2]],[[4077,3098],[0,-2],[-5,-4],[1,3],[3,3],[-2,0],[4,2],[-1,-2]],[[4067,3095],[1,-4],[-2,1],[-2,-5],[-4,-2],[-2,-5],[-21,-16],[-1,-4],[-5,-1],[-23,-22],[-16,-11],[-7,-9],[-1,-4],[-19,-19],[-32,-13],[-24,-23],[-3,1],[-42,-25],[-15,0],[10,11],[19,13],[2,8],[-3,5],[6,17],[-2,4],[-15,-9],[-5,1],[-9,-4],[3,4],[19,10],[8,-1],[4,4],[1,-1],[-1,-2],[4,-1],[43,17],[4,5],[-1,3],[11,5],[-1,-3],[3,5],[13,7],[11,10],[3,6],[8,7],[-1,2],[15,9],[1,5],[14,5],[3,5],[-7,1],[2,4],[-3,1],[4,4],[9,-1],[-2,-2],[2,-5],[7,5],[-2,-4],[4,-1],[14,3],[19,11],[4,-2]],[[4065,2933],[0,-4],[-3,-3],[-5,3],[1,3],[7,1]],[[4045,3095],[-2,-5],[9,5],[-12,-8],[-6,2],[3,4],[3,-1],[5,3]],[[4033,3039],[-4,-7],[-7,-3],[7,10],[4,0]],[[4028,1936],[-3,-5],[0,3],[3,2]],[[4016,3093],[-3,-1],[4,2],[-1,-1]],[[4005,3085],[-3,-6],[-3,2],[6,4]],[[3977,2877],[7,0],[0,-3],[6,-3],[-13,-3],[-1,-5],[4,1],[-2,-7],[-17,-9],[-9,-11],[-10,-6],[-1,-7],[-4,-4],[-8,-2],[3,-2],[-10,-9],[0,-4],[-13,-10],[-10,-4],[1,2],[-2,0],[2,2],[-1,0],[7,9],[-5,0],[1,3],[-8,-3],[-1,6],[-16,-6],[1,2],[-3,0],[7,3],[-20,-2],[2,1],[0,4],[3,1],[-2,3],[5,8],[11,3],[-1,9],[10,0],[-1,2],[0,7],[5,7],[16,2],[9,-2],[6,7],[2,-2],[10,5],[2,-4],[6,-1],[12,5],[2,6],[8,0],[7,8],[-3,2],[6,1]],[[3984,2887],[1,-3],[-3,1],[0,3],[2,-1]],[[3972,2850],[-4,-2],[5,4],[-1,-2]],[[3965,2976],[2,0],[-6,-4],[-3,0],[2,3],[-7,-3],[8,8],[4,-4]],[[3962,2962],[-8,-5],[-3,1],[3,3],[8,1]],[[3949,2979],[2,-2],[-1,-3],[-14,-4],[6,6],[7,3]],[[3941,2465],[-3,-3],[2,0],[-16,-16],[0,-4],[-10,-12],[-10,1],[12,10],[3,7],[-1,3],[7,7],[16,7]],[[3927,2863],[5,0],[-5,-5],[-5,1],[1,3],[4,1]],[[3912,2458],[-8,-7],[-5,-7],[-3,2],[2,3],[-2,4],[16,5]],[[3910,2605],[-2,-3],[1,7],[3,-1],[-2,-3]],[[3906,2429],[-3,-5],[-4,1],[7,4]],[[3903,2423],[2,-6],[-6,-8],[-19,-10],[11,17],[9,7],[3,0]],[[3903,1051],[2,0],[-5,-1],[3,1]],[[3895,2447],[-1,-3],[-2,0],[-1,2],[-5,-2],[7,9],[2,-6]],[[3883,1049],[3,-3],[5,0],[2,-6],[-6,-5],[-13,0],[-2,-5],[-6,2],[-9,1],[-6,4],[5,7],[9,4],[9,-4],[9,3],[-1,1],[1,1]],[[3890,2344],[2,-4],[-4,-2],[0,3],[2,3]],[[3887,2526],[-2,-2],[-4,2],[6,5],[2,-2],[-2,-3]],[[3887,2518],[-1,3],[3,1],[-2,-4]],[[3886,1054],[-4,0],[-1,7],[6,-4],[-1,-3]],[[3884,2556],[-4,-10],[0,4],[4,6]],[[3879,2375],[1,-1],[-3,-4],[2,5]],[[3875,2580],[4,-3],[-8,1],[4,2]],[[3879,2392],[-2,-4],[-2,0],[4,4]],[[3837,2564],[2,-4],[6,3],[5,-5],[4,1],[4,-6],[2,1],[-3,-4],[4,-6],[-3,-5],[1,-2],[-1,-4],[3,-1],[2,-4],[-2,-5],[-27,-15],[-2,5],[1,12],[-7,2],[-2,5],[6,20],[4,3],[-2,4],[5,5]],[[3863,2728],[-3,-4],[-5,1],[4,5],[4,-2]],[[3854,2669],[-1,-6],[-6,2],[0,2],[7,2]],[[3848,2810],[2,-5],[-5,1],[0,3],[3,1]],[[3847,2213],[2,0],[-1,-5],[-7,-5],[0,3],[-2,-1],[4,8],[4,0]],[[3848,2932],[-11,-7],[10,9],[1,-2]],[[3846,2582],[2,-1],[-3,-1],[1,2]],[[3841,2707],[-2,-1],[4,3],[-2,-2]],[[3837,2621],[3,-10],[-7,-13],[-10,-3],[-2,3],[-5,1],[-1,3],[4,3],[7,10],[11,6]],[[3837,2394],[2,-1],[-1,-3],[-9,-7],[3,9],[5,2]],[[3828,2379],[0,-2],[-7,-5],[1,4],[6,3]],[[3771,2577],[3,-3],[2,4],[0,-3],[7,15],[-5,-4],[-1,-8],[-2,1],[1,4],[-4,-5],[-1,7],[3,6],[0,-6],[1,7],[3,0],[0,-3],[2,4],[2,-2],[0,2],[-3,1],[-2,6],[9,17],[0,4],[8,1],[0,5],[5,2],[3,0],[3,-6],[4,-2],[1,-5],[-3,-5],[0,-6],[2,0],[-1,-2],[3,1],[1,-4],[7,-3],[1,-5],[4,2],[2,-2],[-1,-2],[1,-7],[-7,-15],[-5,-6],[0,-8],[-8,-8],[7,-5],[-3,-1],[1,-6],[-5,-5],[3,1],[0,-4],[2,-1],[-1,-4],[2,-5],[0,-9],[-4,-5],[2,-3],[-8,-7],[-2,2],[-4,0],[0,3],[7,2],[2,-3],[0,4],[-9,-1],[-9,9],[-3,7],[1,4],[2,1],[-6,3],[3,2],[0,5],[-6,0],[-5,5],[3,7],[-11,5],[6,10],[-1,10],[3,5],[-2,5]],[[3824,2439],[-4,-11],[-5,-4],[3,13],[6,2]],[[3824,2378],[-2,0],[2,2],[0,-2]],[[3822,2785],[2,-2],[-3,0],[1,2]],[[3817,2371],[-2,-1],[4,4],[-2,-3]],[[3815,2428],[-1,-1],[1,3],[0,-2]],[[3814,2380],[-2,-1],[3,4],[-1,-3]],[[3812,2426],[2,-2],[-4,-2],[0,3],[2,1]],[[3803,2050],[0,-3],[-2,-1],[2,4]],[[3798,2265],[-5,-11],[-2,0],[1,8],[6,3]],[[3796,2171],[-9,-9],[1,5],[9,6],[-1,-2]],[[3795,2412],[1,0],[-2,-7],[-7,-4],[1,6],[7,5]],[[3047,3173],[2,-3],[3,1],[1,-5],[7,-3],[0,-4],[8,-1],[1,-3],[8,-4],[12,-13],[9,-4],[6,1],[3,2],[-4,-1],[-10,8],[-14,5],[-7,7],[-1,2],[2,0],[-3,2],[-3,-1],[-8,8],[5,0],[-2,2],[1,0],[9,-5],[-15,13],[2,1],[-4,6],[2,2],[-4,8],[2,-1],[3,5],[-1,5],[-2,0],[-1,3],[3,2],[-2,5],[5,0],[2,-3],[5,2],[-1,2],[3,-1],[-2,2],[4,-1],[4,-4],[9,-3],[11,-10],[0,3],[-13,11],[-3,6],[12,-7],[-4,5],[3,1],[-1,2],[3,2],[-2,4],[4,3],[2,-1],[9,2],[16,-4],[12,1],[0,4],[3,3],[6,0],[15,11],[11,-3],[10,-1],[-1,3],[3,-1],[-2,3],[2,0],[-2,4],[5,0],[13,-3],[0,-12],[5,-4],[15,-2],[20,-7],[24,0],[8,-7],[2,-10],[-5,-8],[-8,-2],[2,-3],[18,-12],[3,0],[0,4],[4,1],[12,-7],[7,-1],[18,-21],[6,-13],[17,-13],[14,-3],[2,-7],[5,-4],[-5,-3],[3,-4],[-1,-2],[-2,1],[1,-2],[17,-14],[-1,-2],[4,-6],[-1,-8],[12,-16],[-2,-1],[0,-8],[3,-2],[0,-3],[8,-12],[4,1],[-1,-2],[2,-1],[7,2],[7,6],[14,-7],[4,0],[4,-4],[-4,-1],[8,-1],[12,4],[3,6],[6,-3],[33,-2],[15,3],[19,-4],[12,-10],[3,-6],[8,-2],[6,3],[0,9],[2,2],[17,-4],[13,2],[8,-2],[2,-6],[8,-7],[13,-4],[-1,-4],[7,-4],[0,-6],[4,-6],[6,-2],[-1,-2],[17,-4],[5,-5],[8,-2],[12,5],[7,0],[1,2],[-2,2],[2,0],[1,-2],[7,-2],[11,-12],[1,-3],[-2,0],[-1,-3],[4,-4],[8,-4],[8,3],[9,-10],[13,-6],[-2,-7],[8,-5],[0,-2],[9,-1],[7,3],[-3,-1],[7,7],[6,-1],[6,-8],[3,-7],[-1,-11],[-3,-4],[1,-13],[-6,-12],[0,2],[-6,1],[-9,-5],[-1,7],[-9,4],[-2,11],[-9,3],[8,-3],[1,-11],[2,-4],[4,0],[2,-3],[2,-7],[4,-2],[7,3],[2,-4],[4,-1],[0,-3],[-12,-23],[-5,-3],[3,-4],[-4,-9],[-16,-12],[-7,5],[-31,1],[-11,6],[1,2],[-3,5],[4,3],[-2,3],[3,2],[-2,6],[7,4],[-2,3],[4,6],[0,3],[-14,1],[-2,-3],[1,-4],[-2,-1],[-6,2],[-4,4],[-15,-5],[1,-3],[9,-2],[5,-4],[2,-7],[-2,-7],[-13,-7],[-15,2],[-5,-13],[1,-5],[-6,-4],[-7,-7],[-3,1],[3,-1],[-30,-11],[-1,-2],[9,-2],[38,9],[24,15],[11,4],[39,2],[6,-2],[3,-7],[-3,-5],[-3,0],[-2,-7],[-13,-16],[-7,-1],[-11,-8],[-10,-2],[-6,-9],[-12,-5],[-4,-6],[-38,-14],[-5,-5],[-9,-3],[-1,-4],[-8,1],[-20,-11],[-26,-5],[3,-5],[-7,-4],[-14,0],[-9,3],[-30,4],[-18,11],[16,6],[9,7],[-1,1],[8,4],[-1,4],[1,3],[5,0],[-1,1],[2,2],[-3,-1],[-3,3],[4,-1],[2,3],[13,4],[0,4],[-3,1],[3,4],[-6,5],[-13,0],[-2,-1],[0,-3],[-6,-1],[-3,3],[3,4],[-5,2],[-8,-4],[-12,0],[-2,-6],[-13,-4],[-3,-6],[-6,-2],[-5,-8],[-5,-2],[-10,-14],[-10,-7],[3,-1],[-2,-1],[-36,-6],[-17,6],[-17,1],[-1,-6],[-14,-11],[-5,0],[-17,-13],[-11,-4],[-5,-5],[-24,-9],[-19,3],[-18,14],[-12,-8],[-18,-3],[-20,2],[-11,-1],[2,-2],[-7,-2],[-2,-5],[-3,1],[1,-1],[-3,-1],[-2,-6],[-6,-1],[2,-1],[-2,-2],[-4,2],[0,5],[-12,-7],[-7,2],[2,2],[-3,-1],[4,3],[-8,-1],[0,2],[-3,-1],[0,3],[-10,-1],[-3,-4],[-5,-2],[-4,6],[-3,-4],[-3,1],[1,5],[-9,-1],[-1,2],[-4,-3],[0,3],[-4,-4],[1,4],[-2,1],[-4,-5],[-1,2],[-4,0],[1,-4],[-7,5],[-5,-7],[-3,-1],[0,2],[-6,-5],[-1,3],[-23,3],[-6,-2],[-2,-4],[-2,0],[-1,-13],[-5,-2],[2,-3],[-6,-2],[3,-1],[-6,-4],[1,-2],[-3,-1],[1,-2],[-4,-1],[-8,3],[4,3],[-5,3],[7,3],[-7,-1],[5,2],[-1,3],[-8,-4],[-4,3],[-1,-4],[-4,-2],[-13,4],[-4,-2],[1,2],[-2,1],[-1,-5],[-4,-3],[1,-2],[-6,2],[0,-2],[-3,0],[-1,2],[2,1],[-3,0],[-1,4],[-1,-3],[-2,2],[-1,-2],[-11,1],[-9,6],[3,4],[-3,5],[5,1],[-2,2],[3,4],[-8,3],[-8,-6],[-6,2],[-7,-1],[0,3],[-8,2],[0,2],[2,-1],[-1,5],[4,2],[-3,3],[-3,-3],[2,4],[-3,-2],[-2,-7],[-4,-4],[-12,0],[-1,1],[5,0],[-5,2],[1,1],[-2,-1],[2,2],[-3,0],[-1,4],[-6,-6],[-4,1],[0,4],[-4,-3],[1,2],[-1,2],[5,5],[-1,0],[1,2],[4,-2],[1,3],[2,0],[-3,5],[2,3],[18,2],[-5,5],[-8,2],[3,1],[-2,2],[4,2],[-2,1],[-6,-2],[-4,2],[5,2],[0,4],[5,1],[-3,3],[2,4],[-3,2],[4,7],[-1,4],[4,2],[-2,8],[6,9],[4,1],[5,8],[3,1],[-2,1],[3,-1],[2,3],[-2,1],[6,-2],[-1,3],[4,0],[6,-3],[3,1],[-1,4],[6,0],[25,-9],[2,3],[1,-2],[3,2],[8,-4],[2,1],[-1,1],[2,3],[11,-2],[4,-2],[2,-10],[3,0],[0,4],[3,3],[8,-5],[3,1],[6,-3],[-1,-4],[-2,0],[5,-5],[1,-6],[2,1],[0,-6],[-21,1],[2,-2],[11,-1],[7,-7],[6,0],[3,4],[25,-4],[2,3],[-3,1],[1,2],[-3,3],[4,7],[-3,0],[-1,-2],[-7,2],[-1,2],[4,2],[-3,-1],[0,2],[3,3],[-3,-1],[2,2],[-2,-1],[-6,7],[3,3],[-2,1],[2,3],[24,3],[10,-3],[9,-9],[5,2],[5,-5],[3,1],[-1,3],[8,0],[13,-7],[4,1],[0,2],[9,0],[1,1],[-9,3],[8,2],[-1,2],[2,2],[-1,0],[2,1],[27,-7],[20,0],[-1,4],[18,3],[-4,8],[9,-3],[22,-1],[6,0],[2,2],[-3,1],[4,1],[-2,0],[12,-1],[3,6],[-1,2],[3,2],[33,10],[-7,1],[2,3],[4,0],[-2,-1],[4,-4],[5,1],[15,3],[6,4],[23,4],[6,3],[6,9],[5,3],[-1,3],[2,2],[-6,1],[1,5],[-4,3],[-2,5],[8,4],[11,-4],[3,4],[-5,6],[-16,-3],[-7,6],[-22,-9],[-14,-12],[-5,-2],[2,-2],[-4,-4],[-10,-2],[0,7],[-11,-1],[-11,-11],[1,-1],[-15,-1],[-11,-6],[-14,-3],[-13,3],[-8,-3],[-25,1],[-32,-14],[-27,2],[-12,9],[-1,5],[-3,2],[2,0],[-7,8],[5,4],[-2,7],[5,6],[-3,3],[12,10],[6,2],[4,3],[0,2],[9,6],[30,13],[4,3],[-1,1],[7,4],[0,2],[-3,-1],[5,4],[-2,2],[2,1],[-2,1],[8,9],[-2,3],[2,-1],[0,2],[-4,2],[11,6],[-8,10],[3,-1],[-2,2],[17,6],[2,2],[1,8],[14,5],[25,-1],[19,-5],[11,1],[5,4],[6,-2],[12,3],[5,2],[3,5],[-1,2],[9,5],[0,3],[17,9],[15,0],[10,11],[-2,6],[9,0],[4,2],[1,3],[3,0],[3,4],[0,4],[-5,10],[0,-3],[-11,7],[-11,1],[-12,-6],[0,-3],[-4,1],[-5,-5],[-9,-1],[0,-3],[-1,2],[-17,-1],[-11,-5],[-20,-4],[0,-3],[-27,1],[-9,-6],[-15,-6],[-11,6],[3,-5],[-4,-1],[0,3],[-5,1],[3,3],[-6,8],[-7,-1],[1,-3],[-11,4],[1,4],[-4,5],[5,-2],[1,2],[-1,1],[3,-1],[0,2],[6,2],[0,2],[-4,3],[0,4],[-6,1],[-1,7],[-30,9],[-2,3],[2,2],[-8,5],[-2,0],[2,-3],[-3,-2],[1,0],[-5,1],[-8,7],[0,3],[-7,-1],[-1,3],[-5,1],[-4,4],[-2,-3],[-2,5],[-15,3],[-11,9],[-11,-3],[-10,0],[-3,-2],[-5,2],[-11,-2],[-4,-4],[-13,-1],[-8,3],[-8,-2],[-5,3],[1,3],[-6,3],[-19,-1],[-6,6],[-5,0],[-5,2],[-8,-2],[-11,8],[-4,-1],[0,5],[2,-1],[0,3],[-2,5],[6,4],[-4,8],[3,-1],[-1,5],[12,6],[11,-1],[3,3],[12,1],[1,4],[3,1],[0,2],[13,9],[-2,4],[1,2],[3,-2],[5,8],[8,3],[-5,4],[-15,-3],[-12,-8],[-9,3],[-1,3],[1,1],[-3,3],[1,0],[-1,3],[2,3],[-4,5],[3,1],[-5,0],[3,1],[-1,2],[2,3],[-6,6],[2,4],[-4,7],[1,2],[-3,3],[2,2],[8,-1],[2,-5],[4,1],[2,-2],[3,4],[5,1],[3,-3],[11,7],[15,-1],[8,-6],[3,2],[2,-1],[2,3],[3,-1],[3,2],[-1,1],[1,3],[3,0],[-1,8],[5,-1],[-1,3],[3,0],[3,-4],[-1,2],[3,-2],[0,1],[10,-7],[6,0],[-1,3],[2,-2],[2,2],[7,-10],[-1,5],[1,0],[-3,2],[1,1]],[[3790,2883],[-2,-7],[-1,6],[2,4],[1,-3]],[[3775,2669],[9,-6],[-5,-5],[-7,3],[-6,-3],[2,4],[-3,-1],[3,5],[7,3]],[[3777,2241],[-2,-4],[1,-2],[-9,-9],[1,8],[9,7]],[[3771,2577],[-3,-7],[-5,6],[0,4],[4,0],[4,-3]],[[3766,2706],[0,-2],[4,0],[0,-3],[-5,-2],[-5,-4],[0,-5],[-6,-2],[-2,6],[6,7],[7,1],[1,4]],[[3770,2571],[-1,-3],[-1,1],[2,5],[0,-3]],[[3761,2589],[-1,-2],[0,3],[1,-1]],[[3761,2221],[-7,-10],[4,9],[3,1]],[[3734,2517],[9,-6],[1,-4],[10,-4],[-6,-9],[12,-21],[0,-5],[-3,-4],[-9,-2],[-5,4],[-16,-14],[-5,-1],[-9,1],[-21,-2],[-3,2],[-6,-3],[-17,3],[-5,5],[-1,6],[-3,1],[0,4],[5,5],[0,4],[4,2],[1,3],[7,-3],[7,7],[2,11],[16,7],[10,0],[11,7],[9,0],[5,6]],[[3746,2594],[2,-1],[-5,0],[1,3],[2,-2]],[[3740,2518],[2,0],[-4,0],[2,0]],[[3734,2575],[-1,-23],[-8,1],[8,-2],[1,-8],[-3,-3],[-1,-8],[6,-5],[4,-7],[-16,-1],[-2,3],[2,3],[-3,3],[-1,6],[-3,3],[-3,-1],[0,-4],[-8,-5],[1,2],[-4,5],[3,6],[0,6],[8,0],[-1,2],[4,-1],[1,1],[0,2],[3,0],[0,3],[-1,5],[1,-1],[1,4],[3,2],[-1,1],[3,1],[-2,1],[9,9]],[[3551,2147],[1,-3],[2,0],[-6,-22],[-16,-20],[1,-4],[7,1],[-7,-9],[1,-1],[-5,-11],[-10,-8],[-4,-8],[-5,0],[0,-7],[-10,-13],[2,-2],[-2,-3],[2,0],[-1,-1],[2,-2],[-5,-6],[1,-2],[-1,-4],[6,-4],[-18,-18],[6,11],[0,7],[-9,3],[-8,-4],[-5,-11],[7,-10],[-5,-6],[6,-1],[-11,-9],[0,3],[-5,-2],[-2,6],[-16,1],[-20,-8],[-7,-17],[0,-10],[-3,1],[1,-2],[-2,-8],[-7,-15],[6,-6],[4,0],[-1,-3],[3,-1],[-2,-3],[4,-1],[-4,-5],[-3,0],[-9,-9],[0,-6],[3,1],[-10,-13],[-1,-3],[2,-3],[-7,-11],[-1,-4],[-5,1],[-4,-3],[-1,3],[-3,-3],[-2,2],[-4,-1],[-1,3],[-2,-2],[1,4],[-5,1],[-8,-3],[-1,-2],[-14,6],[-11,2],[-23,-6],[-3,3],[-6,-1],[-2,1],[3,2],[-2,3],[-7,4],[-16,1],[-13,6],[0,3],[-9,7],[2,-4],[-3,0],[0,-3],[-3,2],[-3,5],[3,3],[2,-1],[-4,2],[1,2],[-7,10],[2,2],[-3,6],[-6,7],[1,14],[-6,10],[5,15],[1,12],[-6,3],[-6,11],[2,2],[0,7],[3,2],[-3,7],[2,5],[-1,8],[7,7],[-1,2],[4,8],[9,1],[1,4],[4,1],[7,15],[4,2],[0,9],[12,8],[1,5],[5,6],[7,4],[2,7],[7,1],[-2,2],[2,1],[2,1],[0,-3],[2,2],[0,-2],[3,1],[8,9],[13,-2],[4,4],[3,-1],[14,7],[7,-4],[12,3],[5,-3],[7,1],[-1,2],[12,0],[11,7],[17,-3],[10,2],[9,6],[8,0],[8,-4],[8,5],[6,0],[11,8],[6,0],[-1,2],[5,6],[8,-5],[7,10],[0,-2],[5,0],[6,6],[10,3],[0,-2],[5,5],[0,4],[-21,-13],[-5,2],[-7,-10],[-8,3],[7,5],[-6,0],[2,6],[-7,-2],[-2,1],[1,-2],[-2,-3],[-9,2],[-5,-4],[-11,1],[-9,-10],[5,-3],[-1,-3],[-5,3],[-2,-5],[-3,1],[-2,-3],[0,2],[-2,-3],[1,3],[-3,2],[-11,-5],[-3,4],[-11,-1],[2,1],[-2,3],[-11,5],[-9,-5],[-5,2],[-3,7],[-18,1],[-8,7],[-4,-1],[-2,-4],[-10,1],[0,3],[9,9],[-1,4],[-4,1],[5,12],[7,6],[0,4],[6,7],[13,10],[-1,0],[3,2],[1,5],[13,5],[1,4],[-2,3],[3,5],[2,9],[17,16],[41,18],[14,10],[2,2],[-2,3],[1,4],[16,9],[15,4],[10,9],[12,6],[6,1],[4,4],[5,-1],[3,4],[5,-1],[2,4],[1,-2],[5,4],[2,4],[20,1],[-3,7],[1,3],[8,9],[16,4],[-1,7],[6,5],[7,3],[6,-4],[0,-3],[7,0],[3,6],[-1,3],[9,4],[-2,2],[2,2],[2,0],[-1,-4],[3,1],[2,3],[-1,2],[2,3],[2,-3],[11,7],[-1,-5],[5,0],[2,3],[-2,2],[3,4],[10,3],[-3,2],[-1,6],[4,5],[13,-1],[-4,6],[11,1],[10,-5],[4,3],[-5,4],[-1,6],[5,3],[14,2],[7,-2],[7,-7],[8,-12],[-1,-11],[4,1],[2,-2],[-1,-8],[-7,-2],[0,-3],[3,-2],[5,-9],[0,-5],[-5,-7],[-7,0],[-1,-9],[-13,-10],[-5,-11],[-10,-11],[-6,-4],[0,-4],[-8,-6],[-4,-8],[-5,-4],[-18,-28],[-4,0],[2,-3],[-4,-7],[3,0],[-1,-4],[-10,-9],[-2,-6],[-4,-1],[0,-6],[-9,-9],[-1,-4],[-11,-9],[1,4],[-1,2],[-11,-5],[-5,-13],[-8,-8],[-6,-10],[-2,-11],[1,3],[-4,-8],[0,-2],[-3,-1],[-7,-14],[-11,-8],[-4,5],[-4,0]],[[3551,2147],[3,1],[-3,0],[0,-1]],[[3476,2160],[0,2],[-1,0],[1,-2]],[[3479,2163],[-1,3],[1,-3]],[[3731,2605],[4,-4],[0,-5],[-5,1],[-1,4],[2,2],[0,2]],[[3727,2586],[3,-3],[-2,-1],[-2,3],[1,1]],[[3722,2058],[0,3],[5,3],[-5,-6]],[[3710,2572],[-2,-6],[-3,1],[-3,-6],[-3,-1],[-8,-1],[1,2],[-6,1],[5,3],[-1,2],[3,2],[17,3]],[[3693,1761],[2,-4],[3,3],[-1,-7],[5,-1],[3,2],[3,-4],[-3,-3],[1,-3],[-2,-2],[-21,-12],[-1,-6],[8,-5],[-1,-6],[4,2],[-1,-4],[3,2],[-2,-3],[-6,-1],[-4,-6],[2,-2],[0,-2],[3,0],[-6,-6],[9,-4],[2,4],[2,0],[-2,-2],[2,-1],[2,3],[0,-3],[3,4],[0,-5],[-6,-4],[-5,1],[3,-4],[-1,-2],[-2,2],[-1,-2],[-3,1],[-9,-5],[0,-8],[9,-1],[-4,-4],[5,-3],[-4,-5],[2,-2],[-5,-6],[-9,0],[-8,-8],[-5,-2],[-5,-9],[-10,-2],[-1,4],[3,4],[-3,3],[-5,-1],[-1,4],[3,4],[-1,2],[2,3],[5,4],[-2,1],[4,7],[-7,-1],[2,1],[-1,0],[-1,3],[-7,-3],[0,8],[-3,-4],[-1,11],[3,4],[3,-1],[3,4],[3,8],[5,7],[8,3],[0,4],[2,-1],[3,8],[5,3],[-2,0],[2,2],[-2,1],[2,3],[-3,0],[4,7],[5,-2],[0,-2],[4,1],[2,2],[-3,2],[2,3],[-2,0],[5,6],[-2,5],[4,2],[-2,2],[-2,-2],[0,2],[-5,-5],[-3,0],[0,3],[4,7],[4,2],[2,-3],[5,-1],[4,3],[-1,1],[3,5],[5,2]],[[3707,2068],[-5,-6],[1,5],[4,1]],[[3698,2580],[4,-4],[-1,-4],[-5,-1],[-4,4],[3,4],[3,1]],[[3701,2070],[1,-5],[-7,-6],[1,5],[5,6]],[[3700,2846],[-1,0],[3,0],[-2,0]],[[3695,2530],[4,0],[-1,-4],[-7,-2],[0,2],[4,3],[-3,1],[3,0]],[[3697,1773],[-2,-3],[-1,3],[3,0]],[[3685,2430],[1,-2],[-1,-1],[-2,1],[2,2]],[[3678,2062],[1,-5],[4,4],[-4,-4],[-1,-5],[-3,-1],[0,3],[-3,0],[2,2],[-2,0],[6,6]],[[3675,1636],[-1,-2],[-1,1],[2,1]],[[3673,1636],[1,-3],[-3,-4],[-6,-1],[3,6],[5,2]],[[3669,1637],[1,-1],[-4,-3],[3,4]],[[3669,2598],[-3,-5],[-4,-1],[1,4],[6,2]],[[3665,2428],[3,-1],[-3,-1],[-2,2],[2,0]],[[3660,1616],[6,-2],[-1,-3],[1,-2],[-3,-1],[-1,-3],[1,0],[0,-3],[-2,-2],[3,1],[0,-2],[-7,-6],[-6,3],[-3,-2],[-1,5],[7,9],[1,1],[-2,0],[1,2],[6,5]],[[3664,2106],[0,3],[2,1],[-2,-4]],[[3655,2596],[4,-3],[0,-4],[-4,-6],[-13,-1],[0,-2],[-14,-6],[-4,1],[0,4],[-2,0],[2,1],[-2,0],[10,10],[3,-1],[5,4],[15,3]],[[3638,2237],[-1,-1],[1,3],[0,-2]],[[3626,1659],[2,-1],[-3,-3],[1,4]],[[3621,2577],[0,-3],[-3,-3],[-11,-3],[5,7],[9,2]],[[3604,2565],[2,0],[-4,0],[2,0]],[[3594,2550],[-6,0],[-16,-8],[7,9],[14,9],[6,1],[-5,-11]],[[3549,2692],[4,-1],[-7,-2],[3,3]],[[3502,2152],[2,-1],[-4,0],[2,1]],[[3458,1972],[1,-2],[2,0],[-5,-5],[-1,5],[3,2]],[[3455,2147],[-1,-3],[-3,-1],[4,4]],[[3449,2142],[-2,-2],[-2,2],[4,0]],[[3441,1952],[0,-2],[2,0],[-6,-6],[1,6],[3,2]],[[3433,1956],[2,-3],[-3,-3],[-1,2],[2,4]],[[3434,1940],[-8,-12],[-4,-1],[5,11],[7,2]],[[3388,2701],[2,-1],[-14,-3],[12,4]],[[3384,2233],[-1,-3],[-6,-2],[7,5]],[[3371,2124],[-1,-2],[0,2],[1,0]],[[3361,2144],[2,0],[-2,-2],[-1,1],[1,1]],[[3354,1860],[5,-1],[-5,-10],[0,3],[-5,2],[5,6]],[[3318,1664],[3,0],[-6,-8],[0,3],[-4,1],[2,1],[-2,0],[0,2],[7,1]],[[3183,2096],[6,-1],[3,-5],[1,-4],[-3,-8],[2,-10],[-2,-5],[-2,-10],[-3,-6],[1,0],[-1,-6],[-3,-9],[2,-4],[-6,-1],[-1,-10],[5,-5],[-3,-1],[7,-4],[7,-1],[4,-16],[9,-17],[0,-12],[4,-3],[-1,-4],[3,-2],[4,-14],[-5,-7],[3,-11],[-1,-4],[2,-2],[-5,-9],[3,-3],[-2,-2],[3,-4],[-1,-3],[7,-5],[-1,-4],[2,-6],[7,-6],[0,-12],[3,-5],[6,-2],[1,-7],[25,-11],[18,-18],[5,-1],[-2,-4],[1,-11],[-3,-3],[1,-2],[-6,-15],[4,-5],[-1,-3],[4,-5],[4,-1],[4,-5],[9,0],[0,-3],[4,0],[-1,-3],[4,-5],[-4,-3],[0,-6],[-6,-4],[1,-4],[-6,-6],[0,-6],[6,-7],[6,0],[-5,-6],[2,0],[-3,-6],[4,0],[8,3],[3,-1],[0,-5],[-3,-2],[3,0],[1,-4],[-10,-7],[1,-2],[14,4],[-13,-14],[-13,-8],[1,6],[-10,-11],[-7,1],[2,3],[-6,-5],[-1,-2],[3,2],[-4,-5],[3,1],[0,-2],[5,4],[-5,-8],[10,6],[-15,-13],[5,6],[-6,-4],[1,2],[-4,-1],[0,3],[-6,-6],[1,3],[-2,-1],[0,3],[-2,-2],[3,5],[-9,2],[-1,-2],[3,-2],[-1,-2],[-7,-1],[2,-4],[5,-2],[-2,-5],[5,-1],[-5,-9],[1,-1],[-1,-5],[-8,-3],[-3,3],[-1,-5],[-10,-2],[-1,3],[4,4],[-4,0],[2,3],[7,0],[-2,2],[3,4],[-3,1],[-3,-4],[-3,0],[-11,-8],[-12,-2],[0,-3],[-7,-4],[-9,-4],[-1,4],[-4,0],[-5,-3],[2,-3],[-8,-1],[-7,-6],[-11,-3],[-3,0],[1,6],[-9,-2],[-3,4],[-6,0],[-15,-10],[-4,2],[-7,-3],[-6,2],[8,5],[-4,2],[-4,-4],[1,6],[-5,4],[-13,0],[-3,-3],[-11,-1],[-5,-6],[4,-5],[2,-4],[4,-1],[-11,-9],[-7,-14],[-7,-1],[-6,-7],[2,-5],[-1,-4],[-5,-2],[2,-1],[-4,-3],[-23,-4],[-4,-6],[-1,-4],[-2,0],[-5,-7],[-1,2],[-16,0],[-5,2],[-11,-3],[-10,4],[-1,4],[-12,-4],[0,7],[-3,2],[2,1],[-5,2],[-8,-3],[-10,4],[-8,0],[1,2],[-2,0],[5,5],[-3,1],[6,4],[-3,1],[4,8],[-3,5],[7,6],[-5,4],[2,2],[-2,1],[2,5],[-4,3],[8,3],[-2,2],[1,2],[0,2],[8,6],[-1,5],[9,6],[-1,1],[2,5],[6,3],[-1,2],[2,5],[8,4],[-1,1],[3,1],[2,4],[5,-3],[21,3],[7,-3],[9,5],[-1,2],[4,2],[2,5],[-1,14],[-9,25],[-11,16],[-19,22],[-13,10],[-15,6],[-13,-1],[-5,-4],[-3,4],[-5,-2],[-5,3],[1,1],[-1,2],[4,3],[-1,2],[3,4],[-2,5],[1,1],[-3,1],[1,2],[-1,1],[7,5],[2,4],[-1,4],[2,2],[-2,5],[4,4],[6,0],[-4,3],[10,-1],[9,6],[-2,3],[3,-3],[13,1],[11,10],[25,7],[6,6],[2,9],[-3,0],[-4,6],[-18,12],[-9,4],[-15,-3],[-12,5],[-13,2],[-13,-3],[0,-4],[-2,3],[-2,1],[-13,-5],[-5,-17],[-9,-9],[1,-2],[-5,-9],[-6,-4],[2,-4],[-4,-4],[-1,-11],[-8,-5],[1,-4],[-6,-5],[-3,-8],[-13,-10],[-11,-14],[-11,-8],[-4,-8],[-3,0],[-3,-5],[-22,-13],[0,-2],[-10,-4],[-5,-1],[-2,-3],[-10,-3],[-7,-6],[-13,-3],[2,-1],[-1,-4],[-4,-4],[-7,-2],[1,-3],[-8,-2],[-2,1],[2,1],[-9,1],[2,1],[-5,0],[0,2],[-10,0],[-6,4],[3,5],[-4,-1],[-4,5],[1,2],[-4,4],[4,1],[-7,4],[-3,-1],[-4,3],[3,1],[-6,3],[7,5],[2,-4],[1,2],[3,-1],[-2,1],[2,0],[-1,3],[5,4],[0,1],[7,3],[-2,1],[3,3],[9,2],[-2,1],[0,5],[5,3],[-1,0],[3,3],[-2,4],[1,0],[-10,2],[-4,4],[1,2],[3,-1],[0,3],[-1,0],[2,2],[-2,1],[4,0],[1,4],[-3,0],[0,2],[5,2],[2,4],[-2,0],[3,0],[-1,2],[1,4],[-1,0],[2,3],[12,5],[-2,1],[2,3],[5,4],[-2,1],[6,4],[10,4],[12,2],[-2,2],[-4,-1],[1,2],[-5,-1],[2,3],[-3,1],[1,4],[3,1],[-2,2],[1,5],[12,10],[-2,1],[4,10],[-2,2],[-1,7],[-5,7],[-9,1],[-3,-3],[-1,3],[-5,2],[-9,-1],[2,5],[-5,3],[6,2],[-1,1],[2,2],[-4,0],[4,2],[1,2],[-3,2],[1,1],[12,5],[1,3],[3,-1],[-1,3],[5,0],[-1,1],[6,3],[9,1],[-6,2],[2,5],[2,-1],[-3,5],[4,3],[-4,6],[5,3],[-1,2],[-5,1],[2,1],[-2,2],[-6,1],[11,6],[-4,3],[6,3],[-3,3],[6,6],[-9,-3],[3,7],[7,0],[-3,1],[-3,6],[2,4],[3,0],[-4,4],[10,1],[6,4],[12,1],[-1,4],[6,-1],[0,4],[9,-1],[-1,-5],[4,0],[0,-2],[5,-2],[0,-2],[2,-2],[4,2],[-1,3],[6,3],[3,-2],[4,4],[11,0],[2,1],[0,3],[2,1],[-1,1],[2,0],[-2,2],[9,6],[-1,2],[3,3],[9,0],[-2,2],[2,0],[-1,2],[4,0],[1,3],[6,3],[10,0],[-1,4],[5,2],[1,2],[7,1],[1,1],[-2,2],[24,13],[10,-1],[3,-5],[0,-2],[18,-17],[27,3],[17,10],[3,6],[-3,0],[4,3],[3,0],[10,6],[3,-2],[18,9],[5,5],[3,0],[4,4],[0,2],[3,0],[3,3],[-1,2],[3,-1],[-2,4],[7,1],[0,4],[2,-1],[-1,2],[9,-2],[7,9],[3,-1],[1,5],[-3,0],[1,2],[2,-1],[3,3],[0,3],[1,-2],[5,3],[-1,4],[8,1],[0,-4],[3,-1],[4,3],[2,-3],[8,3],[2,-2],[0,2],[1,-2],[4,0],[8,5],[0,4],[4,1],[1,4],[2,-2],[0,2],[6,-2],[8,3],[8,-2],[22,7]],[[3308,1670],[4,-1],[-4,-6],[-3,1],[2,1],[-6,1],[7,4]],[[3286,3198],[10,-4],[12,-16],[-3,-1],[0,-2],[-3,1],[-1,2],[-16,9],[0,2],[-7,2],[1,2],[3,1],[6,-4],[-5,7],[3,1]],[[3305,1652],[1,-1],[-2,-2],[1,3]],[[3298,1862],[4,-3],[-2,-2],[-4,-2],[1,3],[-5,0],[1,6],[5,-2]],[[3292,1649],[4,-5],[-4,-4],[-2,4],[1,2],[-2,-1],[3,4]],[[3286,1640],[2,0],[-3,-3],[2,1],[-5,-3],[4,5]],[[3231,2950],[10,0],[6,-4],[2,-4],[-12,-6],[-16,1],[-6,3],[6,6],[10,4]],[[3240,1615],[1,-2],[-2,0],[1,2]],[[3163,1573],[-9,0],[-5,3],[6,5],[14,6],[6,0],[2,-4],[-11,-4],[-3,-6]],[[3075,2241],[6,0],[-3,-6],[3,-3],[0,-3],[7,1],[-6,-5],[-1,-4],[-9,-2],[0,2],[3,3],[-3,-1],[3,3],[-2,2],[-6,-5],[-3,2],[-11,-1],[1,-2],[-2,-1],[6,-3],[-7,-1],[-3,-5],[4,-2],[-10,-9],[-3,0],[3,2],[-4,-2],[-4,0],[-2,-4],[-8,-4],[-5,2],[-6,8],[4,-2],[-5,2],[3,1],[0,2],[5,-1],[0,3],[-4,1],[6,3],[-1,5],[-24,-2],[-2,1],[5,2],[-12,2],[5,1],[-4,0],[6,4],[19,-2],[-24,6],[12,1],[-3,1],[3,2],[-3,0],[4,3],[2,-1],[-3,-2],[20,5],[28,-1],[3,3],[-3,-3],[-4,2],[3,3],[-4,-3],[-35,0],[9,4],[30,3],[-27,-1],[3,2],[-6,4],[8,6],[-4,3],[-23,-11],[-13,4],[4,4],[6,2],[-4,0],[4,4],[6,-2],[-3,2],[2,0],[-1,0],[3,4],[-3,2],[3,0],[0,4],[4,-1],[-2,-2],[4,-1],[0,3],[5,-1],[-3,1],[3,0],[-1,3],[6,-1],[-2,3],[2,-3],[-3,6],[6,3],[-8,0],[2,1],[-3,0],[0,3],[9,5],[-4,1],[5,4],[-7,2],[-2,-3],[-4,1],[6,3],[9,1],[3,2],[-4,2],[3,0],[-2,3],[10,3],[-10,2],[-5,-2],[2,4],[6,3],[-2,4],[6,8],[0,3],[15,9],[-2,1],[2,2],[-1,1],[10,1],[0,4],[18,4],[4,4],[-7,1],[3,5],[5,-1],[4,4],[6,1],[5,-1],[-1,-3],[8,1],[2,-4],[11,1],[3,4],[-3,1],[5,0],[-4,1],[1,1],[-2,2],[3,1],[-4,2],[6,4],[-5,0],[-1,1],[-1,-2],[-2,1],[3,1],[-1,2],[3,0],[-1,2],[3,0],[3,5],[7,-2],[0,2],[2,-1],[-2,4],[4,2],[11,1],[-3,0],[14,7],[0,2],[-3,0],[-1,2],[6,3],[3,0],[0,-3],[2,1],[-1,-2],[6,-2],[-1,-3],[6,-2],[-2,-6],[7,-1],[0,-2],[-12,-11],[1,-3],[-3,-3],[2,0],[-1,-2],[-3,-4],[-6,-2],[1,-4],[-4,-4],[2,-1],[-10,-8],[1,-4],[-5,-3],[-1,-5],[-2,0],[2,-2],[-2,-2],[2,0],[-4,-5],[3,0],[-3,-2],[2,-1],[-6,-5],[-11,-5],[-8,-7],[-3,0],[2,-1],[-2,-1],[6,0],[1,-3],[-13,-5],[-5,-4],[7,-3],[1,-5],[9,-4],[0,-2],[2,2],[0,-3],[-3,-1],[-6,-6],[6,0],[-1,-5],[-30,-24],[-4,1],[-3,-1]],[[3073,2239],[-1,0],[-5,3],[1,-2],[-3,1],[6,-3],[2,1]],[[3170,2922],[6,-2],[-4,-3],[-3,3],[1,2]],[[3036,2936],[5,5],[-6,2],[1,3],[-3,-3],[-5,3],[5,0],[-3,4],[2,3],[-15,2],[-9,5],[-2,-1],[-3,2],[6,5],[9,14],[-5,-7],[-12,-4],[-2,-5],[2,-3],[-3,-1],[-5,-8],[-6,9],[1,8],[-9,-2],[0,-3],[-2,1],[-3,-3],[-2,5],[-9,-2],[-2,1],[2,3],[-1,1],[-3,-3],[1,-3],[-4,1],[-2,4],[2,3],[-2,1],[3,3],[-4,6],[2,2],[3,-2],[-1,3],[3,1],[-9,5],[5,4],[7,-6],[-2,-2],[3,-4],[3,3],[-4,5],[1,2],[26,1],[10,-12],[2,4],[7,4],[5,-3],[8,4],[2,-2],[0,-4],[4,3],[0,4],[7,2],[9,-5],[7,0],[2,1],[0,5],[-3,3],[13,0],[14,-5],[11,-8],[5,2],[8,-11],[14,-2],[5,-4],[2,8],[3,1],[14,-8],[1,-4],[3,3],[6,0],[4,-9],[2,2],[1,-4],[6,1],[4,-8],[-6,-4],[-10,-1],[0,-3],[-4,0],[0,-4],[-5,-2],[-17,0],[-4,4],[-8,-2],[-6,3],[-8,-2],[2,-7],[-14,-1],[-2,4],[-4,-3],[2,2],[-3,2],[2,2],[-1,4],[-2,-4],[-1,1],[1,5],[1,-1],[4,2],[-3,1],[1,4],[-2,-3],[-6,2],[-5,-4],[-5,4],[3,-7],[-16,3],[-5,-3],[-1,-10],[4,1],[3,-2],[-6,-4],[-1,2],[-3,-4],[-2,1],[4,4],[-6,-3],[-1,2],[3,3],[-3,2]],[[3163,1573],[1,0],[1,-2],[-2,2]],[[3152,2918],[1,-3],[7,-1],[1,-2],[-7,-4],[4,-2],[-16,-6],[1,-1],[-3,-2],[5,-3],[-5,-3],[-4,2],[-1,2],[2,1],[-2,0],[-1,2],[2,4],[-3,1],[0,3],[6,5],[7,1],[-4,2],[3,0],[1,3],[6,1]],[[3135,2982],[10,-2],[-2,-4],[8,-1],[1,-5],[-5,1],[-4,3],[2,1],[-12,6],[2,1]],[[3136,2978],[7,-5],[-8,2],[-1,2],[2,1]],[[3141,2335],[1,0],[-3,-1],[2,1]],[[3129,2931],[6,-3],[-8,0],[2,3]],[[3130,2983],[-1,1],[1,2],[0,-3]],[[3128,2983],[2,-3],[-3,1],[1,2]],[[3124,2931],[2,-2],[-4,1],[2,1]],[[3112,1588],[2,-2],[-6,0],[4,2]],[[3103,2938],[0,-3],[-1,2],[1,1]],[[3095,2739],[1,-1],[-2,0],[1,-1],[-1,-2],[-3,3],[4,1]],[[3089,2655],[-2,1],[2,1],[0,-2]],[[3079,2936],[-1,-4],[-3,1],[4,3]],[[3075,2656],[2,-2],[-2,-1],[0,3]],[[3077,3219],[-1,-2],[-3,2],[4,0]],[[3067,2937],[2,0],[1,-3],[-3,0],[0,3]],[[3068,2208],[2,-4],[-6,-5],[-4,-1],[-2,3],[10,7]],[[3067,2938],[-2,-1],[0,3],[2,-2]],[[3063,2940],[-3,-5],[0,2],[-3,0],[6,3]],[[3059,2198],[2,-3],[-2,-3],[-5,-2],[3,2],[-8,0],[10,6]],[[3055,2650],[1,-1],[-2,0],[1,1]],[[3036,2936],[-3,1],[5,2],[-2,-3]],[[3033,2856],[1,-3],[-5,2],[4,1]],[[3007,2927],[8,-3],[0,3],[4,-1],[11,-7],[-3,-1],[1,-2],[-2,-2],[-12,-3],[-7,5],[-2,5],[2,6]],[[3025,2720],[4,-7],[-7,2],[3,5]],[[3010,2201],[10,-9],[-8,0],[-9,6],[3,2],[7,-3],[-3,4]],[[2994,2197],[3,-2],[1,3],[6,-1],[7,-6],[-3,-2],[-5,2],[2,-1],[-3,-2],[-5,2],[4,-3],[-3,0],[-3,0],[1,2],[-9,-3],[-6,2],[3,4],[3,-2],[1,2],[-2,0],[2,4],[5,-3],[-4,3],[5,1]],[[3008,2618],[1,-1],[-3,0],[2,1]],[[3000,2747],[1,-1],[-3,-1],[2,2]],[[2993,2749],[4,-2],[-5,1],[1,1]],[[2995,2249],[-7,-2],[4,3],[3,-1]],[[2972,2630],[4,-3],[-1,-4],[-6,1],[3,6]],[[2961,2618],[-2,3],[2,0],[0,-3]],[[2959,2953],[2,-2],[0,-3],[-3,1],[1,4]],[[2959,2956],[1,-2],[-2,1],[-7,-5],[2,5],[5,1],[2,3],[-1,-3]],[[2928,2040],[4,-2],[-15,-11],[-5,1],[3,-2],[-3,-2],[-4,-1],[2,4],[-4,-3],[2,5],[2,-1],[-2,2],[1,2],[-3,-1],[2,1],[-3,0],[1,2],[22,6]],[[2920,1575],[3,-1],[-4,0],[1,1]],[[2915,2902],[5,-3],[-2,-4],[1,-3],[-3,-4],[-7,-2],[1,2],[-2,0],[4,3],[-2,2],[1,0],[-6,0],[10,9]],[[2909,2633],[4,-4],[-8,3],[4,1]],[[2901,2637],[9,-3],[-6,-2],[-1,-3],[-3,2],[0,-2],[-1,3],[-6,3],[8,2]],[[2902,2023],[3,-3],[-4,-3],[1,0],[-1,-3],[-10,-1],[8,5],[3,5]],[[2897,2649],[2,0],[0,-3],[-7,-2],[2,5],[3,0]],[[2893,2750],[-1,-3],[-3,2],[4,1]],[[2890,2648],[2,0],[-1,-2],[-3,0],[2,2]],[[2889,2748],[2,-2],[-3,-2],[2,2],[-1,2]],[[2890,2629],[-2,1],[2,2],[0,-3]],[[2884,2748],[2,-1],[-3,-2],[1,3]],[[2882,2745],[2,-1],[-2,-1],[0,2]],[[2884,2742],[-3,-7],[-7,-6],[1,9],[4,1],[-1,2],[6,1]],[[2877,2605],[1,-2],[-4,2],[3,0]],[[2873,2766],[1,-2],[-3,-3],[1,-1],[-9,0],[10,6]],[[2873,2735],[0,-2],[-2,3],[2,-1]],[[2865,3031],[6,-3],[-5,-1],[-1,4]],[[2863,3030],[2,-5],[-5,-1],[-1,5],[4,1]],[[2857,2677],[3,1],[4,-6],[-7,0],[1,2],[3,-1],[-6,3],[2,1]],[[2805,2714],[1,-1],[-5,0],[4,1]],[[2805,2715],[2,0],[1,2],[-3,1],[5,2],[-2,3],[-6,-2],[4,2],[-2,2],[-9,0],[7,2],[0,2],[-8,0],[-1,2],[7,0],[-2,2],[6,3],[-3,1],[18,6],[5,5],[-2,0],[6,3],[22,3],[0,2],[7,3],[7,-3],[-6,-12],[2,-1],[-2,-9],[-8,-8],[-2,-5],[-10,-13],[1,-3],[-4,1],[-5,-7],[-6,-2],[-3,-5],[-3,1],[-6,-6],[-20,6],[-4,-2],[-1,3],[-5,4],[6,5],[4,-1],[-1,2],[15,7],[1,2],[-2,2]],[[2860,2665],[-7,-6],[0,4],[2,2],[5,0]],[[2850,3017],[4,-3],[-1,-4],[-13,-4],[1,7],[5,2],[1,4],[3,-2]],[[2848,2659],[4,-3],[-2,-4],[-3,2],[1,4],[-4,-1],[4,2]],[[2849,2670],[1,-2],[-2,0],[1,2]],[[2849,2565],[1,-2],[-2,0],[1,2]],[[2847,2665],[1,-2],[-2,0],[1,2]],[[2842,2581],[2,-3],[-2,0],[0,3]],[[2834,2759],[4,-3],[-3,-2],[-7,1],[6,4]],[[2831,3012],[0,-2],[-2,1],[2,1]],[[2831,2994],[-4,-2],[3,4],[1,-2]],[[2829,3003],[-2,-3],[-2,0],[4,3]],[[2826,2579],[-1,-3],[-3,1],[4,2]],[[2821,2580],[4,-1],[-3,-1],[-1,2]],[[2822,3007],[2,-2],[-4,-5],[0,4],[2,3]],[[2814,3001],[1,-2],[-3,-3],[2,0],[-1,-3],[5,-8],[-10,-10],[2,-4],[-10,-5],[-7,0],[3,1],[-2,1],[1,2],[10,8],[-2,2],[1,4],[7,5],[-2,1],[3,4],[-7,-3],[-1,3],[10,7]],[[2801,2724],[2,-1],[-4,0],[2,1]],[[2800,2680],[2,-2],[-3,1],[-2,-2],[0,4],[3,-1]],[[2798,2722],[2,-1],[-4,0],[2,1]],[[2794,2689],[2,-1],[-4,-2],[0,3],[2,0]],[[2782,3326],[5,-2],[-5,0],[0,2]],[[2782,3317],[4,-2],[-1,-5],[-8,1],[2,5],[3,1]],[[2784,2704],[-1,-3],[-3,1],[4,2]],[[2784,2693],[-3,0],[0,3],[3,-3]],[[2779,3303],[1,-1],[-2,0],[1,1]],[[2772,3325],[3,-1],[4,-4],[-8,-2],[0,3],[3,0],[-2,4]],[[2776,3316],[1,-3],[-3,1],[2,2]],[[2772,3315],[4,-3],[-4,-1],[0,-4],[-2,3],[2,2],[-5,1],[5,2]],[[2741,3230],[-1,-2],[-2,1],[0,-4],[-5,-1],[1,-1],[-1,-3],[-4,0],[1,-2],[-1,-4],[-4,-3],[1,-3],[-3,-2],[-2,-5],[-3,-2],[-5,1],[3,-4],[-1,-3],[-3,0],[2,-1],[-8,-4],[1,-2],[-2,-2],[-12,8],[-3,-1],[-1,4],[-5,2],[1,-3],[-2,-1],[1,-6],[-1,-11],[4,0],[1,-5],[-4,-2],[2,-3],[-4,1],[0,-4],[-3,1],[-1,9],[-4,1],[0,-6],[-3,-2],[-2,2],[-2,-3],[-2,1],[-2,-3],[3,-1],[-3,-3],[-3,4],[-1,-4],[-4,2],[-2,-5],[1,-3],[-3,1],[-2,-5],[-3,1],[-3,-5],[0,4],[-3,-3],[-3,3],[-3,-1],[4,-3],[-4,-2],[-1,-3],[-2,5],[-1,0],[0,-7],[-1,-2],[-6,1],[-3,-3],[0,3],[-3,-3],[-3,1],[1,-2],[-2,-2],[-1,3],[-3,1],[5,2],[-2,2],[-6,-1],[1,2],[-6,-6],[-5,2],[-2,-4],[-5,-2],[-3,0],[-3,4],[-3,-6],[-6,-2],[1,-3],[-2,-1],[2,-1],[-2,-4],[-2,7],[-2,0],[0,-6],[-2,3],[-1,-1],[-1,2],[-1,-2],[-3,2],[1,13],[-4,0],[-1,-2],[-1,4],[-3,2],[-3,-1],[-3,-16],[-4,0],[-3,-7],[1,-1],[-4,-1],[-3,2],[-2,-3],[-7,1],[0,6],[4,2],[-1,5],[-8,3],[-13,1],[-6,-3],[-3,3],[-4,-2],[-1,-5],[0,2],[-3,-1],[-2,2],[-3,-8],[2,-7],[-4,-4],[-2,1],[2,-7],[-5,1],[-1,-4],[-4,0],[-1,-3],[-2,3],[-3,-1],[-2,-4],[-2,2],[2,4],[-3,-1],[2,6],[-4,6],[-1,5],[-12,4],[-1,2],[2,2],[-2,2],[9,5],[-2,1],[2,7],[5,2],[-2,-3],[2,-3],[-1,-3],[6,-1],[9,8],[0,2],[5,2],[-1,2],[3,0],[0,4],[5,2],[-1,1],[4,0],[-3,2],[2,2],[3,-2],[0,-6],[2,-1],[10,0],[12,3],[-2,6],[2,0],[-3,4],[16,2],[2,6],[2,1],[-1,3],[4,2],[1,3],[-2,2],[3,1],[0,4],[5,0],[-3,3],[2,2],[7,0],[-3,3],[11,-1],[-1,1],[7,3],[-1,-1],[6,10],[-3,2],[2,1],[-2,3],[8,12],[2,-2],[9,3],[3,-2],[7,10],[6,1],[-1,2],[9,-1],[-3,5],[1,2],[17,1],[0,3],[2,1],[-4,1],[3,3],[2,-2],[1,3],[-4,0],[5,1],[3,5],[8,-1],[2,3],[8,-2],[1,4],[4,2],[0,3],[10,5],[-3,3],[1,2],[4,-2],[5,2],[0,5],[3,2],[4,-2],[-1,3],[4,-1],[0,3],[5,-3],[2,2],[-1,1],[5,0],[-1,2],[2,2],[4,-2],[7,2],[-2,2],[6,1],[0,2],[-2,1],[1,2],[1,-2],[2,4],[8,-4],[-2,3],[1,0],[-1,2],[4,-1],[-1,1],[2,1],[-2,0],[2,1],[-1,2],[9,-1],[2,-3],[2,3],[3,-3],[4,2],[4,-2],[2,2],[-2,1],[3,1],[-2,1],[4,1],[23,-6],[4,-4],[-2,-2],[2,-1],[-1,-6],[-3,1],[-1,-3],[3,-6],[-5,1],[2,-4],[-2,-4],[1,-1],[-2,0],[-3,-7],[-3,-1],[-4,-9],[-3,-1],[1,-2],[-1,-1],[0,-5],[-3,-3],[-2,1],[-3,-6],[-2,1],[0,-3],[-2,-4],[1,1],[2,-1],[-4,0]],[[2767,2658],[8,-7],[-4,0],[-1,-3],[-5,6],[-5,0],[9,-1],[-2,5]],[[2768,3319],[1,-1],[-2,1],[1,0]],[[2765,2656],[2,-2],[-4,2],[2,0]],[[2763,2653],[2,-2],[-5,2],[3,0]],[[2759,2755],[5,0],[-4,-4],[-2,1],[1,3]],[[2756,2751],[-4,1],[2,1],[2,-2]],[[2751,2940],[-4,-7],[-9,-8],[-2,-5],[1,-3],[-5,-2],[2,8],[4,5],[2,7],[-2,0],[13,5]],[[2697,1676],[8,-9],[-8,-1],[-5,2],[-1,5],[3,0],[-1,2],[4,1]],[[2692,3189],[4,-1],[1,-4],[-5,0],[-2,5],[2,0]],[[2690,1686],[6,-6],[-1,-2],[-4,-1],[0,3],[-7,2],[6,4]],[[2546,3114],[3,-1],[-2,-3],[2,-1],[-1,-1],[4,-1],[-2,-1],[2,-2],[-3,-2],[1,-4],[-2,-2],[-2,3],[2,1],[-3,0],[2,3],[-3,-1],[-1,2],[2,6],[-2,-1],[-1,3],[4,2]],[[2496,3120],[-2,3],[2,1],[0,-4]],[[2492,3123],[1,-2],[-2,1],[1,1]],[[2464,3093],[1,-3],[-3,1],[2,2]],[[2445,3112],[10,-9],[-3,0],[-2,-4],[-7,1],[-2,-4],[-7,-1],[-1,2],[0,-2],[-5,-2],[-4,1],[-4,-2],[-5,4],[1,0],[-1,2],[8,3],[11,1],[-5,1],[6,3],[-3,0],[12,0],[-5,3],[5,0],[-2,2],[3,1]],[[2447,3059],[1,-6],[-2,4],[1,2]],[[2435,3043],[-2,-2],[-1,2],[1,3],[2,-3]],[[2207,3039],[3,1],[2,-2],[-1,2],[3,0],[0,2],[5,-1],[-1,2],[4,1],[4,-11],[0,-3],[11,-2],[10,3],[8,6],[3,3],[-1,3],[3,6],[7,0],[-2,2],[2,0],[8,-1],[-5,3],[5,-3],[0,4],[12,2],[0,3],[2,-1],[8,5],[10,0],[4,4],[8,-1],[6,2],[12,-12],[3,-1],[3,2],[-1,2],[2,-2],[3,2],[-1,3],[3,2],[-3,-1],[-1,2],[2,0],[-4,3],[4,2],[2,-3],[0,4],[3,-7],[-1,-4],[2,2],[2,-4],[4,-1],[3,2],[-1,3],[3,2],[-3,3],[0,3],[3,1],[-1,2],[2,-1],[7,6],[1,-5],[2,0],[5,4],[-3,0],[0,3],[3,0],[4,4],[-2,0],[1,2],[3,-1],[0,3],[4,1],[5,-2],[1,1],[-1,-2],[2,2],[0,-2],[-1,-2],[12,-16],[7,-2],[9,3],[3,-2],[4,-11],[-1,0],[2,-7],[-2,3],[-1,-4],[2,-4],[-3,0],[1,-4],[-2,2],[-1,-3],[-4,0],[-2,-3],[-1,2],[-3,0],[1,-4],[-7,7],[0,-3],[-2,3],[-1,-1],[1,-4],[-5,4],[0,-8],[-3,3],[0,2],[-5,1],[1,-2],[-2,3],[-3,-5],[-5,2],[0,-2],[-3,0],[-1,-4],[5,-3],[-3,1],[0,-2],[10,-4],[-1,-3],[-13,4],[-2,-2],[6,-4],[-2,-2],[-11,6],[5,7],[-10,10],[-9,0],[-26,-6],[-8,-8],[-1,-5],[17,-8],[0,-3],[2,-2],[-7,-3],[2,-2],[-4,-1],[1,-2],[-4,1],[2,-3],[-6,-3],[2,-3],[-3,-4],[1,-2],[-6,-2],[1,-5],[-10,0],[-2,4],[-6,1],[-5,-6],[0,3],[-2,0],[-1,3],[-1,-3],[-3,-1],[1,2],[-5,0],[0,3],[-4,-1],[2,-3],[-5,3],[1,-3],[-2,0],[1,-1],[-1,-2],[-6,6],[-9,1],[-25,-7],[-7,-10],[1,-3],[-8,-2],[-9,-9],[0,-2],[2,0],[0,-11],[3,-6],[3,0],[-6,-6],[-1,-5],[2,-1],[-2,-3],[7,-3],[-1,-2],[-7,-6],[-1,2],[-15,-7],[-7,-2],[-2,3],[-6,-1],[2,3],[-2,0],[-6,-2],[-2,2],[-9,0],[-3,3],[0,5],[-4,-1],[-2,2],[1,3],[-2,-1],[1,3],[-4,7],[-7,2],[-19,1],[-4,-1],[1,-2],[-2,0],[-4,-6],[-12,0],[1,6],[-2,0],[-1,6],[9,8],[-4,1],[4,1],[2,4],[-3,3],[-6,1],[3,2],[-3,3],[2,2],[-4,1],[4,2],[-2,2],[0,3],[4,3],[-3,1],[0,2],[5,7],[-4,2],[-6,-1],[0,2],[-4,-3],[-2,1],[6,6],[2,-1],[1,4],[-4,9],[-5,0],[2,6],[-3,-1],[1,2],[-5,0],[-10,-5],[0,1],[-3,0],[-1,-3],[-5,1],[-1,3],[3,2],[8,0],[3,6],[15,-1],[7,9],[-1,7],[10,2],[2,2],[-3,1],[6,1],[1,2],[12,1],[5,5],[-1,2],[4,1],[-1,2],[2,1],[16,0],[6,2],[2,3],[3,-6],[10,-1],[5,1],[-1,2],[5,2],[-1,2],[21,-8],[-3,-1],[0,-1]],[[2205,3038],[0,-1],[1,1],[-1,0]],[[2248,3052],[2,0],[-1,-5],[-3,3],[2,2]],[[2202,3045],[-3,1],[5,-1],[-2,0]],[[2163,3051],[3,-1],[-5,1],[2,0]],[[2103,3025],[2,-2],[-5,1],[3,1]],[[2075,3037],[4,-2],[-6,0],[2,2]],[[2077,3032],[2,-1],[-3,0],[0,3],[1,-2]],[[2065,3036],[1,-2],[-3,0],[2,2]],[[4938,1438],[4,-1],[2,-4],[-2,-2],[-5,2],[-2,5],[3,0]],[[5002,1291],[16,7],[12,1],[9,8],[7,3],[-3,0],[3,3],[0,5],[7,4],[-1,5],[3,8],[-1,7],[-3,2],[8,3],[-1,2],[9,0],[3,3],[4,10],[0,6],[-4,5],[3,-1],[1,4],[-3,0],[7,4],[3,8],[-5,18],[-7,11],[-11,9],[-16,5],[-1,7],[-5,1],[2,3],[-8,13],[-5,2],[-4,-3],[-9,4],[-10,6],[-2,6],[4,4],[11,-6],[12,10],[9,-2],[-8,3],[2,5],[-2,8],[3,4],[-2,2],[2,1],[0,5],[6,-1],[-7,2]],[[5030,1505],[11,0],[3,-12],[6,0]],[[5050,1493],[11,11]],[[5061,1504],[17,-22],[-1,-6],[-3,0],[0,-2],[3,0],[-2,-2],[8,-3],[9,-15],[4,-11],[-13,-5],[-1,-3],[4,-5],[-4,-4],[1,-3],[7,-9],[35,-13],[24,7],[5,-10],[-1,-10],[-5,-11],[-18,-17],[-3,-6],[3,-9],[-1,-6],[-13,-18],[-8,-25],[-8,-7],[-9,-14],[-2,-9],[-5,-11],[-3,0],[-2,4],[4,2],[-10,6]],[[5073,1267],[1,9]],[[5074,1276],[-3,0],[-3,-5],[-7,5],[-10,-3],[-12,4]],[[5039,1277],[-23,2],[-14,12]],[[7532,4636],[-1,-6]],[[7519,4625],[-5,-9],[-17,4]],[[7335,4664],[-41,-14],[-19,6]],[[7275,4656],[0,5],[-8,10],[1,3],[6,3],[0,5],[-15,-2]],[[7259,4680],[-16,2],[7,21]],[[7250,4703],[-2,4],[2,3],[-5,3],[2,2],[-2,2],[0,8],[-4,7],[-4,0],[-2,8],[6,5],[-2,6],[3,4],[1,4],[-1,5],[-2,0],[2,1],[-1,15],[-31,-10],[-1,8],[-7,11],[5,2],[0,2],[-14,-1],[2,9],[-1,4]],[[7194,4805],[9,1],[-17,19]],[[7186,4825],[-3,11],[-6,7]],[[7177,4843],[-16,5],[-11,8]],[[7150,4856],[-4,-3],[-5,6],[1,8],[-9,3],[0,3],[-5,2]],[[7128,4875],[4,5],[15,4],[4,3],[8,0],[3,3],[6,2],[7,-2],[3,3],[-1,0],[12,2],[-2,2],[2,2],[6,-1],[18,6],[6,6],[1,6],[9,6],[2,-2],[13,3],[6,-1],[0,-2],[0,5],[9,4],[2,-3],[-2,-1],[3,-1],[16,5],[4,4],[13,-3],[8,1],[-3,1],[4,2],[16,2],[-3,-2],[6,-3],[0,-4],[3,0],[-2,-1],[2,-2],[-2,-1],[19,-9],[6,-1],[3,3],[20,4],[9,-2],[10,8],[6,-1],[-1,-5],[4,0],[0,-4],[7,1],[0,-2],[3,-2],[16,1],[4,-2],[3,3],[3,-6],[9,1],[3,-2],[0,-6],[2,2],[-2,-4],[7,-3],[5,0],[4,3],[2,-1],[1,3],[6,1],[16,9],[11,-10],[10,1],[5,-3],[4,2],[0,-2],[3,3],[4,0],[1,-5],[4,0],[2,3],[4,1],[7,7],[4,0],[9,-2],[1,-4],[15,2],[1,-6],[14,-6],[10,1],[4,3],[0,-2],[5,1],[0,-3],[7,2],[1,-3],[3,-1],[3,4],[16,1],[5,-5],[5,-1],[4,3],[2,-3],[4,0],[5,3],[-4,-1],[2,3],[6,3],[3,-3],[2,2],[5,-7],[0,-6],[3,1],[3,-3],[2,1],[12,-5],[8,1],[5,-3],[18,2],[3,2],[-1,-1],[4,-2],[-1,-1],[2,-4],[11,-2],[5,2],[-1,-2],[6,6],[0,-2],[2,3],[5,-1],[1,2],[-1,0],[-1,-2],[-2,1],[2,3],[6,3],[-1,-2],[4,-1],[3,2],[0,-3],[6,4],[1,-3],[12,2],[3,-4],[7,3],[1,-3],[9,2],[14,-5],[6,5],[3,-2],[6,2],[0,-1],[3,0],[7,4],[0,-4],[5,1],[1,-2],[19,0],[1,-2],[14,-2],[18,2],[15,8],[12,2],[8,-3],[5,-6],[4,0],[7,2],[0,3],[5,-1],[-2,2],[4,0],[4,4],[9,1],[-2,14],[2,3],[5,0],[4,5],[2,-1],[7,4],[2,-2],[4,1],[12,7],[0,-2],[9,-2],[-3,-8],[21,-3],[3,-3],[2,1],[1,-2],[-3,-1],[3,-1],[-2,-2],[2,-1],[7,3],[0,-3],[5,-4],[3,0],[3,4],[12,2],[7,-2],[4,-4],[15,2],[2,-3],[2,2],[4,-3],[10,3],[6,-6],[15,-3],[4,-4],[7,3],[2,-3],[5,5],[5,1],[2,-3],[13,10],[2,5],[3,2],[7,-4],[9,5],[-1,2],[6,0],[6,5],[6,8],[22,11],[9,-2],[-1,-2],[3,-1],[3,1],[-4,2],[3,2],[12,-1],[0,-2],[17,4],[12,-1],[11,-5],[8,2],[3,-3],[-2,-1],[3,-2],[3,1],[-3,1],[2,2],[6,-3],[-1,-2],[8,2],[4,-5],[27,9],[7,0],[2,-5],[12,5],[2,-2],[3,0],[1,-7],[5,-2],[-4,-2],[-2,-7],[2,-4],[15,-7],[5,1],[2,-2],[13,-4],[17,1],[14,5],[0,3],[3,0],[0,4],[3,2],[1,-2],[-2,-3],[6,-4],[12,-2],[1,-4],[7,-1],[7,-5],[-2,-4],[2,-5],[7,-4],[1,-4],[2,-3],[14,-7],[-2,-2],[1,-4],[7,-3],[0,-4],[7,-11],[5,-2],[5,-9],[2,1],[8,-8],[1,1],[0,-2],[16,-8],[4,-1],[-3,2],[14,-7],[7,1],[-2,-1],[8,-5],[21,-5],[-5,-5],[7,-1],[-4,-1],[4,-3],[-4,-1],[-7,-15],[0,-25],[1,0],[0,-10],[11,-19],[8,-7],[11,-5],[-4,-4],[-1,-6],[4,-7],[4,-1],[-1,-3],[1,1],[-8,-14],[0,-10],[3,-6],[6,-2],[-1,-6],[2,-2],[16,-5],[4,-4],[-1,0],[1,-2],[11,-1],[0,-3],[-2,0],[2,0],[0,-2],[8,-2],[-3,-6],[5,-2],[-7,-3],[-3,-6],[3,6],[-12,-1],[7,2],[-2,1],[-2,-1],[-12,3],[-3,-5],[-2,3],[3,1],[-3,-1],[1,-5],[-4,-3],[2,0],[-2,0],[1,-4],[2,1],[0,3],[1,-3],[3,2],[-3,-2],[9,-6],[9,8],[-9,-9],[0,-4],[-14,-5],[-1,-2],[11,-6],[4,-5],[9,-3],[-4,0],[4,-2],[-2,-3],[7,-1],[-2,-1],[2,-2],[-9,1],[-3,-3],[4,-2],[-5,-1],[4,0],[-3,-1],[2,-1],[-1,-2],[-3,0],[2,-1],[-3,-1],[3,-1],[-1,-2],[-10,-4],[3,0],[-5,-3],[2,-1],[-13,-4],[-7,10]],[[7762,4879],[2,1],[-2,0],[0,-1]],[[8677,4562],[0,-1],[-2,1],[2,0]],[[6373,1974],[-11,1],[-7,-3]],[[6157,2003],[-4,0],[-6,-7]],[[6080,2024],[11,4]],[[6091,2028],[1,-1]],[[6092,2027],[15,2],[35,8]],[[6142,2037],[1,4],[5,3]],[[6148,2044],[13,4],[0,2]],[[6161,2050],[3,1]],[[6164,2051],[6,8],[-3,4]],[[6167,2063],[10,3],[5,8],[10,2],[0,8],[4,3],[9,2]],[[6205,2089],[0,2],[20,0]],[[6225,2091],[1,-2]],[[6226,2089],[7,-1],[3,3]],[[6236,2091],[5,-2],[5,2],[1,6],[11,-2],[9,7],[7,0],[5,5],[7,0],[0,5],[-6,1],[-2,7],[7,2],[6,9],[14,-2],[-2,6],[-4,2],[15,0],[11,4],[23,1],[3,0],[1,-4],[2,-1],[8,0],[-1,2],[15,3],[1,-2]],[[6377,2140],[14,-1],[7,1]],[[6398,2140],[3,3],[0,3],[3,0],[0,9],[3,-1],[-1,4],[21,-1],[-6,13],[-6,2],[3,5],[26,-5],[8,0],[-4,4],[12,-3],[2,10],[14,-1],[7,3],[-2,7],[-5,3]],[[6476,2195],[2,3],[18,5]],[[6496,2203],[20,-4],[10,1],[28,-4],[19,-6],[11,1],[-5,4],[21,-6],[-13,0],[5,-1]],[[6592,2188],[0,-6],[-2,-4],[-6,-1]],[[6584,2177],[3,-12],[-16,-6],[-8,-1],[3,-6],[2,-1],[0,-5],[3,-1],[-2,-12],[22,-4],[2,-9],[-13,-4],[-18,0],[15,-19],[24,-9],[-4,-3]],[[6597,2085],[-12,0],[3,-3]],[[6588,2082],[1,-7]],[[6589,2075],[-22,2],[-32,-9],[-37,-2],[-25,-6]],[[6463,2066],[-16,-1],[-40,-14],[-7,-5]],[[4479,6075],[8,-2],[6,3],[21,-3],[-10,4],[3,1],[-1,3],[-17,-1],[3,3],[-6,1],[4,1],[-1,1],[-17,-3],[1,5],[-7,-4],[-3,0],[1,1],[-3,2],[4,5],[-9,2],[11,3],[2,2],[-2,1],[2,1],[-2,4],[9,1],[0,4],[14,-1],[1,-2],[9,1],[1,2],[-19,0],[-5,3],[25,11],[11,1],[-7,2],[1,2],[-7,-1],[11,3],[6,-2],[10,3],[5,-6],[12,4],[21,-4],[22,-15],[26,-26],[3,1],[-4,4],[5,1],[0,3],[-13,12],[13,7],[-31,7],[-4,3],[2,3],[-4,3],[11,0],[-7,3],[-35,3],[-7,7],[-2,-1],[5,-7],[-39,6],[5,2],[7,-1],[5,5],[7,-3],[6,2],[-2,5],[-14,-1],[-1,2],[-28,10],[1,6],[3,2],[-3,-1],[1,3],[-4,2],[-5,0],[-7,-5],[-2,1],[4,4],[-7,1],[-1,3],[-11,-3],[-3,2],[5,6],[-7,0],[-4,3],[2,6],[-7,1],[4,6],[-3,0],[6,2],[-1,3],[3,-2],[-4,6],[5,5],[-2,2],[4,6],[-1,4],[-3,0],[3,4],[-1,3],[1,2],[-2,1],[5,1],[-1,2],[4,3],[-2,2],[3,3],[6,0],[2,5],[-1,1],[2,4],[5,-1],[9,7],[-1,1],[4,2],[-3,3],[2,2],[25,-2],[30,16],[9,10],[0,3],[4,7],[8,5],[0,9],[-3,1],[8,2],[1,3],[-2,1],[17,9],[-9,2],[3,6],[3,2],[-5,4],[4,6],[8,2],[0,5],[-3,3],[3,5],[-6,1],[2,2],[-1,2],[4,2],[-3,5],[6,1],[-3,1],[3,1],[-5,5],[1,3],[-3,2],[11,17],[4,1],[-3,2],[3,0],[1,-2],[8,1],[9,-8],[6,0],[0,-2],[2,1],[-1,-2],[3,1],[6,-3],[2,-5],[5,1],[16,-3],[4,-6],[14,0],[2,1],[-2,2],[7,2],[2,5],[54,-7],[9,0],[5,4],[9,1],[6,-9],[8,-2],[-1,-2],[7,0],[16,-13],[8,1],[-2,2],[2,1],[7,-1],[2,-1],[-4,-2],[17,-4],[1,-2],[-6,1],[0,-3],[11,-8],[4,0],[-3,-1],[3,0],[0,-3],[-1,-3],[-4,-2],[2,-3],[-3,-2],[4,-3],[-2,-2],[1,-5],[8,-3],[11,7],[-14,-9],[-9,1],[7,-2],[-3,-4],[0,-10],[11,-12],[20,-8],[-3,3],[10,1],[9,-5],[-6,-9],[-6,-3],[4,1],[-3,-6],[-27,-6],[-14,-16],[1,-1],[-12,-2],[11,1],[-3,-2],[6,3],[2,6],[10,11],[11,-1],[0,-3],[4,-4],[-15,-11],[2,-14],[-4,-5],[5,4],[-1,13],[-2,-1],[0,3],[16,10],[0,5],[-2,1],[2,3],[18,7],[2,7],[3,2],[0,10],[-9,3],[-22,3],[-3,2],[5,6],[-13,8],[-5,6],[22,13],[1,-5],[2,6],[-2,5],[4,-2],[1,-4],[5,2],[6,-2],[-2,2],[20,0],[3,6],[-3,8],[-12,5],[3,3],[-1,4],[-5,1],[-1,-2],[-7,9],[-3,0],[0,3],[16,0],[6,6],[10,1],[-3,-7],[8,-4],[3,3],[2,-2],[-7,-5],[-1,-4],[2,-1],[-1,-2],[1,-2],[2,-3],[7,3],[3,-5],[0,-4],[4,-2],[11,2],[5,-9],[-5,-6],[8,-10],[4,-2],[7,4],[12,0],[-2,-10],[5,9],[7,-3],[-2,-1],[8,-1],[-1,-4],[-4,-1],[0,-2],[6,-7],[10,-3],[15,1],[12,-8],[7,1],[5,-2],[3,3],[13,-3],[-11,-6],[6,0],[0,-3],[5,-1],[-3,-6],[3,1],[-1,-3],[3,-1],[0,-8],[-2,-2],[-12,-13],[-9,2],[-9,-10],[5,-1],[-2,-2],[-3,-2],[-2,2],[-5,-3],[0,-3],[5,0],[-8,-8],[-5,-2],[-4,1],[0,-3],[-3,-4],[-7,-2],[-3,-4],[-12,-7],[-5,-11],[-2,1],[2,-1],[-12,-16],[1,-2],[-2,0],[-5,-7],[-14,-11],[-5,-8],[1,-7],[-7,2],[2,-2],[-4,-3],[1,-3],[1,1],[2,-2],[-1,-2],[1,2],[3,-2],[12,-4],[11,11],[0,4],[5,8],[-1,3],[10,-3],[9,3],[3,4],[10,3],[5,13],[15,1],[11,9],[13,-2],[2,3],[-1,9],[2,9],[-4,3],[-5,-3],[-1,3],[4,4],[2,-3],[3,0],[5,15],[8,6],[3,5],[0,2],[10,7],[4,2],[7,-2],[10,6],[9,0],[1,-3],[4,-2],[-2,-5],[2,-5],[-1,5],[3,8],[12,7],[2,10],[9,2],[-2,20],[-5,3],[-6,9],[4,7],[7,2],[-4,0],[1,2],[-2,2],[4,2],[-2,2],[1,3],[-1,0],[-2,5],[5,4],[9,3],[-3,4],[8,0],[5,5],[5,0],[1,-3],[7,-4],[8,5],[15,-3],[3,2],[-1,1],[7,0],[2,5],[6,-5],[4,1],[-1,2],[4,0],[0,-3],[8,2],[4,-5],[6,3],[-1,1],[7,0],[9,-5],[9,1],[4,-2],[-1,-1],[0,-2],[6,-2],[1,-7],[22,-8],[7,2],[9,-5],[7,0],[2,-5],[-1,-1],[5,-3],[1,-4],[-6,-9],[5,7],[10,1],[3,2],[-2,3],[8,1],[1,-1],[-1,-2],[6,-2],[0,-2],[1,-1],[-4,-2],[9,3],[4,-3],[-4,-5],[2,-8],[-2,-4],[4,-2],[-2,-3],[4,0],[-4,-4],[1,-2],[-3,1],[-3,-3],[9,-9],[3,3],[-2,-3],[2,-2],[12,0],[7,6],[1,4],[-4,1],[-2,4],[3,2],[0,3],[5,1],[2,-4],[7,-3],[-2,4],[7,5],[-2,1],[0,2],[8,0],[-1,-5],[-3,-2],[3,0],[-3,-4],[-8,-3],[-1,-4],[-5,1],[-5,-3],[1,-5],[-4,-8],[2,-6],[-3,-5],[1,-6],[-3,2],[1,3],[-6,0],[0,5],[-2,-1],[0,-4],[4,-2],[-2,-1],[5,-1],[1,-2],[6,0],[-1,-4],[-36,0],[-28,-21],[5,-8],[1,-4],[-9,-11],[3,-4],[-4,-2],[-1,-4],[1,4],[4,2],[-3,5],[8,7],[10,-15],[-7,-4],[-3,-9],[-15,-11],[-4,-6],[-8,-3],[8,2],[9,10],[0,-6],[-5,-3],[-7,-12],[-14,0],[-1,-1],[10,1],[-6,-10],[2,-4],[3,0],[-4,4],[4,7],[8,3],[11,14],[3,9],[7,5],[6,11],[10,4],[-1,1],[4,3],[-9,-3],[-7,11],[4,8],[-6,7],[5,-3],[4,-7],[2,2],[-1,4],[3,3],[12,0],[5,-5],[-4,5],[-25,2],[-1,4],[5,-1],[5,3],[1,0],[0,2],[12,10],[6,2],[7,0],[-6,-1],[10,-4],[-2,-2],[2,-1],[-7,-1],[5,-2],[12,4],[-11,-9],[-19,-2],[19,1],[18,14],[18,17],[1,-4],[-6,-2],[14,1],[2,6],[-1,0],[7,5],[-1,3],[1,-1],[2,3],[2,-1],[-2,-2],[2,1],[3,5],[-1,2],[4,0],[-1,2],[3,2],[-1,0],[5,4],[-2,0],[11,10],[0,2],[12,5],[3,-1],[3,4],[9,0],[5,-4],[2,5],[15,-6],[-3,6],[8,-2],[-2,1],[12,3],[5,-3],[2,1],[-2,4],[12,-4],[4,-4],[9,2],[4,-3],[10,-1],[12,-8],[2,-6],[-2,-1],[4,-3],[18,1],[5,4],[0,2],[2,-1],[-3,4],[1,3],[-3,0],[4,4],[10,-5],[9,1],[3,-5],[7,2],[3,-3],[3,5],[-5,3],[2,0],[-2,3],[-4,-1],[-3,5],[6,-2],[0,3],[5,-2],[2,3],[3,0],[-3,2],[2,0],[-4,4],[2,1],[-3,3],[2,-1],[-3,5],[4,0],[-1,4],[6,-4],[0,3],[4,-2],[3,3],[3,-3],[-1,-5],[4,2],[2,-4],[5,-1],[0,3],[2,-3],[-2,-1],[1,-1],[9,2],[4,-6],[8,-1],[-1,6],[5,-2],[3,2],[4,-2],[-1,6],[3,3],[1,-5],[8,2],[2,14],[3,-1],[-2,3],[2,1],[-1,5],[2,0],[-1,2],[5,-3],[0,4],[4,-1],[-2,5],[4,-3],[1,4],[2,-4],[5,-1],[-1,2],[9,-4],[-2,2],[2,-2],[0,3],[2,0],[1,4],[5,0],[-1,4],[8,-2],[1,-3],[2,5],[2,0],[7,-14],[7,1],[-2,6],[2,1],[2,-4],[10,-3],[2,-7],[7,3],[0,5],[5,-2],[3,-10],[12,-1],[3,5],[-2,4],[2,2],[-3,2],[1,3],[8,1],[3,3],[-1,-1],[3,-1],[-1,2],[1,3],[7,0],[0,3],[3,1],[-1,-3],[1,3],[1,-2],[1,5],[1,-2],[3,1],[-2,4],[2,0],[-2,3],[3,4],[-4,6],[3,0],[-1,2],[3,-2],[1,3],[3,-3],[-1,3],[2,2],[-2,6],[3,1],[-2,2],[3,-2],[-1,3],[4,0],[3,-5],[1,4],[6,0],[-1,0],[1,4],[6,-5],[3,5],[2,-1],[0,3],[2,-3],[0,5],[2,1],[-1,6],[2,-1],[-1,3],[3,-4],[0,2],[2,-5],[-1,-5],[2,-2],[0,-4],[3,-2],[-2,-3],[4,0],[-2,-8],[2,0],[-3,-2],[5,-1],[-2,-4],[4,-1],[-2,-3],[3,-1],[1,-7],[12,-4],[21,4],[8,-1],[-1,1],[6,-3],[7,3],[0,2],[2,2],[4,-2],[-1,2],[3,2],[6,-3],[0,3],[3,-4],[0,-6],[7,-1],[3,2],[-1,3],[5,-1],[-2,3],[1,1],[7,-2],[0,4],[6,-2],[-3,1],[1,-4],[1,2],[9,-5],[2,-10],[2,-2],[9,-3],[5,3],[-1,3],[2,0],[-1,2],[20,7],[-1,-1],[10,-3],[5,2],[5,-5],[3,2],[15,-4],[10,3],[13,0],[2,2],[-2,1],[2,2],[4,1],[9,-2],[5,3],[0,-2],[9,-1],[3,3],[14,3],[3,-3],[0,5],[7,2],[13,-2],[-3,-4],[2,0],[0,-5],[3,-1],[12,0],[3,2],[-3,2],[3,2],[-2,0],[2,2],[-2,-1],[2,2],[-1,2],[5,3],[7,4],[9,-2],[-2,2],[3,2],[12,1],[4,4],[2,0],[14,9],[2,5],[3,-1],[0,3],[3,3],[7,2],[1,4],[8,1],[1,3],[5,0],[2,3],[5,3],[4,-1],[7,5],[4,-2],[5,1],[6,5],[10,2],[5,-6],[2,10],[-2,1],[4,3],[0,4],[1,-3],[0,3],[3,2],[11,3],[1,3],[3,-1],[3,3],[4,-3],[1,-5],[2,0],[-1,-2],[7,1],[2,-4],[6,2],[-2,-2],[7,0],[-1,-1],[12,1],[3,3],[7,-1],[-3,-1],[6,1],[-2,1],[18,-1],[14,4],[11,-2],[2,2],[25,4],[1,3],[7,-2],[9,2],[7,-2],[6,1],[0,-2],[-2,1],[2,-1],[-5,-13],[0,-5],[-1,5],[-6,-2],[3,-4],[-3,4],[-5,-1],[-2,-1],[5,-2],[-4,-3],[2,-4],[7,-3],[2,-3],[10,1],[-1,-1],[11,-6],[12,1],[-1,3],[6,-1],[1,3],[6,4],[5,0],[18,9],[7,1],[5,-2],[2,3],[22,3],[9,-2],[3,-3],[20,3],[2,-2],[4,0],[3,-4],[-8,-3],[4,-4],[11,2],[1,-2],[14,-2],[17,1],[22,-10],[6,0],[3,-4],[-2,4],[10,4],[14,16],[3,6],[0,5],[-6,5],[-9,0],[-4,4],[-6,1],[-5,9],[-9,0],[-17,7],[-21,10],[-1,3],[1,10],[4,8],[1,12],[11,9],[21,10],[4,-1],[4,4],[17,-5],[10,-8],[5,-12],[7,-7],[0,-5],[1,-2],[4,3],[-2,-5],[7,2],[-1,-1],[9,-1],[2,3],[2,-3],[9,2],[1,-3],[9,2],[0,-2],[7,0],[-1,-4],[7,4],[13,1],[5,-2],[-4,3],[2,3],[5,-2],[3,4],[3,-2],[-1,2],[7,2],[-3,2],[2,1],[7,-2],[4,3],[-1,-1],[11,-4],[14,6],[14,-3],[2,-2],[-1,-3],[6,2],[9,-1],[7,8],[30,0],[4,1],[-1,2],[3,1],[0,2],[5,2],[0,-5],[5,0],[2,-2],[-1,-1],[2,0],[-2,-1],[8,-2],[9,-6],[1,-6],[5,-8],[3,-4],[5,2],[-3,-4],[5,2],[27,1],[8,6],[19,-1],[0,2],[4,0],[5,4],[9,2],[46,-5],[9,1],[1,4],[6,1],[9,-1],[-1,-2],[4,0],[-1,-2],[1,-1],[11,3],[8,-4],[-3,-1],[6,0],[0,-3],[-3,-1],[3,0],[0,-2],[-9,-4],[-1,-3],[-2,-1],[1,-2],[-5,-2],[1,-5],[-2,0],[-1,-11],[3,-8],[-5,-5],[5,-4],[-4,-1],[5,-2],[-2,-6],[-5,-2],[-1,-5],[-3,-1],[3,1],[-2,-4],[1,0],[-2,-3],[2,-2],[-17,-1],[-20,-6],[-1,-3],[7,-2],[1,-6],[7,-4],[-2,-1],[1,-1],[3,0],[-6,-5],[1,-1],[-2,-2],[2,-1],[-3,-1],[1,-4],[-4,-2],[2,-9],[-2,-2],[2,0],[-18,-13],[-4,-11],[-6,-3],[1,-2],[-11,-6],[-3,-5],[-10,-4],[2,0],[-2,-3],[2,-1],[-8,-7],[-10,1],[-6,-6],[-6,-11],[-4,-23],[3,-16],[5,-16],[8,-9],[19,-10],[13,3],[7,-2],[12,1],[15,6],[20,1],[4,-3],[-2,-3],[3,-6],[-3,0],[-1,-2],[3,-1],[-3,-2],[2,0],[-2,-1],[2,-2],[-2,1],[1,-3],[-3,0],[2,-2],[-5,-3],[3,-1],[-5,-3],[7,-2],[-4,-2],[4,0],[-6,-3],[8,-8],[-4,0],[2,-2],[-2,0],[1,-2],[-3,1],[2,-5],[-6,3],[-3,-1],[2,-2],[-2,-1],[-5,1],[6,-4],[1,-4],[-14,-16],[1,-3],[-3,-3],[-13,-6],[1,0],[-2,-1],[2,-2],[-7,-5],[-1,-2],[5,-2],[-6,0],[4,-2],[-3,1],[2,-3],[-3,-3],[-5,-1],[2,-3],[2,1],[-3,-3],[3,-3],[-3,-3],[3,0],[-4,-1],[-2,-6],[-3,2],[1,-4],[-6,-2],[-4,-5],[6,-2],[-6,-8],[4,1],[1,-1],[-6,-3],[2,-1],[-3,-3],[-5,-2],[3,0],[-2,-1],[2,0],[-1,-3],[-5,-3],[5,0],[-1,-3],[2,-2],[-7,-3],[4,-2],[0,-2],[-15,-4],[4,-3],[-9,-4],[-1,-4],[-4,-1],[2,-1],[-1,-2],[-6,-1],[-4,-3],[-13,-1],[-3,-5],[-4,-1],[1,-2],[-3,0],[3,-2],[-16,-7],[5,-1],[-8,-3],[3,-2],[-2,-1],[-1,2],[-4,-4],[1,-1],[-8,-2],[0,-3],[-6,-1],[-1,-3],[-7,-3],[0,-2],[2,0],[-14,-11],[2,-2],[-7,-4],[-2,-5],[-5,-2],[-8,-9],[-13,-7],[-32,-7],[-3,-2],[2,-1],[-7,-2],[-5,0],[-5,3],[-5,-2],[-11,1],[-18,-8],[-5,6],[2,-4],[-3,0],[-1,-4],[-2,0],[2,-2],[-2,0],[1,-1],[-5,-3],[-18,-2],[1,-2],[-2,-1],[-4,2],[-3,-3],[-10,0],[4,-3],[-10,3],[3,-7],[-13,0],[-8,-4],[-14,-2],[-32,-12],[-16,-11],[1,-1],[-7,-7],[-2,-4],[-11,-6],[-7,-10],[-17,-2],[0,-4],[1,1],[-9,-12],[-4,-9],[-33,-26],[0,-3],[-7,-5],[-1,-7],[-5,-5],[-2,-4],[2,0],[-4,-3],[2,-1],[-16,-9],[-2,-3],[1,-1],[-5,-3],[-3,-5],[-3,-1],[-2,2],[2,-2],[4,0],[-18,-17],[-8,-2],[-3,-4],[-12,-3],[-27,-12],[-7,-8],[-22,-11],[1,-3],[-4,-2],[-41,-19],[-8,0],[-3,-5],[-5,-1],[2,-3],[-2,-2],[-8,-4],[-5,0],[1,-4],[2,-1],[-1,-1],[-12,-3],[-6,-5],[-10,2],[2,-2],[-13,-2],[-2,-3],[-7,-4],[1,-2],[-4,-3],[0,-3],[-4,-3],[-9,-2],[-6,-6],[-22,-11],[-4,-5],[-9,-3],[1,-4],[-10,-1],[-1,-3],[-9,2],[-3,-2],[5,-2],[-1,-1],[-9,1],[-5,-8],[-4,-1],[-6,-7],[-19,-2],[-5,-4],[2,-2],[-1,-2],[-17,3],[-8,-2],[-2,-3],[1,0],[-9,2],[-17,-10],[-13,-17],[-15,-5],[-9,-7],[-8,-27],[-1,-10],[3,-3],[-6,-2],[0,-4],[-3,-2],[3,-7],[-16,2],[-6,-5],[-13,-1],[-4,-2],[0,-3],[-12,-5],[-4,-5],[1,-4],[-4,0],[-2,-2],[-17,-2],[-16,-6],[-27,-1],[-13,-10],[-4,1],[-17,-6],[-5,1],[-11,-6],[-6,-1],[-8,-14],[-3,-11],[-5,-8],[-1,-9],[-4,0],[-2,-11],[9,-6],[1,-6],[-5,0],[-1,-9],[-3,-4],[11,-27],[-14,-7],[-2,-10],[-9,-6],[-1,-5],[4,-7],[-6,-6],[12,-13],[0,-4],[-3,-1],[-2,-5],[1,-6],[0,5],[2,5],[3,1],[1,7],[2,-7],[1,3],[2,-5],[1,3],[2,-4],[2,2],[4,-3],[12,2],[5,-3],[0,3],[6,-1],[2,-4],[-2,4],[4,0],[2,-2],[2,3],[3,-5],[5,-1],[-37,-3],[1,2],[-22,-6],[3,5],[4,1],[-2,4],[-3,2],[2,-6],[-2,1],[-3,-6],[-6,-1],[-48,-1],[-17,-2],[3,-1],[-6,-2],[-1,1],[-32,-9],[-26,-1],[-3,3],[1,-2],[-20,4],[-12,-1],[-1,1],[2,2],[-6,2],[-3,-1],[-3,3],[1,-3],[-1,-1],[-4,3],[-7,0],[-11,5],[4,2],[-5,0],[3,-3],[-14,5],[0,7],[-3,3],[-23,2],[-9,6],[-13,3],[-12,-2],[1,2],[-4,0],[3,0],[-2,-2],[14,0],[7,-2],[-21,-1],[-11,3],[-27,-4],[-16,-9],[1,2],[-6,-7],[-24,1],[12,-2],[-4,-1],[-10,3],[-21,17],[-7,2],[-1,-1],[3,-2],[-4,1],[-25,14],[-3,-1],[-1,-2],[26,-14],[7,-2],[1,-2]],[[5475,5193],[1,2],[4,1],[16,-17],[32,-7],[11,0],[32,9],[14,-1],[23,5],[21,1],[5,-8],[-1,-1],[7,-5],[22,-24],[10,-4],[2,-3],[0,4],[15,2],[3,-1],[-2,9],[5,2],[59,-10],[4,-4],[22,-9],[-3,4],[6,-3],[-2,4],[16,0],[-3,-6],[5,6],[10,-1],[-4,-1],[5,0],[2,-3],[-2,3],[19,2],[-1,-4],[-8,-1],[-12,-6],[12,6],[9,1],[2,4],[12,3],[36,21],[26,8],[36,4],[9,-5],[3,-6],[8,-8],[36,-20],[23,-9],[-2,1],[10,-1],[15,2],[18,9],[2,0],[-1,-2],[3,3],[17,3],[-1,6],[17,21],[2,5],[-1,4],[4,3],[21,9],[31,2],[-9,-12],[2,-6],[-3,-7],[1,-2],[-16,-21],[-24,-21],[1,-1],[-3,-4],[-9,-7],[-20,-23],[-11,-6],[-9,-15],[-15,-11],[-8,-10],[-9,-6],[-12,-4],[-10,-7],[0,-4],[-4,-1],[1,-3],[-11,-5],[2,1],[-9,-8],[-6,-1],[-2,-4],[2,-6],[-2,-4],[-6,-7],[2,0],[-4,-1],[-3,-7],[-5,-2],[-2,-10],[-54,-52],[-16,-5],[-19,3],[-9,-3],[-15,1],[-5,4],[-13,0],[0,-2],[-5,7],[4,9],[-3,0],[5,2],[4,5],[-9,-2],[-5,3],[-2,9],[2,6],[-3,-9],[-4,-3],[-9,7],[-2,5],[-2,-4],[-3,1],[0,4],[-4,0],[0,2],[-2,0],[0,-2]],[[5785,4953],[2,-1],[0,-5],[-10,4],[-1,-1],[-3,4],[-3,-1],[-3,2],[-1,-3],[-6,0],[-4,-4],[-6,-2],[-1,3],[-4,-3],[0,2],[-6,-1],[1,-1],[-6,-4],[2,5],[-6,-4],[-7,-1],[-48,-29],[-13,-11],[2,-1],[-15,-1],[-8,3],[0,-4],[-3,0],[-2,3],[4,2],[-7,3],[-25,4],[-21,-3],[-12,-8],[-1,-3],[2,-1],[-20,-8],[-35,2],[0,-3],[2,-1],[-4,-1],[1,-2],[-7,-12],[1,-3],[-2,-1],[-9,-9],[0,3],[-3,0],[-3,-2],[-1,-4],[-6,0],[0,-2],[-5,0],[-12,-6],[-18,1],[-8,-3],[-18,-20],[-19,-12],[-5,-8],[-8,-1],[-10,-5],[-9,-11],[7,3],[-5,-6],[-12,-5]],[[5368,4780],[-9,-8]],[[5359,4772],[-10,2],[-10,8]],[[5339,4782],[-5,11],[-6,3],[-3,5],[7,1],[-4,7],[-8,0]],[[5320,4809],[-23,28],[-34,13]],[[5263,4850],[-12,6]],[[5251,4856],[-10,0],[-6,-6]],[[5235,4850],[-15,1]],[[5220,4851],[-11,-5],[-5,-4]],[[5204,4842],[1,-3],[7,-6]],[[5212,4833],[-7,-4]],[[5205,4829],[1,-3],[4,-8]],[[5210,4818],[7,2],[21,-20]],[[5238,4800],[35,8]],[[5273,4808],[3,-4],[-10,-7],[6,-6],[-10,-4],[7,-10],[-19,-4],[1,-2],[-10,-1],[4,-7],[-16,-4],[2,-3],[-6,-1],[4,-4],[-20,-11],[5,-3],[-2,-9],[-5,-5],[-8,0],[-2,-2],[0,-3],[-7,-3],[4,-4],[-4,-5],[-3,-12],[13,-4],[6,2],[5,-4],[8,2],[18,-3],[23,-8],[24,2],[2,-3],[-3,-3],[7,-3],[-13,-19],[-11,-10],[-7,5],[-36,-8],[-5,1],[1,6],[-34,2],[-3,-3],[1,-4],[-3,-8],[-17,-8],[-24,-3],[-10,-5],[-10,-10],[-35,-10],[-18,-2],[-39,4],[-4,0],[-2,-5],[-11,-4],[-31,-2],[-4,-10],[-8,-3],[2,-4],[-1,-4],[-5,1],[-14,-5],[-14,1],[1,1],[-9,7],[-9,4],[1,2],[-2,5],[4,6],[-1,7],[-13,5],[-9,-3],[-4,2],[-1,-3],[-6,-4],[-17,-2],[-3,-1],[-2,0],[4,3],[-39,-1],[-6,-4],[-2,-4],[-5,0],[0,-3],[-15,-2],[0,-4],[-9,2],[-9,-4],[-8,0],[-2,2],[-2,-3],[-3,2],[-11,-2],[-6,1],[-21,-14],[-10,3],[-8,-3],[-5,4],[-18,0],[-8,-4],[-28,0],[-16,-4],[-2,-4],[-4,2],[-25,-8],[-19,-14],[-23,-11],[-21,-20],[1,-2],[10,-4],[0,-5],[-19,2],[-8,6],[-5,-10],[-27,-11],[-28,1],[-9,-1],[-34,12],[-22,3],[-20,0],[-30,-5],[-9,0],[-8,7],[-11,19],[-11,10],[-9,5],[0,-2],[-37,-13],[-18,-12],[-13,-1],[-11,-7],[0,-4],[-3,-2],[5,-9],[2,-15],[-3,-9],[-13,-12],[-1,-5],[-5,1],[-15,-5],[3,-6],[-6,-9],[0,-11],[4,-6],[-22,-9],[-17,-13],[-12,2],[-13,7],[-9,0],[-28,-5],[-7,-4],[-5,1],[-9,-3],[-12,-2],[-7,2],[-5,-5],[-9,-5],[-23,-5],[-21,3],[-6,-10]],[[3989,4355],[-34,6]],[[3955,4361],[-3,4],[23,11],[2,10],[-10,3]],[[3967,4389],[6,8],[36,18],[7,8],[5,2],[-2,5],[12,17],[-14,4],[-5,4],[-2,-1],[1,2],[-2,0],[-10,-10],[-10,-4],[-1,-4],[-3,-2],[0,2],[-4,-7],[-12,-3],[2,-2],[7,0],[-1,-3],[-22,-7],[-5,-7],[-7,-3],[-14,-14],[-18,-11],[-2,-6],[-7,-1],[0,3],[-11,-3],[-21,2],[-21,-8],[-17,8],[6,7],[-1,2],[-19,2],[-4,2],[-7,-3],[-4,2],[1,3],[-3,5],[-3,-2],[-2,3],[3,0],[-1,7],[7,7],[12,0],[7,5],[11,1],[0,2],[10,4],[-1,9],[-6,7],[-6,3],[-5,-4],[1,3],[-3,4],[2,3],[-10,-6],[0,-3],[-10,-1],[-12,-11],[-21,-4],[-12,-9],[-15,-4],[1,-1],[-4,-2],[-8,0],[-14,-12],[-20,-10],[-7,-7],[1,-1],[-11,-7],[-29,-8],[-45,-6],[-3,6],[-6,1],[-6,7],[0,3],[-6,3],[-1,8],[-3,2],[2,9],[-3,1],[1,3],[-3,1],[-6,-6],[3,-7],[-1,-5],[-11,-4],[1,5],[-3,0],[2,3],[-2,2],[-3,13],[2,0],[-7,10],[-4,1],[5,1],[2,4],[-3,7],[-4,2],[1,4],[10,-3],[2,-6],[4,3],[-2,2],[1,2],[-3,5],[3,13],[7,-3],[-1,-2],[5,-6],[0,7],[6,-1],[-5,10],[-7,2],[-3,7],[-8,0],[0,15],[3,11],[5,3],[1,6],[-5,4],[-4,7],[-5,3],[-20,-1],[-13,4],[-7,10],[-2,19],[-7,7],[-7,12],[6,14],[-2,2],[1,6],[-3,4],[5,6],[0,10],[-4,6],[8,10],[6,18],[7,11],[-2,10],[3,29],[6,1],[3,4],[-4,5],[-1,8],[4,1],[9,-5],[4,2],[0,12],[-6,3],[0,8],[6,1],[-2,3],[3,1],[0,2],[3,-2],[5,3],[-1,-4],[3,2],[6,-5],[6,4],[-5,1],[-1,3],[11,7],[5,0],[4,-7],[8,-5],[1,2],[2,-1],[1,-2],[-3,-1],[3,-3],[4,1],[3,-4],[7,2],[2,-4],[2,3],[2,0],[1,-2],[-1,-5],[1,-5],[4,0],[4,3],[1,-5],[6,-1],[3,-9],[8,4],[7,-2],[-2,-5],[17,-5],[3,-4],[-8,0],[-1,-3],[7,-10],[20,6],[8,-1],[2,-4],[9,-1],[6,-6],[-1,4],[-7,6],[5,2],[-9,6],[-1,3],[5,6],[8,-2],[7,-4],[4,-10],[0,-6],[-7,2],[6,-5],[-2,-3],[2,-11],[5,-1],[-1,-1],[9,-3],[4,-5],[5,3],[1,-3],[5,2],[5,-1],[2,-6],[9,-5],[1,-7],[10,0],[7,-6],[0,-2],[4,5],[-3,8],[-5,5],[3,4],[-2,2],[3,-1],[0,2],[-5,3],[1,10],[-8,10],[5,8],[1,-2],[-2,-3],[14,-1],[0,-5],[2,0],[-3,-3],[1,-1],[11,2],[9,-7],[-3,-4],[5,-2],[-6,-5],[0,-6],[14,-2],[3,2],[0,4],[-6,8],[-4,0],[5,4],[2,-1],[0,-3],[6,-2],[6,8],[7,4],[17,-7],[5,0],[1,4],[9,-3],[1,4],[8,-9],[2,1],[-5,5],[-1,5],[8,1],[2,-5],[3,1],[6,-4],[3,2],[-2,5],[-6,2],[5,0],[0,2],[2,-3],[5,1],[1,-4],[7,1],[9,-2],[0,-3],[4,-2],[6,0],[8,5],[4,7],[1,8],[1,0],[-1,1],[1,5],[-1,3],[-11,5],[-20,2],[-13,-5],[-27,5],[-11,5],[-13,-1],[-8,-6],[-10,-1],[-9,4],[-6,-2],[0,2],[-10,2],[-3,-1],[2,-6],[-1,-2],[-19,4],[-12,-8],[-11,-3],[-1,1],[3,6],[-4,5],[-13,4],[-5,-2],[-2,3],[1,5],[-7,1],[-2,5],[-10,-2],[-4,3],[2,8],[-2,1],[4,5],[1,-4],[12,-1],[3,-5],[8,2],[0,6],[-4,5],[-2,0],[0,5],[-25,2],[-27,11],[-5,7],[1,2],[-2,4],[-6,5],[4,15],[-22,20],[-5,8],[-20,14],[-16,6],[-8,2],[-3,-3],[-12,7],[-15,-5],[-6,4],[-1,12],[3,6],[9,5],[-2,13],[29,36],[-4,10],[3,12],[12,2],[8,-2],[5,2],[0,5],[13,8],[27,2],[9,-3],[5,0],[4,-5],[-2,-3],[5,1],[-8,-3],[0,-2],[15,4],[3,-3],[8,0],[6,-6],[9,1],[6,-8],[1,3],[4,0],[1,-3],[-5,-1],[7,-3],[-1,2],[5,1],[1,2],[-8,7],[-2,5],[7,2],[5,-2],[9,3],[-4,-1],[-1,4],[-8,10],[2,2],[-9,1],[-4,-2],[-4,3],[4,2],[-2,2],[4,3],[0,4],[-2,9],[-8,7],[1,2],[-2,-2],[-6,3],[-15,1],[-15,-2],[-31,3],[-11,-1],[-32,21],[-26,2],[-9,7],[0,8],[9,13],[-3,4],[-3,2],[0,6],[10,22],[0,6],[-3,4],[3,5],[-8,18],[0,5],[1,0],[-1,0],[-7,17],[2,1],[-2,5],[2,4],[-2,2],[2,4],[-5,6],[5,8],[2,0],[0,3],[2,4],[-4,12],[2,3],[-5,6],[3,2],[-2,4],[2,3],[11,3],[13,-5],[8,4],[9,-2],[4,2],[0,2],[1,-2],[0,3],[2,-1],[3,5],[9,2],[5,5],[6,-2],[3,2],[10,-6],[8,0],[3,3],[8,-2],[9,8],[9,-5],[4,2],[13,0],[5,5],[3,-2],[-4,-2],[3,-1],[-2,-2],[1,-1],[15,-2],[-1,-2],[7,-2],[-8,-10],[1,-2],[-5,-4],[5,-4],[-7,-3],[3,-6],[-1,-4],[3,-2],[3,2],[9,-2],[-4,-13],[13,-5],[3,3],[3,-1],[0,-8],[7,-3],[3,-6],[0,-5],[-9,-7],[5,-4],[-3,-7],[1,-6],[-2,-8],[14,-16],[22,-15],[23,-21],[13,3],[8,-1],[4,6],[-3,4],[-9,3],[0,1],[4,1],[-6,3],[1,2],[-4,3],[-2,6],[-9,2],[-1,4],[17,11],[6,0],[6,-5],[-2,-6],[-5,0],[1,-4],[8,3],[3,-2],[2,3],[18,1],[-1,1],[2,3],[-2,2],[-3,0],[2,3],[0,4],[-16,0],[-5,6],[17,20],[-1,5],[2,5],[-1,7],[3,7],[-3,7],[2,4],[-6,5],[-11,-3],[-6,4],[1,7],[-1,5],[-5,4],[-27,7],[-6,-2],[-2,5],[-13,-2],[2,4],[-2,1],[0,2],[4,5],[-9,5],[2,8],[-3,1],[-10,11],[0,5],[10,2],[1,4],[-13,7],[6,2],[9,9],[-2,9],[6,4],[2,9],[4,5],[13,6],[5,5],[-1,3],[7,4],[10,2],[3,-2],[-1,-1],[7,1],[1,-2],[5,0],[5,-4],[4,1],[2,-2],[-2,-3],[5,3],[3,0],[-1,-2],[2,0],[5,2],[-1,-5],[3,-2],[-2,-2],[2,-1],[8,6],[-1,-3],[14,5],[1,-3],[4,-2],[0,-4],[8,0],[1,-5],[-5,-4],[-1,-3],[1,-2],[-3,-3],[4,-2],[4,3],[1,-3],[-2,-2],[4,-1],[-6,-14],[5,-4],[0,-7],[8,-10],[8,-2],[-3,-9],[7,-3],[-3,-1],[30,-6],[2,2],[0,-3],[4,-3],[24,-1],[1,-5],[16,0],[5,-7],[4,-1],[16,5],[-1,8],[-7,3],[7,0],[-1,3],[3,2],[0,4],[10,2],[-5,2],[0,2],[12,2],[-3,7],[11,9],[-8,5],[4,4],[-1,7],[7,2],[2,13],[5,1],[7,9],[11,-7],[20,0],[10,-9],[51,-22],[16,-10],[5,-14],[7,-7],[19,-6],[2,-3],[22,-7],[11,-1],[-1,1],[3,1],[9,-4],[16,-2],[8,-6],[23,-7],[5,1],[6,5],[1,4],[-11,4],[-6,5],[0,10],[-6,6],[-77,16],[-8,8],[1,9],[-5,6],[-28,24],[-48,6],[-9,-1],[-3,4],[-9,2],[-3,6],[2,6],[-15,11],[3,6],[8,4],[15,-4],[9,3],[5,-5],[5,0],[3,4],[-5,8],[10,3],[8,-1],[7,-5],[2,-6],[-2,-1],[1,-3],[-4,0],[1,-4],[8,-2],[10,-10],[8,-1],[7,-7],[16,-5],[21,-1],[21,2],[13,5],[17,4],[24,0],[0,-3],[4,1],[-5,-4],[15,-1],[2,-3],[4,1],[8,-4],[12,-13],[13,-5],[12,-13],[8,-1],[4,-4],[15,-2],[0,-5],[13,-3],[4,-5],[2,0],[1,-3],[30,-1],[-1,-5],[7,0],[4,-3],[2,-6],[-1,0],[17,-25],[3,0],[-1,-2],[5,-10],[10,-11],[7,-10],[3,-3],[7,3],[3,-2],[-1,3],[6,-6],[-4,7],[4,1],[-1,3],[-4,3],[1,3],[-5,6],[-1,5],[-6,3],[4,8],[-12,13],[-8,2],[3,5],[-4,3],[-3,7],[-24,13],[-17,3],[-4,5],[-3,9],[-18,12],[-8,-1],[2,-1],[-11,-4],[-5,10],[-2,1],[-1,-3],[-2,2],[0,4],[-9,10],[-16,4],[-8,10],[-10,3],[-3,5],[-10,1],[-1,4],[-6,1],[2,4],[6,3],[24,0],[1,8],[-8,5],[16,-2],[12,8],[-7,6],[-11,1],[5,4],[-3,2],[3,4],[-2,9],[-40,1],[-3,5],[-17,2],[0,2],[-5,4],[1,3],[-3,5],[-19,4],[-25,3],[-6,3],[-31,2],[-4,4],[2,1],[-2,2],[8,4],[-1,4],[-9,8],[-7,2],[-3,9],[-4,0],[-6,11],[-5,2],[0,-1],[-9,-2],[-17,1],[10,13],[-3,4],[-1,5],[-14,13],[-10,4],[-21,-3],[-17,6],[-9,0],[-3,3],[-13,-3],[2,4],[-6,2],[-2,6],[3,6],[9,2],[-1,1],[-6,-2],[-3,2],[6,4],[-1,3],[6,1],[2,3],[-2,-1],[-3,5],[-9,2],[-2,4],[-23,5],[-3,8],[-6,6],[-5,-2],[-3,2],[0,3],[-1,-1],[0,5],[2,1],[-3,2],[15,5],[-2,5],[-8,1],[3,6],[-3,2],[6,1],[1,4],[3,-1],[-2,3],[2,1],[-2,3],[2,4],[5,1],[7,-3],[0,6],[-3,0],[1,4],[2,-1],[0,4],[16,3],[4,-2],[0,-3],[14,-2],[2,-5],[11,-3],[5,-9],[5,0],[1,-4],[3,-2],[5,-1],[-1,1],[2,1],[2,-3],[3,1],[2,-11],[5,-1],[1,-5],[8,1],[5,-12],[8,0],[2,6],[4,1],[1,10],[3,-5],[10,-1],[3,1],[-3,3],[5,3],[2,-3],[8,-4],[6,-11],[13,2],[3,-3],[6,0],[1,-2],[-2,-3],[9,-2],[1,7],[9,2],[-1,2],[1,3],[14,0],[-1,5],[-7,3],[3,6],[-2,2],[8,5],[5,-5],[3,1],[-1,3],[-4,1],[1,3],[-4,4],[2,2],[7,-1],[-10,5],[7,1],[-2,2],[9,3],[0,4],[-9,-2],[0,5],[13,-1],[-2,5],[-8,4],[-3,-4],[-3,2],[0,3],[-6,-1],[1,6],[5,-1],[-2,3],[4,2],[-20,-1],[-3,3],[-3,0],[0,4],[-4,3],[18,4],[2,-2],[11,2],[21,-2],[-9,5],[-18,2],[-6,5],[1,3],[-8,6],[2,0],[-3,2],[2,1],[-9,2],[13,5],[5,-2],[0,-3],[15,-2],[2,2],[-2,1],[5,2],[13,-2],[-2,2],[3,1],[-5,1],[-1,2],[8,2],[2,-2],[1,3],[5,-1],[-4,7],[3,3],[1,-3],[3,0],[1,2],[8,-1],[-2,2],[2,3],[-4,2],[3,2],[-2,1],[-8,-4],[-3,3],[-12,-9],[-9,-1],[-1,3],[-11,-1],[-6,3],[2,3],[-3,2],[-16,-5],[-5,6],[-5,-2],[-7,3],[7,11],[7,3],[1,0],[-2,-2],[4,0],[10,4],[7,-1],[6,4],[-13,0],[2,2],[-6,-2],[-4,-4],[-4,2],[-17,-6],[3,2],[-4,2],[2,1],[-1,3],[2,1],[-7,1],[2,1],[-5,2],[14,1],[4,5],[-3,2],[1,3],[-9,1],[-3,3],[1,1],[-6,2],[2,1],[-19,-2],[2,3],[-2,3],[-10,2],[5,5],[-6,1],[2,2],[-5,-1],[-1,6],[-2,0],[7,9],[-7,4],[-4,-1],[-1,3],[-6,-3],[-6,3],[-2,7],[1,5],[-3,1],[1,11],[-12,3],[-1,6],[-12,10],[-30,10],[3,4],[-2,2],[0,3],[5,-1],[2,5],[3,1],[-2,3],[3,2],[-2,1],[1,1],[-2,5],[3,0],[2,6],[3,-1],[7,2],[4,9],[5,-1],[4,6],[4,0],[-3,-8],[6,-2],[-1,-5],[5,-6],[4,3],[1,-2],[4,2],[12,-5],[4,2],[6,-2],[4,4],[3,0],[-2,-1],[4,-1],[-5,-4],[1,-5],[-4,-3],[1,-2],[5,1],[5,-5],[10,2],[7,-3],[3,-2],[-3,-4],[9,-4],[-2,-4],[5,-2],[1,-6],[2,-1],[5,1],[2,5],[2,-2],[9,5],[-3,1],[1,3],[7,5],[8,1],[4,3],[5,-1],[6,9],[6,-1],[3,2],[4,-2],[-1,5],[12,0],[-2,2],[4,4],[10,-1],[-10,2],[-11,-1],[-8,3],[0,2],[-5,-4],[-4,2],[5,2],[-3,4],[-11,3],[1,4],[8,2],[14,11],[0,-3],[5,-1],[0,-8],[3,2],[0,-2],[9,-3],[10,4],[-1,-1],[2,-2],[-2,-2],[2,-2],[-5,0],[5,-2],[-5,-2],[3,-7],[-1,-2],[4,1],[-2,3],[2,1],[-3,1],[0,-2],[-2,4],[3,1],[3,-3],[9,0],[4,-3],[-2,-3],[6,4],[-3,4],[-9,0],[5,3],[-4,1],[4,3],[4,0],[1,-1],[-2,-2],[7,-1],[0,-2],[7,2],[3,-4],[4,0],[-3,-6],[8,-1],[5,-4],[6,4],[11,0],[3,4],[5,1],[5,-4],[-1,-4],[5,-2],[1,-7],[2,-6],[19,-7],[-18,13],[6,5],[0,2],[-4,0],[-2,3],[3,1],[-1,6],[8,5],[0,6],[4,1],[8,-10],[5,-1],[3,1],[-2,1],[12,10],[8,-1],[5,-6],[6,5],[2,-2],[-3,-4],[3,-1],[-6,-5],[3,-3],[6,1],[3,3],[-1,9],[-2,2],[-13,2],[0,4],[7,3],[-6,0],[-3,3],[6,2],[13,-4],[6,3],[-7,4],[14,0],[9,-6],[-3,-3],[7,-2],[-2,-1],[29,-16],[26,-9],[3,1],[-2,2],[2,3],[5,2],[12,-6],[19,3],[-4,6],[10,6],[5,-1],[-3,-5],[8,4],[7,-2],[5,-6],[-2,-4],[3,-7],[0,-4],[7,-3],[-1,-2],[7,1],[-1,-1],[18,-12],[2,-5],[13,0],[10,-4],[3,1],[-3,1],[3,1],[11,-9],[5,-8],[4,-2],[2,2],[0,3],[3,3],[-1,3],[-19,5],[-2,3],[3,2],[0,-3],[3,1],[-2,2],[3,1],[-2,4],[-21,12],[-30,11],[-5,7],[15,7],[23,-3],[55,4],[-27,7],[-22,-4],[-25,0],[-8,4],[-9,-2],[-20,8],[-19,-1],[8,-3],[-4,-3],[-9,3],[1,1],[-1,2],[-5,-1],[-4,-5],[3,-3],[4,5],[10,-3],[-11,-6],[-16,8],[-17,-4],[-2,4],[-8,-1],[-6,4],[-18,4],[-8,7],[-6,1],[5,2],[-4,0],[1,1],[-13,6],[2,1],[-1,1],[-8,-2],[-3,4],[9,-1],[1,4],[-14,0],[8,6],[-10,-5],[-9,0],[1,3],[-6,-5],[-9,-1],[-6,6],[1,3],[4,-1],[-3,5],[5,4],[5,-3],[5,-6],[7,1],[0,2],[-3,0],[2,2],[-1,2],[-7,4],[8,6],[-13,0],[-11,-4],[-1,5],[7,6],[-4,0],[0,3],[-2,-3],[-2,3],[-6,-2],[-3,3],[1,3],[7,0],[-4,2],[4,5],[14,1],[3,5],[-3,1],[-5,-5],[-3,2],[1,2],[-12,0],[-2,3],[2,1],[2,6],[7,1],[7,5],[4,0],[-9,4],[1,6],[-12,1],[-2,-5],[-9,-2],[8,-3],[-19,-4],[1,2],[5,1],[-8,0],[-7,4],[4,2],[-3,2],[3,2],[-2,3],[1,3],[12,8],[-3,0],[1,3],[-3,-1],[1,2],[-10,-3],[1,3],[-2,0],[2,2],[-4,-2],[-1,3],[-3,0],[-1,2],[2,2],[9,0],[-2,1],[2,1],[-5,-1],[1,3],[-3,3],[-8,0],[2,2],[-3,0],[1,2],[6,2],[-11,0],[-1,4],[-5,-3],[3,2],[-2,1],[2,3],[4,-3],[9,4],[5,-3],[13,0],[1,-2],[6,1],[-7,4],[1,2],[-7,0],[1,3],[-3,2],[2,1],[-13,3],[9,7],[0,5],[3,1],[-1,2],[3,1],[-2,2],[9,4],[1,3],[5,3],[1,3],[7,4],[0,3],[4,0],[1,6],[-9,1],[5,0],[-4,4],[3,0],[-2,2],[2,1],[-1,1],[0,4],[-4,-1],[-1,3],[3,-1],[-3,2],[2,1],[-2,1],[3,0],[-2,3],[6,1],[-6,1],[8,5],[-2,2],[3,-1],[-3,5],[10,-1],[-4,4],[14,-1],[7,-9],[-2,-2],[11,-4],[6,-4],[-5,-2],[3,-4],[8,4],[23,-5],[1,1],[1,-1],[-1,0],[2,-1],[-3,-8],[18,8],[-2,-5],[8,3],[6,-3],[-2,-2],[-3,0],[3,2],[-3,1],[-8,-2],[0,-3],[9,-3],[2,3],[-2,1],[9,1],[-1,-5],[-3,-1],[4,-2],[-3,-5],[8,4],[4,-5],[10,2],[3,-2],[-2,2],[2,1],[8,-5],[7,0],[-13,9],[12,7],[-1,1],[3,2],[-12,0],[-1,4],[-13,0],[-2,3],[-9,1],[10,10],[-5,0],[0,2],[-8,-5],[-8,1],[13,10],[11,4],[20,-4],[5,2],[-16,2],[-2,2],[1,2],[-4,1],[2,1],[-24,-1],[2,-2],[-2,-4],[3,-1],[-6,-4],[-32,-1],[-8,6],[-2,-2],[-10,2],[-5,7],[6,2],[5,-2],[7,3]],[[4565,6016],[3,-3],[13,-2],[-12,2],[-4,3]],[[4868,6275],[-2,-1],[1,-2],[1,3]],[[4918,6132],[-3,-3],[2,1],[1,0],[-1,0],[1,2]],[[4913,6127],[-4,3],[3,-4],[1,1]],[[5085,6229],[-2,0],[1,-5],[0,5],[1,0]],[[5269,6135],[-4,-1],[0,-3],[-2,2],[1,-2],[5,4]],[[5258,6123],[-1,0],[-3,-5],[4,5]],[[5313,6201],[5,-2],[-1,2],[-4,0]],[[5475,5193],[-7,-3],[6,1],[1,0],[0,2]],[[5813,5132],[-10,-2],[1,-1],[9,3]],[[5785,4953],[-2,2],[1,2],[-2,-2],[3,-2]],[[5330,6209],[-2,4],[-8,-2],[7,0],[3,-2]],[[5319,6173],[14,-6],[-12,7],[4,4],[-4,-4],[-2,-1]],[[6982,6525],[5,-2],[-2,-2],[4,-2],[1,-4],[1,0],[-1,-2],[12,-8],[-2,-2],[2,-1],[-1,-3],[-4,-2],[2,0],[-4,-5],[1,-3],[-3,-5],[3,-1],[-28,-2],[-6,-5],[0,-2],[-2,-2],[-4,-1],[-1,3],[4,1],[-7,1],[-2,4],[2,0],[-2,3],[9,2],[3,3],[-2,0],[3,2],[-2,1],[2,0],[-2,0],[3,1],[-3,2],[2,2],[-2,0],[2,0],[-1,3],[8,3],[-2,2],[2,0],[-2,3],[4,2],[-3,1],[2,2],[-2,2],[5,1],[-4,6],[2,-2],[10,6]],[[6824,5889],[2,0],[-3,-1],[1,1]],[[5800,6337],[4,-3],[-2,-3],[-2,6]],[[5743,6311],[1,-2],[-4,1],[3,1]],[[5494,6290],[6,-2],[4,-6],[-6,0],[-4,-3],[-13,7],[4,3],[5,-2],[0,2],[4,1]],[[5416,6310],[2,-2],[8,1],[-3,-3],[6,3],[-1,-2],[2,-1],[-2,-3],[3,3],[4,-2],[5,2],[2,-1],[2,3],[6,0],[3,-1],[-3,-5],[5,-2],[-4,-4],[-7,0],[2,-1],[-1,-3],[-4,0],[4,-1],[-4,-3],[1,-1],[-11,0],[-10,4],[9,4],[-3,1],[3,2],[-4,2],[1,2],[-4,-2],[-5,4],[-6,0],[3,4],[-3,1],[4,1]],[[5379,6284],[0,-6],[-3,-2],[1,11],[2,-1],[0,-2]],[[5339,6216],[3,0],[-5,-1],[2,1]],[[5333,6292],[4,0],[-2,-6],[-2,1],[0,5]],[[5192,6339],[2,0],[-3,0],[1,0]],[[5083,6257],[-4,-3],[-6,-1],[10,4]],[[5053,6298],[1,-4],[4,-1],[-6,0],[-1,3],[2,2]],[[5040,6327],[2,-1],[-2,-2],[-3,1],[3,2]],[[5024,6323],[3,-2],[-1,-1],[1,-3],[-15,-6],[-13,1],[4,3],[-2,0],[1,2],[4,1],[-1,-1],[7,-1],[0,4],[4,0],[2,-3],[2,4],[4,2]],[[4988,6310],[-1,-2],[-1,1],[2,1]],[[4979,6188],[3,-1],[-5,-4],[1,-4],[-8,-9],[-4,0],[-1,3],[5,11],[9,4]],[[4797,6378],[4,-4],[-2,-1],[-4,4],[2,1]],[[4766,6396],[-2,1],[5,1],[-3,-2]],[[4587,5825],[2,-1],[-4,0],[2,1]],[[4550,6033],[2,-1],[-3,-2],[2,-1],[-5,0],[4,4]],[[4535,6026],[4,-3],[-1,-2],[-8,4],[5,1]],[[4531,5812],[3,-1],[-2,-3],[-6,3],[5,1]],[[4533,6067],[-1,-3],[-7,1],[8,2]],[[4511,6059],[2,-4],[-2,-3],[-4,1],[-3,-2],[-9,3],[16,5]],[[4501,6153],[9,-2],[-7,-3],[-6,0],[0,3],[4,2]],[[4498,6133],[3,-1],[-4,-3],[-4,-1],[4,3],[-2,1],[3,1]],[[4487,6049],[13,-4],[-5,-5],[-4,6],[-5,-2],[-6,2],[7,3]],[[4497,6156],[1,-2],[-4,-1],[-3,1],[6,2]],[[4479,6075],[-8,-1],[2,2],[-6,1],[6,1],[4,0],[2,-3]],[[4476,6055],[2,-1],[-5,-4],[-9,2],[5,5],[7,-2]],[[4471,6108],[1,0],[-3,-1],[2,1]],[[4463,6246],[0,-2],[-2,1],[2,1]],[[4459,6076],[0,-4],[-3,3],[3,1]],[[4451,6176],[8,-4],[-21,-7],[-2,1],[-2,-2],[-7,5],[4,-1],[-2,2],[3,-1],[5,4],[1,-4],[5,5],[5,-1],[-1,2],[4,1]],[[4459,6076],[-3,2],[3,0],[0,-2]],[[4457,6096],[1,0],[-3,-4],[-4,3],[4,3],[2,-2]],[[4456,6284],[2,-3],[-1,-1],[-3,2],[2,2]],[[4456,6061],[1,-1],[-2,-1],[-3,0],[4,2]],[[4446,6067],[1,-3],[-3,0],[0,3],[2,0]],[[4443,6189],[0,-2],[-4,-2],[4,4]],[[4436,6114],[0,-3],[-3,1],[3,2]],[[4413,5867],[3,-5],[8,-3],[5,-7],[-8,0],[-4,4],[-5,1],[3,2],[-1,2],[-7,0],[1,3],[5,3]],[[4425,5927],[2,-2],[-4,-4],[-5,1],[5,1],[2,4]],[[4422,5914],[-1,-3],[-5,0],[6,3]],[[4412,5905],[6,-2],[-5,0],[-1,2]],[[4408,6038],[4,-3],[-4,-2],[-3,3],[3,-1],[-2,1],[3,0],[-1,2]],[[4402,6031],[9,-2],[-14,0],[5,2]],[[4407,5905],[2,1],[-10,-9],[-6,3],[14,5]],[[4403,6033],[1,0],[-3,0],[2,0]],[[4397,5916],[2,-4],[-6,3],[4,1]],[[4379,6032],[4,-4],[7,-2],[1,-3],[6,-4],[-5,-6],[1,-2],[-4,-6],[0,4],[-5,-5],[0,2],[-2,-1],[-3,3],[-5,1],[-4,-1],[-3,-4],[-12,-2],[-1,1],[1,2],[-8,1],[-7,5],[2,1],[-1,8],[3,2],[7,0],[-1,3],[4,3],[-1,0],[9,-1],[1,3],[2,-2],[14,4]],[[4387,5914],[10,-7],[-5,-2],[-2,6],[-5,0],[2,3]],[[4394,5899],[2,-3],[-2,0],[0,3]],[[4388,5897],[5,-5],[-8,-1],[2,4],[-4,1],[5,1]],[[4390,5915],[2,-1],[-4,0],[2,1]],[[4382,5902],[8,-1],[-6,-2],[-5,1],[3,2]],[[4379,5883],[3,-1],[-5,0],[2,1]],[[4378,5900],[2,-1],[-5,-1],[3,2]],[[4375,5914],[2,-1],[-2,-3],[-4,0],[2,2],[-2,0],[4,2]],[[4377,6003],[-3,-5],[-4,0],[5,3],[-1,2],[3,0]],[[4374,5908],[2,0],[-4,-1],[2,1]],[[4373,5893],[2,-2],[-6,0],[4,2]],[[4368,5899],[3,-1],[-5,-4],[-4,2],[6,3]],[[4369,5910],[1,-3],[-3,1],[2,2]],[[4364,5818],[1,-2],[-4,1],[3,1]],[[4359,5868],[-4,-5],[-6,1],[3,3],[7,1]],[[4355,5812],[2,-3],[-2,-2],[-6,-1],[6,6]],[[4347,5813],[5,-1],[-4,-1],[3,-2],[-9,3],[5,1]],[[4350,5873],[-7,-7],[-4,0],[2,3],[-2,1],[1,2],[10,1]],[[4345,5817],[1,-1],[-5,0],[4,1]],[[4318,5324],[22,0],[-2,-1],[3,-1],[2,-3],[-5,-3],[-6,-7],[9,-3],[-18,-2],[0,3],[-14,6],[-6,7],[4,4],[11,0]],[[4327,5823],[3,-1],[-5,-1],[2,2]],[[4308,5816],[2,-1],[-4,-2],[-3,2],[5,1]],[[4299,5829],[2,-2],[-4,-2],[2,4]],[[4273,5837],[-4,-3],[-4,0],[8,3]],[[4256,5628],[2,-1],[-3,1],[1,0]],[[4245,5576],[3,-2],[-7,-1],[1,3],[3,0]],[[4235,5812],[-1,-2],[5,1],[-2,-6],[-8,4],[6,3]],[[4227,5573],[10,-4],[-1,-2],[-6,2],[-5,-2],[-8,4],[10,2]],[[4230,5540],[2,-3],[-4,0],[-1,2],[3,1]],[[4216,5584],[5,-3],[-6,-1],[-1,2],[2,2]],[[4214,5639],[3,-1],[-4,1],[1,0]],[[4205,5639],[11,-4],[-8,-2],[-6,2],[-6,-3],[-9,3],[18,4]],[[4195,5532],[1,-2],[-3,1],[2,1]],[[4165,5401],[5,-2],[0,-3],[-2,-2],[6,-2],[3,-4],[-1,-5],[2,-1],[-9,-9],[-9,3],[6,13],[-2,1],[1,2],[-2,2],[2,0],[-4,6],[4,1]],[[4165,5615],[10,-1],[-13,-1],[3,2]],[[4170,5534],[3,-1],[-4,-1],[1,2]],[[4145,5345],[5,0],[2,-4],[-1,0],[2,-1],[-9,1],[5,0],[-4,4]],[[4089,5444],[8,-2],[8,-7],[1,-4],[-6,1],[-3,-6],[1,-4],[8,-4],[12,3],[4,-2],[0,-5],[-10,-2],[-8,-6],[-9,2],[-2,-2],[-7,-1],[-6,4],[2,6],[-9,-1],[3,10],[-1,13],[3,3],[2,-7],[2,0],[2,3],[-2,1],[2,6],[5,1]],[[4109,5423],[2,-2],[-3,-1],[1,3]],[[4064,5372],[5,1],[1,-3],[4,0],[-15,-12],[-3,8],[5,5],[3,1]],[[4064,5443],[8,-4],[-5,-1],[-4,-4],[-1,4],[3,0],[-2,3],[1,2]],[[4053,5492],[3,-3],[-2,-5],[3,-2],[13,0],[2,-2],[-6,-4],[1,-5],[-4,2],[-1,-6],[-3,-1],[-20,4],[0,1],[3,1],[-6,2],[3,2],[-2,1],[3,7],[6,3],[6,-1],[-1,5],[2,1]],[[4068,5435],[2,-2],[-3,-2],[1,4]],[[4060,5434],[2,1],[2,-5],[-3,-6],[4,-3],[-4,-3],[-2,6],[-5,0],[0,5],[5,6],[1,-1]],[[4043,5432],[2,-6],[-1,-1],[6,-4],[8,0],[-5,-8],[-4,2],[-8,-3],[-6,0],[2,4],[-3,1],[3,2],[0,3],[-10,3],[5,5],[4,1],[3,-3],[2,3],[2,1]],[[4056,5353],[1,-2],[-3,-1],[2,3]],[[4050,5439],[2,-2],[-4,0],[2,2]],[[4042,5353],[2,-3],[6,2],[0,-3],[-4,-3],[-5,3],[-8,-3],[2,4],[7,3]],[[4046,5394],[1,0],[-4,-2],[3,2]],[[4044,5442],[2,-1],[-2,-4],[1,-1],[-4,-2],[-1,6],[4,2]],[[4034,5536],[3,0],[-2,-2],[-3,1],[2,1]],[[4030,5345],[-1,-1],[2,0],[-5,-4],[-6,2],[10,3]],[[4026,5492],[4,-7],[-2,-6],[-4,-4],[-7,1],[-1,6],[4,5],[2,-1],[0,3],[4,3]],[[4006,5244],[10,-1],[6,-15],[3,0],[-2,-5],[3,-13],[-12,1],[-12,8],[-2,7],[-3,2],[2,5],[-2,1],[3,6],[0,3],[6,1]],[[4021,5394],[-3,-2],[4,3],[-1,-1]],[[4011,5457],[7,-1],[2,-4],[-6,-6],[-7,-1],[2,5],[-2,4],[4,3]],[[4011,4444],[-4,-7],[-7,-1],[1,5],[10,3]],[[3962,5355],[5,-1],[-1,-4],[4,-1],[-4,-7],[12,1],[-2,-3],[2,-3],[-10,-4],[-18,0],[3,3],[-7,3],[1,2],[-5,2],[4,2],[6,-1],[10,11]],[[3966,5388],[2,-2],[-2,-3],[-5,-5],[-2,1],[3,6],[4,3]],[[3852,4367],[2,-1],[-5,0],[3,1]],[[3806,5161],[2,-2],[-2,-7],[4,1],[5,-4],[5,0],[1,-2],[26,-12],[2,-9],[-3,-7],[-5,-1],[-15,2],[-26,16],[-2,3],[0,4],[-4,2],[-2,4],[4,7],[10,5]],[[3845,4363],[4,-2],[-6,1],[2,1]],[[3791,4397],[3,-1],[-5,-7],[1,4],[-3,3],[3,3],[1,-2]],[[3788,4408],[2,-1],[-4,-8],[-5,4],[7,5]],[[3779,5160],[1,-3],[-1,-1],[-2,1],[2,3]],[[3771,4647],[7,-3],[-1,-3],[-6,2],[-2,5],[2,-1]],[[3739,4654],[0,-2],[-3,2],[3,0]],[[3736,5196],[3,-3],[-4,-1],[1,4]],[[3735,4915],[-2,2],[2,0],[0,-2]],[[3726,4925],[2,-1],[-4,0],[2,1]],[[3719,5201],[2,-1],[-4,2],[2,-1]],[[3700,5206],[12,-3],[-8,-1],[-5,2],[1,2]],[[3700,4937],[9,-2],[-5,-9],[-4,0],[-6,6],[0,3],[6,2]],[[3658,4701],[0,-4],[-4,2],[4,2]],[[3570,4983],[9,-6],[3,1],[1,3],[28,2],[-17,-16],[-13,0],[-4,5],[-9,1],[-2,6],[1,3],[3,1]],[[3527,4374],[6,-6],[1,-2],[-1,-1],[2,1],[-3,-3],[5,0],[3,-3],[4,-17],[1,2],[-4,17],[3,4],[8,-2],[7,-5],[1,-4],[9,-4],[3,-7],[-1,-5],[-9,-4],[-9,-1],[-4,1],[-4,4],[-2,-3],[-4,2],[-1,4],[-5,5],[-2,9],[-3,2],[3,2],[0,3],[-10,4],[6,7]],[[3560,4443],[0,1],[-2,0],[-1,3],[4,5],[3,-3],[0,-3],[-2,-4],[-2,1]],[[3553,4406],[0,-4],[3,-1],[-2,-1],[0,-3],[-4,-2],[0,2],[-1,-2],[-1,2],[-4,0],[4,4],[0,3],[5,2]],[[4456,1004],[15,-11],[-9,-8],[-8,0],[-5,3],[-1,6],[2,6],[6,4]],[[4797,1082],[-1,-2],[4,2],[-10,-6],[5,4],[-1,1],[3,1]],[[5074,1276],[1,-2],[-2,-7]],[[5061,1504],[42,37]],[[5103,1541],[15,8],[22,0],[10,6]],[[5150,1555],[1,-5],[-3,-8],[2,-1],[25,-2],[7,3]],[[5182,1542],[3,0],[6,-4],[-11,-7]],[[5180,1531],[4,-11],[2,-3],[3,3],[4,-6],[-6,-2]],[[5187,1512],[2,-2],[9,1]],[[5198,1511],[8,-5],[6,2],[3,-2],[-3,-1],[3,-1],[-2,-7],[7,1],[-3,1],[3,4],[4,-1],[7,-7],[5,0],[0,-2],[11,1],[-2,2],[8,1],[5,-2],[15,1],[0,-3],[11,3],[10,-5],[1,4],[5,1],[10,-2],[5,7],[3,-2],[-3,-4],[2,-2],[-1,-3],[7,-2],[11,8],[18,2],[7,-4],[7,2],[1,-2],[16,6],[6,-1],[1,2],[12,-6],[10,2],[12,-11],[15,9],[-2,2],[16,8],[5,-3],[13,0],[25,4],[21,1],[2,-3],[40,-2],[2,-5],[4,-3]],[[5565,1494],[-4,-3]],[[5561,1491],[18,-3],[0,-13],[6,-3],[28,10],[10,8],[16,8],[9,-3],[1,2],[7,0],[25,11],[2,-4],[25,-7],[20,1],[22,6],[1,-2],[7,1],[6,-3],[21,13],[-1,7],[21,7],[11,8],[1,5],[7,-7],[1,-6],[33,-14],[-3,-9],[16,-10],[7,1],[10,-3],[9,3],[5,-13],[17,1],[2,-2],[-4,-18],[3,-2],[-1,-4],[-8,-9],[-10,-1],[-1,-6],[-17,-7],[-3,-6],[2,-4],[-3,-1],[-5,-10],[-16,-10],[0,-2],[-7,-1],[-9,-11],[2,-4],[-9,-5],[12,-9],[5,-7],[-3,-12],[-3,-1],[0,-3],[11,-2],[8,-7],[-1,-3],[3,-3]],[[5867,1333],[17,1]],[[5884,1334],[-1,-5],[-6,-1],[-5,-7],[-11,-2],[-10,-10],[-6,-2],[16,-7]],[[5861,1300],[3,-10]],[[5864,1290],[-36,-17],[-2,-3],[-13,-3],[-11,2],[-3,-4],[-21,-10],[-20,-5],[-6,1],[-10,-27],[2,-16],[-5,-6],[-8,-21],[7,-5],[4,-12],[8,-7],[9,-4],[-18,-14],[-2,-7],[-6,-6],[-2,-7]],[[5731,1119],[-14,-13],[-4,-13]],[[5713,1093],[12,-14]],[[5725,1079],[-1,-5],[-13,-9]],[[5711,1065],[-9,-1],[-11,-18],[-8,-1],[-32,16],[-9,14],[-14,10],[-1,3],[-3,1]],[[5624,1089],[-3,5],[-10,6],[-8,0],[-9,-4]],[[5594,1096],[-1,3],[-12,1]],[[5581,1100],[-3,6],[-5,1]],[[5573,1107],[-8,-2],[-8,-12],[-4,-12],[-11,-2]],[[5542,1079],[-1,4],[-14,5],[-21,-5],[-15,5],[-4,-1],[-4,-9],[-8,-6],[1,-7],[-4,-8],[-14,-12],[-4,-5],[0,-3],[-6,-4],[-9,1],[4,-4],[-11,-6],[-3,-10],[2,-2],[-1,-2],[-2,0],[2,1],[-2,2],[-8,1]],[[5420,1014],[-3,-3],[2,-3],[-2,-1],[1,-2]],[[5418,1005],[-5,-2],[6,-8],[-8,-16]],[[5411,979],[0,-8],[-5,-14]],[[5406,957],[-5,-3],[-7,-12],[-3,-12],[-5,-8],[5,-3],[-3,-1],[3,-6],[-18,2],[-4,-5],[1,-3],[-5,-11],[1,-7],[-7,1],[-8,-12],[0,-10],[-5,-8],[3,-3],[-1,-3],[5,-6],[0,-9],[-3,-6],[-14,-12],[-18,-9],[-4,3],[-1,-4],[-4,14],[0,12],[-7,9],[1,8],[6,6],[-3,2],[0,-3],[-5,0],[-9,6],[-8,-2],[-2,-13],[-19,-15],[-44,-2],[-23,11],[-42,0],[-3,-5],[-10,-3],[1,-6],[-5,-1],[2,-3],[-4,0],[-5,-8],[-4,3],[-1,-3],[-3,1],[-2,-4],[-2,0],[0,3],[-4,-1],[2,-3],[-7,-2],[-6,5],[-6,1],[-5,-1],[-3,-3],[-3,3],[-5,-1],[-4,-2],[1,-5],[-2,-3],[-24,-11],[2,-3],[-7,-8],[-11,-2],[-1,-6],[-5,-3],[3,-1],[-1,-5],[4,-6],[-2,-6],[3,-2],[-3,-2],[5,-9],[-4,-7],[-3,-1],[5,-4],[4,0],[2,-3],[4,0],[-1,-4],[5,-3],[-2,-1],[2,-4],[11,-1],[4,2],[7,-3],[0,-3],[-3,-1],[2,-4],[4,-1],[2,-4],[-2,-6],[-3,-1],[3,-6],[-4,0],[-7,-10],[2,-5],[-15,-4],[2,5],[-4,5],[2,1],[-1,1],[-13,-6],[-5,2],[-7,-5],[-13,-2],[0,-4],[-5,-4],[-15,0],[-1,-2],[-11,-2],[-8,-4],[-3,1],[-5,-4],[-12,13],[-14,-6],[-7,9],[-6,-5],[-5,0],[-14,-10],[-19,6],[-8,-6],[-9,-11],[-6,3],[5,6],[-2,2],[-9,6],[1,4],[-5,0],[-30,-6],[-1,-8],[-5,-1],[-4,1],[1,4],[-4,2],[1,3],[-4,2],[1,2],[-4,2],[-4,-3],[-9,1],[-8,-5],[-9,1],[-10,-4],[-9,2],[-6,-2],[2,14],[-7,8],[-10,2],[2,12],[-8,5],[-10,-4]],[[4720,688],[-5,7],[-13,0],[0,-2],[-13,-1]],[[4689,692],[5,-8],[-2,-3],[1,-10],[-16,-12],[-1,-7],[-8,-13],[-9,-6],[1,-3]],[[4660,630],[-5,-7],[-2,-2]],[[4653,621],[-15,6],[-5,-3],[-4,-6],[10,-11],[-7,-3],[-10,3],[-36,-9],[-18,-5]],[[4568,593],[-7,-6],[-7,-2],[-10,13],[-2,8],[-6,2],[-1,9],[-6,13],[1,10],[4,3],[0,4],[5,10],[-1,7],[1,8],[25,35],[6,12],[18,12],[5,21],[0,3],[-2,1],[5,5],[3,-1],[-1,2],[4,3],[3,8],[0,4],[1,1],[-1,1],[2,1],[0,3],[3,6],[0,7],[-2,0],[2,4],[-1,10],[7,10],[25,14],[15,11],[5,0],[4,5],[-3,3],[16,0],[14,15],[0,8],[20,24],[0,3],[27,19],[1,3],[-2,0],[16,9],[3,5],[8,0],[9,6],[1,3],[-3,1],[8,5],[1,11],[-5,18],[4,2],[2,10],[2,3],[5,1],[3,6],[0,7],[5,6],[2,8],[-2,1],[12,8],[-1,5],[2,8],[-1,3],[1,2],[-1,3],[2,5],[-2,6],[-5,1],[0,3],[3,4],[-4,8],[4,6],[0,6],[-3,8],[-4,3],[-5,-2],[1,3],[15,14],[9,2],[-2,2],[10,4],[-1,-2],[4,5],[2,0],[-6,-7],[6,5],[10,3],[2,8],[-3,1],[3,0],[0,2],[-4,1],[9,7],[10,3],[27,14],[-3,0],[6,4],[-2,1],[2,1],[-1,2],[5,10],[-2,8],[-3,0],[5,3],[0,9],[-3,5],[2,11],[3,7],[-1,-1],[0,3],[4,6],[10,5],[-1,1],[3,3],[0,4],[4,5],[9,9],[16,8],[13,2],[5,3],[-2,1],[3,-1],[8,7],[27,1],[3,3],[-3,2],[5,-2],[3,2]],[[5002,1291],[13,-12],[24,-2]],[[5909,2588],[7,-1],[6,3],[16,-18],[5,-8]],[[5943,2564],[0,-3],[14,4]],[[5957,2565],[8,-2],[3,-6],[5,-1],[19,14]],[[5992,2570],[2,-10],[27,-13]],[[6021,2547],[3,-8],[3,0]],[[6027,2539],[23,16],[10,2]],[[6060,2557],[-1,-5],[6,-6],[0,-7],[3,-5],[-4,-15],[9,-10],[47,16],[21,11],[3,7],[22,-8],[10,-3],[4,3],[14,-23],[-1,-9],[6,-5],[13,7],[11,-3],[5,3],[4,-2],[31,6],[14,-5],[10,-7],[20,23],[7,-6],[10,-3],[15,6],[10,8],[19,-2],[9,-9],[14,-1],[7,-4],[5,0]],[[6403,2509],[5,-5]],[[6408,2504],[-17,-2],[-1,-3],[4,-8],[-7,-2],[0,-4],[-13,0],[1,-6],[3,1],[5,-6],[-3,-2],[-31,-7],[-10,2],[-9,-9],[-13,-3],[-6,-4],[1,-4],[13,-10],[1,-2],[-11,-5]],[[6315,2430],[7,-10]],[[6322,2420],[-7,-5]],[[6315,2415],[6,-6],[15,-1],[0,-3],[-28,-3],[-5,-7]],[[6303,2395],[-12,-3],[9,-7],[35,-13],[-7,-3],[-16,1],[-8,-3],[-5,3],[-15,-4],[-4,2],[-3,-3],[1,-10],[-7,3],[-44,4],[-3,-3],[-1,-13],[-4,-11],[-3,3]],[[6216,2338],[-14,-7]],[[6202,2331],[-2,-3],[1,-3]],[[6201,2325],[-12,-14],[-15,4]],[[6174,2315],[-13,8],[-29,30]],[[6132,2353],[-6,10],[-8,5],[-6,-1],[-11,-10],[-16,0],[-14,4],[-2,3],[0,5]],[[6069,2369],[7,10],[-1,3],[-22,5],[-5,-3],[2,-8]],[[6050,2376],[-3,-5],[-12,-5],[-5,2],[-1,4],[10,7]],[[6039,2379],[-1,6],[-5,4],[-12,-2],[-3,9],[-8,7],[-7,-1],[-12,-13],[-7,1],[7,6],[-9,6],[-4,-3],[-4,-11],[-17,-2],[-4,5],[11,-1],[-2,12],[7,5],[1,2],[-12,0],[-3,-3],[4,-5],[-6,-3],[-6,2],[0,4],[-6,4],[-21,-1],[-1,4],[8,4],[2,3],[-9,5],[-13,-6],[0,-3],[-3,-1],[-1,11],[6,14],[1,8],[-6,22],[-19,26],[0,7],[6,6],[-8,4],[0,5],[-7,8],[-8,6],[-10,2],[2,3],[-3,4],[-5,1],[-3,6],[-5,3],[0,3],[-1,2],[3,7],[-2,5],[11,1],[-8,28],[31,1],[10,-2],[8,-6],[13,0]],[[5312,2149],[13,12],[20,-13]],[[5345,2148],[18,1],[2,2],[0,6],[8,3],[20,4],[12,-1],[4,-4],[-1,-3],[16,-7],[10,-14],[10,-6],[19,-1],[1,2],[5,-1],[0,2],[15,-5],[11,2],[11,-1]],[[5506,2127],[-5,-5],[-5,-2]],[[5496,2120],[-1,-4],[7,-12],[1,-6],[-9,-7],[-8,-2],[3,-7],[-13,4],[-1,-7],[-12,-13],[-37,0],[-1,-5]],[[5425,2061],[-9,6]],[[5416,2067],[-28,1]],[[5388,2068],[0,-4]],[[5388,2064],[-10,-3],[-1,-6]],[[5377,2055],[2,-3],[-4,-1],[18,-17],[-4,0],[-6,-13],[-3,1],[-2,-2],[3,-2],[-7,1],[-3,-3]],[[5371,2016],[-6,2],[-8,5],[-20,15]],[[5337,2038],[-31,8]],[[5306,2046],[-27,24],[-13,6]],[[5266,2076],[3,6],[4,0],[6,3],[2,14],[4,7],[-2,5],[-6,4],[3,0],[2,3],[-5,2],[1,2],[-7,-2],[-6,3],[-2,2],[1,6],[48,18]],[[5561,1796],[12,-2],[-7,-3],[14,-5],[8,-9],[8,1],[-3,-4],[8,-3],[-2,-2],[1,-2],[27,13],[41,1]],[[5668,1781],[1,-5],[3,-2],[5,1],[12,9]],[[5689,1784],[14,1],[12,6]],[[5715,1791],[25,-4],[10,-8]],[[5750,1779],[-4,-3],[-1,-9],[16,-12],[9,2],[8,-6],[3,-5],[5,0],[-3,-10],[1,-8],[9,2],[23,13],[13,-6],[29,0],[-2,-1],[8,-10],[3,-11],[-9,-3],[6,-3],[-8,-6],[-2,-5],[5,-3],[-5,0],[-1,-4],[4,-4],[3,4],[4,-2],[5,-7],[-2,-2],[9,-5],[-3,-4],[4,-1],[-6,-6],[0,-4],[-3,-4],[22,-2]],[[5890,1654],[5,-5],[10,7]],[[5905,1656],[13,17],[-4,3],[29,13],[-2,4],[7,6],[17,3],[5,6],[4,-1],[4,11],[7,-1],[3,5],[16,4],[9,-1],[1,5],[2,-1],[9,5],[-17,13],[-6,-4],[-3,0],[-1,3],[3,11]],[[6001,1757],[-10,-1],[-7,8]],[[5984,1764],[5,5],[-8,7]],[[5981,1776],[-8,0],[10,14]],[[5983,1790],[-1,2],[11,5],[5,7],[13,4],[10,-2],[10,5],[2,5]],[[6033,1816],[39,1],[31,4],[22,7]],[[6162,1825],[28,19],[1,-2],[11,-2]],[[6520,1828],[13,-1],[6,-6]],[[6539,1821],[11,-3],[4,-4],[-2,-3]],[[6552,1811],[2,-2],[-2,-4],[4,-5],[-1,-4],[2,-5],[5,-4]],[[6562,1787],[4,1],[2,-4],[-5,-5]],[[6563,1779],[3,-5],[7,-8],[6,-2],[-4,-4],[2,-4],[-3,-5],[23,-14],[3,-7],[12,-1]],[[6612,1729],[11,9],[6,1],[-1,-9]],[[6628,1730],[-6,-10],[1,-4],[-6,1],[-5,-3],[-21,-20],[-37,-28],[0,-8],[-4,-5],[-18,-5],[-8,-11],[-8,-6],[2,-9],[-7,-9],[1,-5],[2,-3],[12,0],[-8,-20],[3,-6],[-42,-6],[-12,1],[-3,-3],[-4,0],[-2,-10],[6,-9],[0,-5],[18,-13],[0,-5],[5,-7],[1,-9],[6,-1],[4,-9],[14,-11],[-8,-4],[-1,-7],[-7,-4],[-2,-9],[6,-18],[0,-5],[5,-7],[-1,-7],[8,-4],[3,-8],[-14,-3],[-9,-4],[-9,-16],[0,-14],[-13,-6],[1,-3],[-3,-3],[10,-8],[-4,-6],[1,-6],[-8,-10],[-1,-8],[-8,-3],[3,-6],[-1,-4],[-7,-4],[-1,-9]],[[6452,1306],[-4,-6],[1,-9],[3,-4]],[[6452,1287],[14,-3],[3,-9],[4,-1],[4,-6],[-1,-3],[5,0],[5,-6],[-1,-5]],[[6485,1254],[4,-3]],[[6489,1251],[-18,-10],[0,-6],[-11,-5],[-2,-5],[-9,0],[-14,4]],[[6435,1229],[-6,-3],[-4,-14]],[[6425,1212],[-26,-5]],[[6399,1207],[-2,-6],[8,-9]],[[6405,1192],[-3,0],[-3,-6],[9,-6]],[[6408,1180],[-8,-13],[1,-3],[6,-2]],[[6407,1162],[-1,-3],[-6,-10]],[[6400,1149],[-8,-1],[-5,-3],[5,-5]],[[6392,1140],[-1,-3],[14,-21],[-16,-9],[-17,7],[-10,-2],[-9,-11],[-8,-4],[4,-7],[-1,-4],[3,-6],[-3,-4],[0,-12],[-9,-3],[-10,1],[-7,-5],[-6,-1],[-1,2],[-4,1],[-6,-2],[-14,0],[-4,6],[-4,1],[2,4],[-5,3],[-1,8],[-6,6],[-20,3],[-6,5],[-1,6],[-14,9],[-2,8],[2,2],[1,10],[-5,7],[4,6],[-12,10],[12,21],[-12,3],[-18,0],[-13,9],[-4,1],[-3,6],[-4,0],[1,4],[-7,4],[-6,14],[2,5],[-5,3],[3,5],[-2,7],[-16,5],[0,5],[-2,2],[-10,0],[-3,3],[-4,0],[0,8],[-5,6],[-14,6],[-4,7],[-7,0],[-2,9],[-10,10],[2,6],[-2,2],[-44,13],[-10,4],[-1,4],[-25,-1],[-8,5],[-36,-5],[-4,5],[-10,-3],[-7,1],[-10,2],[-3,5],[-18,-12],[-6,-2]],[[5905,1318],[-12,14],[-15,3],[-11,-2]],[[5561,1491],[16,8],[8,9],[14,6],[3,2],[-2,2]],[[5600,1518],[3,4],[9,3],[-1,3],[-3,2],[5,8],[-2,1],[6,5],[-2,1],[3,0],[-1,1],[3,2],[1,5],[7,1],[3,3]],[[5631,1557],[13,0],[2,3]],[[5646,1560],[-8,1],[-9,8],[-21,7],[3,4],[-1,5],[3,4],[-1,7],[-18,7],[-7,6],[7,14],[1,-1],[-2,6],[-6,11],[-31,32],[0,8]],[[5556,1679],[2,4]],[[5558,1683],[29,16],[-5,14],[3,11],[5,6],[1,6],[-4,5],[-1,6],[1,4],[-3,9],[-7,0],[-5,3],[1,4],[-9,0],[-9,4],[3,2],[-9,10],[-5,1]],[[5544,1784],[1,4]],[[5545,1788],[12,6],[4,2]],[[5762,1955],[-6,5],[3,8]],[[5759,1968],[18,4]],[[5777,1972],[-7,3],[-4,8],[0,14],[2,6],[-4,5],[-10,-4],[-4,2],[-3,4],[-14,-1],[-1,5],[-28,-3],[1,-4],[-16,-1],[-8,2],[-4,6],[-3,-5],[-4,-1],[-3,3],[-7,-3],[-7,4],[10,2],[-2,3],[4,1],[-4,10],[3,0],[-1,3],[-15,-2],[-5,6],[0,3],[-2,-1],[-2,5]],[[5639,2042],[-16,5],[-1,8],[29,6],[2,-1],[-3,-1],[20,-1],[1,-3],[27,3],[5,-6],[7,0],[11,5],[-3,8],[11,-3],[-2,9],[53,4]],[[5780,2075],[8,-4],[24,2],[9,2]],[[5821,2075],[5,6],[3,1],[5,-3],[9,2],[19,-1]],[[5862,2080],[2,2],[0,-5]],[[5875,1934],[-73,11],[-32,6],[-8,4]],[[6747,2245],[11,-4],[-17,-4],[-2,2],[8,6]],[[6766,2367],[-18,-3],[-32,-10],[9,-6],[6,-7],[0,-3],[35,8],[6,-3],[9,1],[3,-6],[-10,-6],[2,-5],[-1,-4],[12,-5],[-7,-7],[5,-3],[-3,-5],[4,-6],[-1,-2]],[[6785,2295],[7,-7],[-17,-4],[-3,-9],[-16,-1],[-2,-3],[-10,-4],[-3,-11],[-18,-8],[-10,4],[-8,-5],[-5,2],[-11,-7],[0,-3],[-12,-4],[-9,0],[-9,4],[-12,-2],[-4,-4],[-22,0],[17,0],[4,-3],[-4,-7],[2,-10],[-3,-2],[2,-3],[-3,-4],[-11,3],[0,-2],[-2,3],[-8,6],[-3,6],[-4,1],[-10,-7],[-55,0],[-1,26],[6,-1]],[[6548,2239],[6,3],[-3,3],[0,6],[14,1],[-5,5],[3,1],[-2,2],[3,1],[-1,5],[21,3],[33,-7],[3,5]],[[6620,2267],[14,7],[5,6],[1,20]],[[6640,2300],[-1,9]],[[6639,2309],[-18,26]],[[6621,2335],[2,8]],[[6623,2343],[13,13],[2,6],[-6,18],[3,17],[-7,13],[-1,6],[3,7]],[[6630,2423],[18,1]],[[6648,2424],[14,5],[4,14],[-6,15],[17,5],[21,11],[22,-4],[10,-8]],[[6730,2462],[54,5]],[[6784,2467],[-1,-2],[14,-3]],[[6797,2462],[42,6],[12,-6]],[[6851,2462],[2,-12],[10,2]],[[6863,2452],[5,-6],[27,5],[12,-20],[12,2],[4,-8]],[[6923,2425],[-42,-3],[-137,-37]],[[6744,2385],[5,-5],[9,3]],[[6758,2383],[1,-3],[7,-13]],[[5821,2075],[-27,-3]],[[5794,2072],[0,5],[-6,7],[-11,20],[31,14],[-1,4]],[[5807,2122],[-9,0]],[[5798,2122],[3,2]],[[5801,2124],[-4,3],[6,10],[-7,6]],[[5796,2143],[-15,-1],[-22,-8],[-2,2]],[[5757,2136],[-6,-5],[-14,-4],[-3,-5],[-5,-3]],[[5729,2119],[-17,0],[-2,5]],[[5710,2124],[17,8],[-7,11],[1,8],[4,7]],[[5725,2158],[-6,1],[-5,6]],[[5714,2165],[-13,8],[-3,7],[-15,9]],[[5683,2189],[-6,8],[-2,10],[20,-2]],[[5695,2205],[16,5],[4,7],[12,1],[14,7]],[[5741,2225],[5,14],[18,-1]],[[5764,2238],[-2,-2],[2,-1],[5,4]],[[5769,2239],[23,2],[8,4],[6,-2],[4,2]],[[5810,2245],[3,-3],[10,-1],[7,1],[13,-5]],[[5843,2237],[-14,-27]],[[5829,2210],[10,1],[4,-7],[2,0],[16,2],[17,-2],[0,3],[4,0],[11,-13],[-4,-7],[9,-4],[1,-3],[-7,-1],[-11,-5],[1,-4],[4,1],[0,-4],[25,7]],[[5911,2174],[9,-1],[16,-7],[3,-3]],[[5939,2163],[-9,-14],[12,-5],[0,-6],[3,-1],[0,-2],[18,3],[16,-9],[11,5],[5,-2],[39,2]],[[6034,2134],[9,-5],[-9,-5]],[[6034,2124],[-1,-4],[-15,-2]],[[6018,2118],[-15,-8]],[[6003,2110],[0,-4],[-7,-2],[-2,-2],[1,-3],[-7,-4],[3,-3]],[[5991,2092],[5,1]],[[5996,2093],[-2,-6],[-13,-3]],[[5981,2084],[-7,-6],[-7,6]],[[5888,2072],[-10,8],[-14,5]],[[5864,2085],[-1,-3],[-1,-2]],[[4743,1993],[41,0],[11,5]],[[4795,1998],[7,-4],[30,20]],[[4832,2014],[7,-1],[3,5]],[[4842,2018],[16,4]],[[4858,2022],[1,-5],[-2,-5]],[[4857,2012],[0,-10],[8,-13],[13,-4],[4,1],[0,-3],[14,-6],[10,-15],[14,-9]],[[4920,1953],[-15,-6]],[[4905,1947],[-26,-3],[-1,-7]],[[4878,1937],[6,0],[43,-25],[29,-5],[-10,-16],[12,-9],[44,-3],[5,-11],[11,-14],[-6,-14],[8,-1],[4,-3],[-1,-4],[4,-3],[-2,-1],[4,-1],[-2,-4],[11,-6],[-1,-6]],[[5037,1811],[-4,-2],[13,2]],[[5046,1811],[15,22],[6,2],[-1,-2],[4,-2],[-4,-4],[1,-5],[4,-6],[16,1],[2,-5],[5,6],[7,3],[1,4],[8,4],[4,-1],[9,7],[8,-1],[4,1],[-1,3],[3,6],[8,3],[0,-7],[9,-2],[4,-10],[6,-3],[-1,-5],[11,0],[9,-4],[3,-4],[-2,-3],[0,-4],[5,-2],[-4,-8],[7,-2]],[[5192,1793],[6,-9],[-8,-7]],[[5190,1777],[-7,-2],[-3,-7],[-7,-4],[-3,-7],[-8,-3],[2,-4],[-9,-8]],[[5155,1742],[-19,-9],[-2,-4]],[[5134,1729],[3,-3],[-1,-4],[-10,1],[1,1],[-4,2],[-21,6],[-5,-5],[-6,7],[-11,5],[-6,-3],[-8,-10],[-4,-1],[-4,-7],[-19,-2],[-7,-7],[-9,-2],[-7,-8],[-13,-1],[-2,-4],[-7,-4],[-4,1],[-15,-9],[-7,-1],[-1,-5],[-6,-2],[-9,0],[-2,8],[-4,2],[-6,-4],[-9,4],[-8,0],[-8,3],[-7,-2],[-10,-11],[0,-11],[2,-1],[1,-8],[-3,0],[-11,-20],[1,-5],[3,0],[1,-3],[-3,0],[-1,-2],[5,-9],[-6,-5],[10,-3],[0,-6]],[[4897,1601],[-14,4],[-13,-8],[-9,3],[-1,2],[1,1],[-2,-1],[1,2],[-3,0],[2,3],[-9,5],[-10,1],[-6,-6],[3,3],[-9,0],[-3,8],[3,-2],[1,3],[1,-2],[2,2],[2,-3],[3,3],[-7,1],[4,0],[-2,4],[-8,4],[0,5],[-9,2],[0,3],[3,1],[-3,2],[-1,6],[-10,9],[0,3],[-5,-1],[-2,4],[-3,0],[0,5],[-2,2],[-2,-1],[-2,0],[2,1],[-3,-1],[2,1],[-1,1],[-5,-1],[2,2],[-4,1],[2,2],[-4,1],[2,2],[-4,8],[-5,1],[-12,10],[-4,-3],[-3,7],[-3,2],[-23,4],[-3,7],[1,5],[0,16],[3,6],[-4,7],[3,2],[3,5],[-5,7],[1,1],[7,4],[15,0],[-12,5],[8,5],[6,-2],[1,2],[2,3],[-2,-1],[1,4],[-1,0],[1,2],[-5,1],[18,4],[-3,3],[6,-2],[17,14],[1,5],[-5,5],[3,6],[0,4],[3,1],[-3,-1],[0,3],[-5,2],[7,-1],[2,4],[-6,2],[1,2],[-2,2],[1,3],[-4,3],[-1,6],[-11,8],[2,14],[-3,4],[-7,2],[8,2],[-8,-2],[0,5],[-6,5],[-6,15],[-4,23],[3,0],[-4,0],[0,10],[3,6],[0,8],[3,2],[-4,0],[-1,26],[1,15]],[[4805,1631],[4,-5],[-2,-5],[-5,-2],[-1,4],[2,0],[-5,4],[7,4]],[[4727,1862],[7,-2],[1,-17],[-3,-8],[2,-9],[6,-8],[-11,-20],[-15,-14],[-3,5],[2,8],[-5,2],[-15,-3],[1,-2],[-9,-3],[-5,-9],[-7,-1],[-5,3],[-1,10],[2,10],[4,3],[4,11],[7,5],[3,10],[4,4],[3,12],[10,9],[9,3],[8,-2],[6,3]],[[4700,1792],[2,-2],[-2,-1],[-2,0],[2,3]],[[4700,1794],[1,-1],[-3,-1],[2,2]],[[4683,1769],[1,-9],[-2,-3],[-5,-1],[-2,-9],[3,-1],[0,-5],[-2,2],[-1,-6],[-5,-6],[-9,-2],[-15,13],[0,6],[9,8],[28,13]],[[4502,1452],[10,-4],[12,-17],[6,-10],[-2,-8],[-12,-2],[-7,15],[-13,6],[-4,16],[10,4]],[[4274,1747],[10,-1],[69,-30],[12,-12],[29,-17],[8,-8],[5,-10],[7,-9],[1,-3],[-2,-6],[18,-29],[1,-13],[4,-15],[3,-3],[-1,-3],[7,-21],[-9,-15],[-12,-5],[-3,-7],[-9,-3],[-1,-6],[4,-9],[4,-5],[32,-4],[17,-6],[14,-16],[19,-15],[1,-5],[-14,-1],[-10,-9],[-16,-4],[-4,-3],[3,-1],[-8,-2],[-7,-10],[4,-7],[7,-6],[33,-17],[16,-4],[-4,-11],[-11,-6],[-1,-10],[-2,-6],[2,-8],[5,-6],[5,-15],[7,-11],[-5,-3],[1,-5],[-3,-8],[-15,-8],[-3,-4],[1,-1],[-2,-1],[1,-2],[-9,-4],[1,-2],[-6,0],[0,-2],[-6,1],[-1,-3],[-9,6],[-4,-1],[-4,2],[1,-2],[-4,-1],[-2,3],[-2,1],[0,-2],[-2,3],[-1,-1],[1,-2],[-9,0],[1,-2],[-3,3],[0,-3],[0,3],[-3,-1],[2,-2],[-4,2],[1,-3],[-3,2],[-1,-3],[0,1],[-2,3],[-2,-3],[0,3],[-2,-2],[-4,2],[1,-4],[-2,2],[0,-2],[-5,1],[-3,-4],[-16,-7],[-9,1],[-2,-3],[-3,3],[1,-3],[-3,3],[-1,-2],[-9,0],[-10,0],[-2,3],[1,-3],[-2,2],[-2,-2],[-11,1],[-1,2],[-2,-3],[-1,3],[5,1],[-12,2],[0,-4],[-3,5],[-8,-1],[-5,3],[-6,-1],[0,-3],[-6,5],[2,-4],[-5,3],[1,1],[-1,2],[-3,-4],[1,3],[-3,1],[3,-1],[-3,3],[0,-6],[0,6],[-7,3],[-2,5],[-3,-1],[0,1],[-7,4],[-23,6],[-5,6],[-27,14],[-16,30],[1,5],[-3,6],[4,6],[-3,5],[-6,4],[-1,-2],[-3,6],[-6,0],[-7,5],[-12,1],[1,5],[5,7],[-2,7],[1,7],[-4,9],[8,19],[6,9],[-3,10],[3,5],[0,4],[-5,10],[-1,11],[-11,12],[-4,0],[-14,12],[-9,12],[-7,14],[-14,15],[-3,12],[4,18],[8,7],[0,4],[2,0],[4,9],[3,21],[10,20],[1,7],[9,11],[21,11],[23,5],[4,7],[1,7],[-1,2],[13,13],[20,3],[7,-3],[10,-1],[-11,9],[10,11],[9,3],[24,2]],[[4456,1276],[4,-4],[-5,-3],[-4,7],[5,5],[0,-5]],[[5247,1812],[-2,-8],[4,-1],[0,-6],[3,-1],[2,-3],[12,1],[-1,-3]],[[5265,1791],[24,3],[-2,-4]],[[5287,1790],[3,-4]],[[5290,1786],[-5,-1],[-6,-7]],[[5279,1778],[-9,-7],[0,-2]],[[5270,1769],[5,-1],[1,-3],[8,1],[4,6],[23,-5],[2,2],[7,-5],[17,-7],[6,-6],[-1,-2]],[[5342,1749],[19,-14]],[[5361,1735],[-2,-6],[-5,-8]],[[5354,1721],[-4,-1],[-18,-2]],[[5332,1718],[-9,3],[-21,-7],[-5,-6],[-1,-4],[8,0],[7,-7],[0,-14],[-13,-2],[-10,-8],[-12,-5],[4,-5],[-8,-6],[-27,-4],[-4,-10],[-20,-1],[-3,-3],[-12,-2],[0,-2],[-9,-2],[-7,-5],[-14,-3],[-8,4],[-4,-2],[-1,-8],[-4,-10],[-11,-4],[3,-4],[9,-3],[2,-2],[-1,-4],[-2,-3],[-8,-2],[-8,3],[-12,-7],[-6,-2],[0,-4],[6,-3],[-7,-9],[4,-5]],[[5128,1560],[6,0],[2,-3],[-16,-2],[1,-1],[-4,-1]],[[5117,1553],[3,-4]],[[5120,1549],[-17,-8]],[[5103,1541],[-53,-48]],[[5030,1505],[0,4],[1,-4],[0,4],[-10,19],[-22,23],[-11,7],[-4,0],[0,3],[-16,11],[-39,17],[-9,0],[1,3],[-24,9]],[[5134,1729],[3,4],[18,9]],[[5190,1777],[9,8],[13,18]],[[5212,1803],[9,2],[6,9]],[[5227,1814],[6,1],[14,-3]],[[5266,2076],[-17,5],[-38,-1]],[[5211,2080],[-57,6],[-24,-1],[-15,5]],[[5115,2090],[-43,7],[-37,-4]],[[5035,2093],[-17,2]],[[5018,2095],[5,6],[-9,1],[-3,4],[-16,7],[4,2],[1,-2],[1,4],[1,-2],[5,4],[5,-2],[3,-6],[10,0],[-11,5],[0,4],[12,2],[21,-5],[7,1],[-5,1],[-2,-2],[-18,8],[-27,6],[-7,4],[5,1],[-5,6],[-14,0],[-4,5],[0,3],[3,3],[-1,9],[-7,21],[-15,9],[-45,10],[-7,3],[0,5],[-9,5],[-5,-3],[3,3],[-15,4],[-10,-4],[7,10],[-3,4],[0,5],[-8,6],[-9,11],[-7,14],[-15,14],[-2,4],[0,7],[1,-3],[3,12],[-4,3],[-7,1],[-4,16],[-4,1],[-7,-2],[2,-6],[-4,-7],[-2,-16],[5,-14],[14,-25],[23,-32],[15,-2],[0,-8],[3,-5],[2,0],[0,-3],[1,-2],[8,-2],[12,5],[6,-4],[5,-8],[-4,-4],[6,-6],[-4,-5],[-16,2],[-5,-4],[-18,-3],[-5,-4],[-19,5],[-25,-3],[-19,10],[-3,5],[3,12],[-1,5],[-14,13],[-4,8],[0,9],[2,6],[-1,10],[-2,4],[1,1],[0,4],[-4,9],[-7,3],[-2,1],[3,0],[-3,1],[-4,6],[2,14],[17,25],[20,39],[6,5],[8,20],[17,10],[7,7],[11,29],[29,36],[10,19],[7,6],[7,11],[9,3],[16,10],[0,5],[1,0],[-1,0],[5,6],[-9,3],[-9,-11],[-19,-7],[-5,-5],[2,-6],[-11,-1],[-5,-6],[-2,-10],[-6,-4],[0,-4]],[[4862,2468],[-9,-1],[-9,2],[-14,8],[-19,2],[-7,-1]],[[4850,2643],[-25,14],[4,7]],[[4875,2706],[-3,7],[45,3]],[[4917,2716],[13,11],[12,-1],[15,-6]],[[4957,2720],[1,-6],[-3,-2],[1,-1],[6,1],[1,5],[-3,7],[4,0],[8,-2],[6,-4],[3,1],[8,-7],[24,7],[12,-1],[11,-7],[2,-7],[-5,-3],[-8,6],[-5,-8],[-7,-2],[1,-5],[-2,-3],[9,-9],[-13,-4],[-2,-3],[5,-14],[11,0],[8,-3],[3,-3],[-1,-4],[2,-3],[-9,-3],[-6,4],[-11,-8]],[[5008,2639],[-15,3],[-6,-7],[0,-21],[-5,-11],[4,-15]],[[4986,2588],[9,-18],[8,-29],[-2,-7],[-11,-13],[0,-8],[9,-17],[15,-17],[26,-20]],[[5040,2459],[-2,-12],[8,-11],[-1,-10],[11,-17],[1,-14],[3,-4],[9,-6]],[[5069,2385],[44,-6],[9,-6]],[[5122,2373],[2,-5],[-2,-6],[-19,-25],[10,-8]],[[5113,2329],[7,-14],[9,-3]],[[5129,2312],[18,2],[16,-5],[34,3],[9,-3],[12,-8],[11,-13],[6,1],[2,4],[-7,1],[2,5],[-2,4],[6,-4],[11,-3],[0,-2],[7,3],[-3,-6],[4,1],[7,-3],[2,4],[3,0],[-3,-5],[3,0],[1,-3],[-4,-2],[-3,-6],[-23,-6],[14,-14],[-1,-5],[-5,-3],[3,-2],[-2,-2],[5,-3],[-2,-2],[1,-6],[9,-4],[3,-3],[-5,-14],[7,-3],[9,-12],[28,3],[5,-7],[-2,-3],[2,0],[6,-13],[5,-3],[3,-6],[6,-5]],[[5327,2164],[-5,-5],[-10,-10]],[[5769,1016],[17,3]],[[5786,1019],[-1,10],[1,5]],[[5786,1034],[2,1],[-8,11],[1,4],[-7,7],[0,3],[-2,3],[-13,3]],[[5759,1066],[-10,10],[-11,3]],[[5738,1079],[-9,-2]],[[5729,1077],[-8,6],[-8,10]],[[5713,1093],[4,14],[14,12]],[[5864,1290],[0,3],[-3,7]],[[5884,1334],[13,-5],[8,-11]],[[6392,1140],[-5,4],[3,3],[10,2]],[[6400,1149],[7,13]],[[6407,1162],[-7,3],[8,15]],[[6405,1192],[-8,10],[2,5]],[[6425,1212],[3,11],[4,5],[3,1]],[[6489,1251],[7,-7],[14,4]],[[6510,1248],[2,-10],[13,5],[8,-6],[3,3],[6,-1],[20,8],[11,-2],[13,3],[3,6],[9,3],[7,-4],[12,-1],[5,-8],[1,3],[14,4],[15,-2],[20,9],[5,-7],[5,0],[4,15],[5,5],[10,0],[0,9],[6,5],[-1,2],[5,6],[-1,4]],[[6710,1297],[26,6]],[[6736,1303],[4,-5],[-1,-4],[5,-5],[-1,-1],[16,-7],[17,7],[15,-3],[12,-6],[16,-1],[2,-2],[-12,-10],[-4,-7],[-7,-2],[-5,-6],[-16,-4],[-8,-10],[-7,-2],[-15,-14],[-7,-18],[-4,-5],[9,-17],[-14,-4],[-1,-6]],[[6730,1171],[4,-2],[1,-4],[-2,-7],[-8,-6],[2,-4],[7,-2],[12,-7]],[[6746,1139],[15,0],[6,3],[7,8],[21,11],[-3,3],[2,5],[15,3],[8,7],[15,-2]],[[6832,1177],[2,5],[11,5]],[[6845,1187],[-1,5]],[[6844,1192],[5,1],[6,0]],[[6855,1193],[2,-5],[12,-7],[2,-4],[13,0],[6,-6],[13,-3],[-3,-2],[-1,-5],[10,-15]],[[6909,1146],[6,0],[7,5],[9,1]],[[6931,1152],[6,7],[23,7],[8,0]],[[6968,1166],[3,-3],[10,-3],[6,2],[-2,-4],[5,-10],[10,5],[5,-12],[-4,-5],[3,-15],[16,-6],[1,-11],[5,-8],[15,1],[2,-7],[8,-8],[-2,-3],[15,-13],[6,-3],[-9,-10],[-1,-3],[2,-5],[-2,-5],[10,-8],[5,-7],[19,10],[10,2],[8,-5],[4,-14],[18,3],[3,1],[6,13],[10,6],[17,5],[-1,3],[8,6],[15,-5],[10,0],[31,-16]],[[7233,1034],[1,5],[5,5],[11,3],[14,-9]],[[7264,1038],[-1,-3],[3,-6],[7,-5],[-3,-5],[5,-4],[-1,-4],[-8,0],[-17,-9],[-8,-13],[-3,-1],[-10,-19],[8,-4],[23,3],[6,-4],[13,1],[10,4],[13,-1],[-3,-14],[5,-7],[-33,-24],[3,-9],[-5,-8],[-9,-6],[2,-7],[-12,-25],[7,-7]],[[7256,861],[-2,-23],[5,-14]],[[7259,824],[8,-1],[-1,-2],[1,-6],[18,2],[6,-8],[8,-3],[6,-16],[-1,-16]],[[7304,774],[5,-10],[-8,-4],[-9,0],[-3,-8],[2,-2],[-7,-8],[-12,-1],[1,-2],[4,-1],[-1,-3],[-4,-3],[3,-3],[-12,1],[1,-5],[-5,-11],[-17,-1],[-3,3],[-3,0],[-3,-2],[0,-5],[-11,-7],[-10,1],[-8,-3],[-3,-3],[0,-5],[8,-7],[-24,-8],[-4,-9],[-87,10],[-20,0],[-10,-4],[-3,-9],[4,2],[9,-2],[0,-4],[6,-2],[-2,-4],[7,-4],[3,2],[2,-3],[6,-3],[-11,-10],[6,-9],[-5,0],[-3,-4],[-5,1],[-1,-2],[2,-1],[-4,-2],[4,-5],[-7,-6],[-1,-3],[-5,-2],[1,-4],[5,1],[-2,-5],[0,-6],[3,-3],[-10,-6],[0,-3],[-8,-3],[3,-6],[-1,-3],[-10,-1],[-13,-10],[-17,-1],[-2,-2],[-1,-5],[-15,6],[-19,-4],[-21,-20],[-8,-12],[-9,-4],[-12,1],[-22,9],[-13,-2],[-18,6],[-68,-6],[-36,7],[-20,8],[-18,-5],[-16,-14],[-5,4],[-21,-8],[-46,-6],[26,16],[39,9],[-27,-2],[-36,-14],[-11,-7],[-16,-17],[-1,-6],[2,-8],[-1,-3],[-3,-4],[-11,-7],[-3,0],[1,7],[-11,-9],[-32,-1],[-11,-3],[-3,-3],[1,3],[16,12],[-19,-7],[-10,-6],[2,9],[28,19],[10,-4],[28,1],[1,2],[-30,-2],[-9,3],[13,0],[-13,1],[-10,-4],[-23,-15],[-8,-1],[8,25],[8,9],[-3,1],[-8,-11],[-15,-31],[-8,-9],[-8,-6],[-4,1],[3,4],[-13,-3],[-5,3],[1,6],[-16,-18],[-10,-6],[-11,0]],[[6445,431],[4,16]],[[6449,447],[10,17],[12,12]],[[6471,476],[6,2]],[[6477,478],[5,4],[2,7],[-11,11],[-8,4]],[[6465,504],[-8,1],[-18,-4],[-13,9],[-17,3],[-6,5],[0,11],[-10,14],[3,7],[9,4],[-2,46],[-5,12],[-5,7],[-26,22],[-4,15],[0,7],[-6,9],[2,5],[8,6],[-8,10],[-10,9],[10,4],[2,6],[-13,10],[2,5],[-6,-1],[0,3],[-4,0]],[[6340,729],[3,3],[-10,1]],[[6333,733],[2,3],[-8,0],[-7,6],[-21,-1],[-11,7],[-21,-1],[-3,4],[-7,-4],[-4,3],[-7,-2],[-1,4],[-8,-1],[-4,3],[-22,-4],[-11,4],[-7,-3],[-6,3],[-14,-2],[-11,3],[-19,17],[-5,1],[-23,-8],[-23,-13],[-6,6],[-15,4],[-11,7],[-6,-1],[-9,4],[1,3],[-11,0],[-23,7],[-14,-9],[-1,7],[-5,13],[-31,-18],[-6,0],[-4,-4],[-7,2],[-10,-1],[1,2],[-10,5],[-6,8],[2,3],[-6,9],[8,3],[-2,3],[4,5],[8,1],[1,-1],[-2,-3],[4,0],[7,10],[-10,1],[-2,3],[-6,0],[-4,6],[-8,2],[-4,7],[-5,2],[6,12],[-6,1],[-8,-4],[-16,2],[-4,-2],[-17,6],[-11,11],[-5,0],[-15,10],[1,3],[-12,3],[7,13],[-24,5],[0,5],[-1,0],[-16,3],[4,5],[6,3],[-5,17],[6,3],[-4,8],[1,3],[8,5],[-3,6],[-1,8],[-15,6],[-3,7],[5,3],[-17,11],[2,10],[-3,5],[5,10]],[[7178,2932],[-4,4],[2,1],[-2,3],[-8,1],[-13,16],[-5,0],[0,5],[1,0],[-3,6],[1,3],[41,-6],[3,10]],[[7191,2975],[1,18],[3,11]],[[7341,2947],[-34,-9],[-14,-2],[-2,1],[1,3],[-3,-2],[-21,9],[-79,-10],[-1,3],[-4,-1],[5,-3],[-11,-4]],[[7193,2997],[-2,-22]],[[7178,2932],[-13,-7],[-18,-6],[-24,-1],[15,0],[-2,-4],[-20,0],[-32,-6]],[[7084,2908],[-23,24],[-1,3],[-10,6],[-10,-4],[-22,-1]],[[7018,2936],[-1,7],[-12,21]],[[6621,2335],[2,-5],[11,-13],[5,-8]],[[6640,2300],[-2,-21],[-18,-12]],[[6548,2239],[-21,1],[-22,8],[-23,2],[-2,-2],[0,2],[-11,3],[-39,5],[1,-2],[-14,5],[5,0],[-9,5],[4,-4],[-7,1],[-3,-2],[-18,3],[-22,-2],[-3,2],[3,0],[1,3],[-29,6],[-31,-3],[-12,-4],[-4,1],[3,1],[-32,2],[-28,13],[-22,19],[2,1],[-2,-1],[-6,8],[-12,7],[6,8]],[[6202,2331],[5,1],[2,4],[7,2]],[[6303,2395],[6,7],[16,1],[28,9]],[[6353,2412],[10,-1],[4,3],[29,4],[3,3],[-3,4],[-4,1],[1,11],[18,13],[2,-2],[4,3],[10,-4],[13,2],[7,-14],[0,-5],[14,2],[5,-3],[33,6],[9,0],[16,-5],[15,4],[9,-5],[5,7],[3,0],[2,-5],[23,-4],[2,-4],[8,-1],[12,-5]],[[6603,2417],[27,6]],[[6630,2423],[-3,-11],[8,-17],[-3,-16],[6,-12],[0,-6],[-15,-18]],[[5609,1874],[13,1],[14,5]],[[5636,1880],[5,-4],[10,7],[2,-1],[1,-5],[6,2],[8,-1],[9,3],[1,3],[3,-1],[-2,-8],[13,1],[7,-5],[4,2],[-3,-12],[21,-7],[3,4]],[[5724,1858],[5,-2],[-5,-4]],[[5724,1852],[-11,0],[-3,-3]],[[5710,1849],[2,-3],[-3,-2]],[[5709,1844],[4,1]],[[5713,1845],[3,-6],[-12,-13],[-11,-24]],[[5693,1802],[-12,-1],[0,-2]],[[5681,1799],[7,-5],[-2,-7]],[[5686,1787],[2,-4],[-13,-9],[-5,1],[-2,6]],[[5561,1796],[-16,-8]],[[5545,1788],[-3,6]],[[5542,1794],[-3,-3],[-4,2],[0,4],[-4,5],[-2,-3],[-6,-1],[1,1],[-4,1],[1,3],[-2,1],[2,4]],[[5521,1808],[-7,4],[1,2]],[[5515,1814],[-4,10],[16,7]],[[5527,1831],[16,-3],[3,1],[3,4]],[[5549,1833],[-2,3],[7,2],[-5,3],[1,8]],[[5550,1849],[10,4]],[[5560,1853],[9,-5],[0,-2],[12,-3],[3,5],[-7,3],[8,9],[24,14]],[[7192,2074],[49,14],[-2,12],[-12,-1],[-3,10],[2,5]],[[7226,2114],[-22,4],[-34,-3]],[[7170,2115],[-28,-13],[-5,3],[-13,-2],[-1,1],[6,3],[-7,1],[-11,-5],[-9,6],[12,6],[3,2],[-2,3]],[[7115,2120],[5,3],[12,2],[19,8],[6,9],[8,5],[21,4],[5,5],[8,-1],[15,5],[1,0],[-7,-3],[7,-3],[15,3],[15,7],[6,11],[7,5],[0,5],[4,2],[-5,1],[3,1],[-1,2],[4,1],[0,9],[-7,15],[42,39],[30,7],[11,15],[11,7],[11,16],[6,4],[-2,-5],[6,-3],[9,4],[12,-1],[4,3],[7,0],[5,-3],[3,3],[7,2],[3,-5],[19,-6],[12,4],[9,1],[5,-3],[11,1],[-3,-2],[4,0],[-1,-1],[3,-2],[6,5],[5,-2],[2,-3],[6,1],[2,-3],[9,1],[9,3],[0,3],[5,0],[1,-1],[-2,-1],[2,-1],[8,4],[4,-4],[2,1],[-1,-1],[2,-1],[2,0],[0,-2],[23,1],[3,-1],[1,-3],[4,-1],[1,-3],[12,0],[4,-3],[6,2],[2,5],[4,-2],[-3,-3],[10,-5],[6,-9],[1,1],[-1,2],[1,-1],[3,-8],[7,-1],[0,-2],[2,-1],[-3,-4],[10,-13],[13,-7],[9,0],[3,-2],[-1,-3],[8,-1],[-1,-2],[3,-9],[16,-11],[13,-5],[8,4],[10,2],[8,-1],[-2,-1],[8,1],[0,-2],[12,-1],[-5,2],[2,1],[9,-1],[2,-3],[-1,-5],[16,-4],[7,1],[-1,-2],[13,1],[5,-1],[0,-2],[8,0],[0,-3],[6,0],[-1,-2],[2,0],[-3,-3],[5,-1],[2,-2],[-5,0],[3,-2],[6,5],[1,-4],[10,4],[9,-3],[2,-4],[4,-2],[0,-4],[4,0],[-3,-3],[4,-3],[10,-5],[9,1],[3,-3],[5,0],[-9,-6],[12,-3],[5,3],[-1,2],[9,-6],[5,1],[-1,-4],[5,-2],[-3,-6],[7,0],[-6,-2],[2,-7],[11,-8],[4,0],[8,-6],[4,2],[6,-3],[0,-2],[4,0]],[[7932,2109],[-4,-1],[0,-5],[-8,-7],[-7,-3],[-3,-4],[-14,-2],[0,-4],[-9,-9],[1,-4],[-10,-7],[-2,-6],[-22,-9],[3,-4],[-14,-6],[-2,2],[-14,-10],[-2,-7],[-15,-2],[-8,-4],[-2,-2],[2,-6],[-23,9],[0,3],[-4,4],[0,4],[-5,6],[-4,8],[-6,3],[-6,7],[-22,-4],[-15,3],[-3,5],[-23,-5],[1,-2],[-11,-5],[5,-3],[0,-4],[5,-4],[-15,-4],[-5,-9],[12,-10],[15,-5],[3,-4],[-4,-3]],[[7697,1999],[2,-2],[6,0],[6,-7],[6,-2]],[[7717,1988],[0,-6],[-6,-7]],[[7711,1975],[5,-4],[-11,-13],[0,-7]],[[7705,1951],[-6,-9],[-9,-6]],[[7690,1936],[-17,10],[-16,0],[-3,-5],[2,-3],[-2,-9],[-14,-10],[-13,0],[-1,6],[-11,3],[-10,1],[-4,-3],[-9,5],[-20,-4],[1,7],[6,5],[-8,5],[-14,-3],[-11,7]],[[7546,1948],[-22,-11]],[[7524,1937],[-5,3]],[[7519,1940],[-7,-2],[0,-6],[-11,1]],[[7501,1933],[-23,-4],[-21,-10],[-5,3],[-14,3],[-2,6],[-3,1],[1,3],[-20,-1],[-1,7],[-3,3],[-11,-13],[-10,-2],[-11,-5],[-20,-3]],[[7358,1921],[-18,-14],[-15,-6],[-3,4],[0,5]],[[7322,1910],[-10,9],[-7,3],[6,5],[-10,6],[2,4],[-9,-2],[-6,9],[-5,-2],[-2,3],[-1,5],[-14,-1],[-10,6],[1,4],[-4,3],[1,4],[8,3],[-11,1],[-13,-6],[-7,9],[-6,1],[-5,-3],[-12,4],[2,9],[-3,10],[-4,2],[1,3],[-10,4],[-1,6],[3,7],[-4,2],[0,3],[-16,6],[9,6],[-15,5]],[[7170,2038],[2,12],[-3,4],[24,8],[2,5],[-3,7]],[[7445,2308],[2,-2],[-3,1],[1,1]],[[7401,2313],[3,0],[-2,-3],[4,-1],[-9,-2],[1,1],[0,4],[3,1]],[[7485,2314],[-2,-3],[-5,1],[7,2]],[[7585,2322],[0,-3],[-3,-3],[-3,2],[0,2],[6,2]],[[5531,1891],[7,0],[0,-3],[-8,-4]],[[5530,1884],[-3,-4],[0,-2]],[[5527,1878],[5,2],[1,-3],[-1,-3],[5,-1],[2,-3],[-4,-7]],[[5535,1863],[-5,-1],[-1,-2],[6,-9],[10,2],[7,-3]],[[5552,1850],[-2,-1]],[[5549,1833],[-5,-5],[-17,3]],[[5515,1814],[-1,-3],[7,-3]],[[5542,1794],[2,-3],[0,-7]],[[5558,1683],[-6,-8]],[[5552,1675],[-8,-1],[-5,2],[-3,9]],[[5536,1685],[-7,5],[-18,-11],[-17,8]],[[5494,1687],[-36,7],[-11,10]],[[5447,1704],[-1,9],[-25,-4],[-10,16],[-3,2],[-6,-1],[-4,4],[-3,-1],[-2,5],[1,5],[-11,7],[-1,4]],[[5382,1750],[-15,-9],[-5,-6],[-20,14]],[[5270,1769],[2,4],[7,5]],[[5279,1778],[3,4],[8,4]],[[5287,1790],[1,5],[13,15]],[[5301,1810],[15,-3]],[[5316,1807],[5,2],[26,20]],[[5347,1829],[1,5],[8,2],[12,14],[10,-1]],[[5378,1849],[18,7],[17,-1],[2,2]],[[5415,1857],[-3,7]],[[5412,1864],[6,1],[15,0]],[[5433,1865],[13,-3],[14,12],[-1,6],[-5,6],[16,1],[3,5],[7,-4],[2,2],[8,-1],[8,7]],[[5498,1896],[16,-6],[12,-3],[5,4]],[[6813,2095],[27,8]],[[6840,2103],[-6,7]],[[6834,2110],[4,3],[8,0],[3,3],[10,2]],[[6859,2118],[4,7]],[[6863,2125],[21,7]],[[6884,2132],[3,-2]],[[6887,2130],[9,1],[2,-2],[-2,-2],[16,-1],[-2,-4],[2,0],[3,-6]],[[6915,2116],[-8,-3],[-2,-5],[2,-5],[7,-1],[3,-3]],[[6917,2099],[-1,-4],[-6,1],[-18,-5],[6,-5],[-14,-2],[-1,-3],[-3,-2],[2,-3],[-7,1],[-1,7],[-3,0],[-1,2],[-6,-1],[-1,4],[-23,-9]],[[6840,2080],[-7,5]],[[6833,2085],[3,5],[-5,-3],[-2,6],[-11,-5],[-5,7]],[[7143,2055],[-22,-9],[-4,-9],[-11,0],[-21,10],[-25,4],[-9,9],[-12,6],[-8,-1],[-4,10],[-5,7]],[[7022,2082],[-5,2],[-29,-2]],[[6988,2082],[-7,-25]],[[6981,2057],[-4,2],[0,3]],[[6977,2062],[-2,1],[-7,-4]],[[6968,2059],[-12,6],[8,4],[-7,6]],[[6957,2075],[-9,-8],[-5,2],[-2,1]],[[6941,2070],[6,4],[-1,4],[3,1],[-6,5],[-8,-3]],[[6935,2081],[11,12],[21,3],[-2,2]],[[6965,2098],[-5,1],[5,3],[-5,4],[0,2],[2,4],[13,5],[-2,3],[0,7],[10,3]],[[6983,2130],[26,-15],[17,-3],[17,1],[-5,2],[10,1],[9,8],[9,3],[36,-10],[13,3]],[[7170,2115],[19,3],[19,0],[18,-4]],[[7192,2074],[3,-9],[-7,-6],[-20,-5],[-25,1]],[[6887,2130],[-7,4]],[[6880,2134],[25,15],[-5,3],[0,2],[-5,0],[-4,5],[-3,0],[5,2],[-9,4],[2,4],[-3,2]],[[6883,2171],[13,7],[0,-3],[5,1],[-2,5],[24,-10],[1,0],[0,3],[4,1],[1,-3],[2,-2],[-4,-1],[5,-5],[8,-1],[-2,-2],[7,-7],[38,-24]],[[6965,2098],[1,-3],[-19,-2]],[[6947,2093],[-22,4],[-17,6],[-3,3],[2,6],[8,4]],[[6640,2196],[4,0],[-5,0],[1,0]],[[6703,2066],[-6,-8],[-11,-5],[0,-3],[-3,-2],[-23,-5]],[[6660,2043],[-14,1],[-5,-5],[-44,-2]],[[6588,2082],[-4,3],[13,0]],[[6584,2177],[8,3],[0,8]],[[6592,2188],[10,-2],[6,5],[-2,-4],[1,-2],[7,0],[-2,5],[5,-6],[17,-3],[7,3],[5,-3],[18,8],[2,4],[23,8],[10,0],[9,-4],[-5,0],[11,-3],[3,-5],[3,-2],[-3,1],[-2,7],[32,0],[2,0],[-2,-2],[-4,-1],[8,-1],[-5,-2],[11,-3],[9,1],[2,-4],[-7,-7],[7,6],[4,-4],[-5,-17]],[[6767,2161],[3,-3],[-1,-4],[-19,-6],[2,-4],[6,-3],[0,-2],[8,-1],[1,-4]],[[6767,2134],[12,0]],[[6779,2134],[8,-10],[1,-4]],[[6788,2120],[-5,-1],[5,-6],[17,3],[-1,1]],[[6804,2117],[12,8],[31,-5],[-13,-10]],[[6840,2103],[-74,-21],[-34,-5]],[[6732,2077],[3,-3]],[[6735,2074],[-4,-3],[-13,-6],[-15,1]],[[6785,2213],[1,-4],[-5,4],[2,2],[2,-2]],[[6767,2161],[4,16],[15,-11],[10,-2],[9,6],[0,-2],[4,-1],[-2,-1],[7,4],[13,-2],[3,3],[4,-2],[5,5],[9,1],[6,-3],[0,-6],[2,-1],[24,0],[3,6]],[[6880,2134],[4,-2]],[[6884,2132],[-3,-2],[-18,-5]],[[6859,2118],[-14,-5],[-6,2],[7,4],[0,3],[-13,0],[-16,3],[-13,-8]],[[6788,2120],[-1,5],[-8,9]],[[6779,2134],[-5,0],[-7,0]],[[6850,2053],[5,-1],[-2,-6],[2,-9],[-18,0],[1,-12],[-3,-5],[1,-12]],[[6836,2008],[-8,-2]],[[6828,2006],[-2,-7],[-11,-4],[-7,-12]],[[6808,1983],[-14,13],[-5,-1],[-6,-7],[-13,-9],[-14,1],[-68,-58],[-2,-5],[-6,-4],[-7,2]],[[6673,1915],[-21,-9],[-19,-2],[-2,1]],[[6631,1905],[5,9],[-7,10],[-10,5]],[[6635,2033],[1,3],[10,7],[14,0]],[[6703,2066],[16,-1],[16,9]],[[6732,2077],[33,5],[48,13]],[[6833,2085],[13,-10]],[[6846,2075],[2,-11],[2,-11]],[[6968,2059],[3,3],[6,0]],[[6981,2057],[-1,-2],[7,-2]],[[6987,2053],[26,-19],[-33,-4],[-19,-8],[-19,-5],[-18,-1]],[[6924,2016],[-49,10],[1,-8],[-8,-1],[-9,-5],[0,-3],[6,-2],[-3,-2]],[[6862,2005],[-26,3]],[[6850,2053],[-4,22]],[[6846,2075],[-6,5]],[[6917,2099],[30,-6]],[[6947,2093],[-12,-12]],[[6941,2070],[6,-2],[10,7]],[[7653,1606],[13,-12],[13,5],[11,0],[3,3],[-2,4],[0,7],[-5,6],[12,8],[13,4],[-17,13],[1,7],[-2,8],[-46,11],[-30,-7],[-4,1],[-6,7],[-9,1],[-6,7],[5,9],[5,2],[10,10],[19,9],[9,2],[-42,20],[-20,3],[-20,17],[-12,0],[0,4],[3,1],[6,-1],[10,6],[-1,2],[9,5],[2,3],[-1,2],[6,7],[-4,14],[-6,4],[0,6],[-4,5],[0,3],[7,1],[10,-2],[4,2],[4,8],[15,11],[1,6],[7,5],[6,10],[-14,9],[-14,17],[-12,8],[-23,1],[-17,7],[11,13],[-12,3],[-8,6],[-3,22]],[[7528,1939],[18,9]],[[7690,1936],[8,5],[7,10]],[[7711,1975],[7,10],[-1,3]],[[7717,1988],[-8,3],[-3,5],[-9,3]],[[7932,2109],[2,-1],[-2,-2],[6,0],[1,-2],[7,0],[-1,-5],[3,-2],[7,1],[0,2],[4,-3],[-4,-2],[10,1],[-1,-1],[5,-2],[-2,-5],[9,-3],[9,2],[1,-2],[16,-1],[8,2],[2,-2],[-1,-1],[28,-3],[-1,-5],[26,-2],[13,4],[15,8],[13,2],[6,-3],[14,1],[0,-4],[9,0],[-1,-3],[8,-5],[-2,-2],[14,-1],[10,-6],[6,0],[-2,-1],[4,-2],[27,-4],[4,1],[1,6],[4,0],[0,-4],[2,3],[8,-1],[1,-5],[2,0],[-1,-2],[5,-1],[-2,-2],[3,0],[-1,-2],[4,-1],[0,-3],[-5,-4],[-1,-4],[6,-6],[2,0],[-2,3],[3,-3],[-2,0],[2,-3],[-2,-3],[-6,-3],[3,-3],[-2,-2],[10,-2],[-1,-4],[2,-3],[18,-6],[8,-6],[9,4],[-1,-2],[8,-1],[-2,-4],[1,-2],[12,4],[0,-4],[5,-1],[0,-2],[5,-2],[-1,-4],[2,-1],[-2,-2],[3,-5],[-3,-2],[1,-4],[-2,-3],[5,-1],[1,-9],[4,-6],[3,-1],[-4,-7],[4,1],[3,-1],[2,-6],[1,2],[5,-4],[3,-10],[3,-4],[0,-4],[4,0],[5,-16],[6,1],[2,-6],[6,-3],[-25,-15],[-12,1],[-6,-4],[0,-3],[-13,-7],[-11,-2],[-3,-10],[3,-7],[-2,-16],[2,-7],[0,-10],[-13,1],[-14,-4],[-3,-4],[5,-10],[-1,-4],[-11,-2],[-5,-8],[2,-6],[-9,-2],[-13,5],[-12,-2],[-7,-7],[3,-13],[-3,-6],[-22,-1],[-11,-6],[1,-7],[11,-11],[0,-3],[-22,-7],[-5,-7],[-5,-2],[-7,-12],[-10,-4],[-4,-8],[-12,-8],[-2,-6],[4,-8],[-2,-5],[-15,-3],[-8,-9],[-15,-7],[8,-7],[13,-4],[-3,-7],[-15,-2],[-12,8],[-35,-3],[-7,1],[-13,6],[-8,0],[-13,-6],[-11,0],[-2,-10],[-11,-4],[-1,-4],[14,-10],[20,5],[0,-11],[-9,-3],[11,-15],[2,2],[13,-6],[2,-6],[6,-2],[-2,-1],[3,-3],[-1,-4],[4,-3],[-4,-3],[1,-5],[-5,-10],[4,-8],[4,-5],[12,-3],[8,-9],[13,-8],[0,-2],[8,-4],[7,-7],[9,-2],[0,-5],[10,-12],[-1,-7],[0,-18],[7,-2],[5,-9],[-3,-5],[-3,-16],[3,-4],[9,-2],[21,-26],[-5,-13],[6,-10],[35,-5],[11,-6],[-2,-2],[-22,-5],[-5,-3],[-2,-2],[2,-7],[-5,-6],[-3,-13],[-14,-12],[-22,-10],[-9,-1],[-1,-3],[-14,6],[-23,1],[-2,-7],[-11,2],[-4,-6],[-6,0],[-7,-5],[-13,-4],[1,-3],[-3,-6],[-21,-8],[-1,-5],[-17,2],[-7,3],[-4,-3],[3,-6],[0,-3],[-15,-5],[12,-11],[1,-15],[6,-3],[-20,-13],[11,-10],[-22,-7],[-5,-4],[-18,-8],[-8,-7],[0,-2],[-17,-3],[-8,1],[-4,10],[-16,7],[-12,0],[-6,-4],[-13,5],[-7,0],[-20,-10],[-8,-1],[-10,3],[-20,-7],[-14,-16],[0,-5],[-15,-12],[-8,-10],[-6,-2],[-7,1],[-16,-5],[-9,-6],[-11,3],[2,-10],[-9,-7],[-2,-6],[-9,-4],[0,-6],[-45,-22],[-6,-8],[-12,-10],[0,-4],[-6,-3],[2,-9],[-26,-4],[25,-15],[20,-5],[-4,-3],[-7,3],[-13,-4],[-1,-8],[-2,0],[2,-2],[-3,-12],[-3,-2],[2,-7],[4,-3],[-21,-6],[-15,0],[-9,3],[-21,-32],[3,-5],[-6,-8],[2,-1],[-2,-4],[-8,-7],[-14,-21],[-13,-2],[-24,-8],[-4,-5],[-12,-6],[-1,-3],[-18,-6],[-7,-3],[0,-3],[-11,-2],[0,-2],[-9,-4],[-4,-6],[-6,-1],[-1,-3],[-28,-5],[-8,3],[-8,0],[-10,-9],[8,-9],[-1,-4],[-6,-5],[-11,1],[-1,-2],[5,-6],[-4,1],[-3,-2],[-3,-3],[2,-4],[-7,-2],[-3,-4],[-8,0],[2,2],[-5,9]],[[7259,824],[-4,9],[1,28]],[[7264,1038],[-7,6],[-11,3],[-10,-6],[-3,-7]],[[6968,1166],[-29,-7],[-8,-7]],[[6931,1152],[-22,-6]],[[6855,1193],[-11,-1]],[[6845,1187],[-8,-2],[-5,-8]],[[6746,1139],[-21,11],[8,9],[2,9],[-5,3]],[[6736,1303],[-17,-4]],[[6719,1299],[-4,4],[-11,29],[-10,5],[0,4],[-4,4],[-6,1],[-5,5],[3,7],[-2,0],[5,16],[-1,15],[9,7],[15,0],[11,10],[8,1],[0,9],[13,7],[3,5],[-1,7],[9,-1],[25,-19]],[[6776,1415],[9,4],[14,10]],[[6799,1429],[-1,6],[9,8],[19,4],[8,7],[3,6],[-4,10]],[[6833,1470],[11,4]],[[6844,1474],[3,7],[16,2],[9,6],[4,7],[11,3],[8,9],[10,-8],[5,-7],[15,-6],[2,-5],[0,-2],[11,-4],[22,-2],[10,-4],[3,-4],[16,9],[22,3],[-1,5],[8,20],[-1,3],[5,19],[5,8],[8,6],[11,-8],[3,-8],[-2,-11],[2,-8],[11,-10],[17,2],[-2,5],[2,5],[14,-5],[9,3],[-1,3],[8,6],[-2,9],[6,4],[0,6],[3,3],[13,-2],[12,-6],[54,1],[7,-7],[10,-4],[9,1],[16,-4],[18,2],[6,-9],[17,-3],[19,4],[10,11],[17,0],[12,5],[12,-5],[9,-1],[11,5],[11,13],[11,4],[3,-6],[15,-2],[29,8],[1,-2],[8,0],[-1,-9],[8,1],[6,-4],[15,-3],[3,-4],[10,1],[4,4],[1,3],[4,2],[2,3],[10,-1],[0,2],[25,7],[9,6],[5,-5],[12,-4],[3,8],[7,0],[4,4],[0,3],[-5,3],[-14,-5],[-8,6],[1,6],[28,8]],[[7573,1570],[23,-1],[2,0]],[[7598,1569],[-1,5],[3,2],[-11,15]],[[7589,1591],[29,11],[13,2]],[[7631,1604],[1,-2],[21,4]],[[6073,2278],[4,-3]],[[6077,2275],[11,2],[7,5],[6,-3]],[[6101,2279],[5,5],[-6,4]],[[6100,2288],[0,5]],[[6100,2293],[20,2],[2,5]],[[6122,2300],[-3,4],[-8,2],[1,6],[-15,4],[-23,14],[3,5],[6,-2],[4,6],[3,2]],[[6090,2341],[4,11],[-2,4]],[[6092,2356],[12,2],[10,11],[9,-2],[9,-14]],[[6174,2315],[26,-10],[-4,0],[14,-11],[4,-9],[-9,-4],[7,2],[2,2],[5,-8],[-4,-4],[1,0],[3,4],[13,-13],[15,-7],[8,-2],[9,2],[57,-12],[0,-4],[4,-3],[5,-2],[-3,-1],[2,-2],[-2,-3],[5,-1],[15,14],[29,-5],[0,-9],[101,-20],[19,-6]],[[6496,2203],[-19,-5],[-1,-3]],[[6398,2140],[-21,0]],[[6236,2091],[-4,-3],[-6,1]],[[6225,2091],[-17,1],[-4,-2],[1,-1]],[[6167,2063],[2,-5],[-5,-7]],[[6161,2050],[-1,-3],[-12,-3]],[[6142,2037],[-25,-6],[-25,-4]],[[6091,2028],[6,3]],[[6097,2031],[4,6],[7,4],[-11,2]],[[6096,2040],[-18,6]],[[6003,2094],[-12,-2]],[[6003,2110],[4,3],[11,5]],[[6034,2124],[10,5]],[[6044,2129],[-2,4],[3,6],[-1,3],[-6,1],[-3,6],[-4,2],[-2,9],[4,5],[6,3],[0,3],[13,7],[-2,10],[38,0],[31,-4],[27,-9],[34,4],[-2,8],[-3,2],[-1,7],[20,12],[-18,19],[-22,29],[-7,6],[-17,5],[-37,-2],[-20,13]],[[6217,2272],[-13,-4],[13,3],[0,1]],[[6044,2129],[-10,5]],[[5939,2163],[-10,6],[-18,5]],[[5829,2210],[7,13],[2,7],[3,1],[2,6]],[[5843,2237],[-1,2],[3,3],[12,3],[17,12]],[[5874,2257],[20,1],[-1,6],[8,9],[15,-1],[9,3],[9,-2],[5,3],[23,-3],[1,2],[5,-3],[7,2],[22,-7],[8,5],[19,-1],[3,1],[0,4],[33,-1]],[[6060,2275],[13,3]],[[7678,2505],[10,-6],[-3,-1],[13,-6],[0,-3],[4,-2],[-4,1],[6,-3],[-7,-2],[-10,6],[-13,14],[4,2]],[[6820,2566],[-19,6]],[[6801,2572],[-4,-4],[-9,2]],[[6788,2570],[2,3],[-2,0],[-12,-3]],[[6776,2570],[-32,4],[-12,5],[-19,-3],[-34,5],[-14,-2],[13,15],[2,8],[3,2],[-9,6],[-21,6],[-8,10],[13,4],[5,6],[22,9],[2,2],[-4,2],[3,4],[10,3],[2,-2],[7,5],[8,-3],[6,-7],[15,3],[3,4],[14,4],[7,-2],[2,7],[-5,7],[3,2],[0,3],[-7,15],[6,2],[-6,2],[-2,3],[23,16],[20,6],[-1,7],[-7,0],[0,3],[6,1],[1,7],[15,2],[-3,3],[3,6],[-7,4],[-16,-1],[-4,2]],[[6779,2755],[0,3],[27,1],[57,14],[23,10],[17,10],[76,31],[-3,-3],[6,4],[27,3],[9,6],[33,10],[15,7],[7,8],[6,4],[24,9],[27,5],[-4,2],[10,2],[3,-2],[-10,-5],[-19,-2],[-11,-5],[42,6],[27,13],[25,8],[5,4],[12,16],[14,5],[34,3],[84,-8],[-3,-2],[6,4],[8,0],[-4,-5],[9,5],[38,-5],[36,-2],[-2,2],[61,5],[22,-6],[-11,0],[-1,-2],[-7,3],[-1,-2],[-11,1],[0,3],[-6,-3],[-3,2],[-27,-1],[-1,-3],[-7,-3],[-14,-2],[-37,5],[8,-9],[-1,-1],[-6,7],[-5,-2],[6,-5],[-14,8],[-5,7],[5,-9],[15,-10],[-6,0],[2,-4],[11,-7],[-9,4],[3,-10],[-4,2],[2,-3],[-2,-2],[2,-2],[-4,-5],[1,-1],[-4,-2],[3,0],[-5,-6],[1,0],[-4,-9],[-2,-14],[-1,-20],[4,-18],[-3,-6],[-7,-3],[5,-6],[0,-8],[8,-23],[15,-4],[4,-3],[-2,0],[11,-3],[-8,-2],[5,0],[3,-6],[3,-3],[5,2],[18,-4],[12,1],[4,-2],[-1,-1],[3,0],[7,-4],[22,-3],[7,4],[7,-1],[5,-5],[12,1],[1,3],[9,-1],[-2,-1],[9,-1],[8,-5],[-1,-3],[8,2],[1,-3],[12,-1],[6,-3],[1,-11],[7,-7],[6,0],[-2,-2],[9,-2],[1,-2],[-3,-1],[4,-5],[8,-1],[-1,-4],[3,-3],[10,-1],[-1,-2],[5,-1],[7,-5],[11,1],[7,-2],[4,1],[-1,-8],[10,-1],[1,-4],[5,-3],[-7,-6],[1,-3],[-1,1],[-7,-9],[-6,-2],[-1,-2],[2,0],[-2,0],[1,-2],[-1,-1],[-6,-2],[-2,-3],[-4,0],[0,-2],[-11,3],[-5,-6],[-7,-1],[2,-7],[-1,1],[-3,-3],[-1,2],[-7,-5],[-8,-9],[-15,-10],[-21,-7],[-19,-17],[-14,-6],[-2,4],[-2,0],[3,-3],[-6,2],[0,-2],[-2,0],[2,-1],[-2,-4],[-5,2],[3,-4],[-4,-1],[-11,-1],[-15,-6],[2,4],[-3,-4],[-19,-3],[-14,-6],[5,2],[-12,-4],[-6,1],[-2,-3],[-4,2],[2,-3],[-4,-2],[-9,-1],[-22,-11],[-4,-8],[-8,-4],[-2,-3],[-7,0],[-2,1],[2,3],[-7,-1],[-2,3],[-8,2],[-4,-2],[3,-2],[-4,1],[2,-1],[-1,-1],[-8,0],[0,-3],[-8,-1],[-6,2],[0,2],[-5,3],[-8,1],[-6,-3],[-8,2],[-7,4],[-6,0],[-7,4],[3,4],[0,4],[-7,9],[-18,6]],[[7252,2526],[8,10],[-4,8],[10,-1]],[[7266,2543],[0,2],[-7,4],[-2,-2],[-12,2]],[[7245,2549],[0,3],[3,1],[12,4],[-3,8],[4,2],[-2,5],[-4,1],[2,6],[-18,-1],[-4,-2],[3,-2],[-10,-2],[-4,5],[-6,0],[-6,-3],[1,-7],[-6,-4],[0,-3],[-12,1],[-5,7],[-9,-2],[-2,4],[-5,-3],[-5,-3],[-5,4],[-8,2],[4,6],[-4,11],[-11,11],[-9,0],[-3,8],[-6,4],[-7,-4],[-2,-5],[-11,0],[-5,-14],[2,-3],[-15,-3],[-13,-6],[-5,4],[-19,-6],[5,-6],[-12,-2],[0,-3],[-61,14],[-2,-3],[-9,2],[-2,-2],[-16,-3],[-1,-3],[-16,5],[-5,-3],[1,-5],[-18,-5],[-9,5],[-8,-1],[4,-5],[2,-8],[-2,3],[-44,1],[-33,5],[-6,7]],[[4653,621],[7,9]],[[4689,692],[26,4],[5,-8]],[[5406,957],[5,12],[0,10]],[[5418,1005],[0,7],[2,2]],[[5542,1079],[10,2],[12,24],[9,2]],[[5573,1107],[6,-2],[2,-5]],[[5594,1096],[11,4],[14,-4],[5,-7]],[[5711,1065],[9,5],[5,9]],[[5725,1079],[4,-2]],[[5738,1079],[12,-4],[9,-9]],[[5786,1034],[0,-15]],[[5786,1019],[-2,-2],[-15,-1]],[[6333,733],[8,0],[3,-2],[-4,-2]],[[6465,504],[16,-11],[4,-6],[-8,-9]],[[6471,476],[-14,-14],[-8,-15]],[[6445,431],[-9,0],[-3,-8],[-11,-13],[-26,-17],[-16,-20],[-15,-8],[-33,-26],[-22,2],[-19,9],[-35,5],[-37,-5],[-35,-13],[-7,5],[0,6],[21,13],[-4,2],[-17,-3],[-4,2],[-21,-8],[-6,-6],[-16,-3],[-19,-18],[0,-7],[-4,-4],[-2,0],[-4,7],[2,4],[-7,-2],[-9,-13],[1,-7],[-14,-11],[-12,-4],[-16,1],[-9,-6],[-5,-10],[-6,-5],[-16,-1],[-23,-8],[0,-3],[-4,-2],[-37,-8],[-24,-15],[-6,-9],[-28,-7],[-14,0],[-1,3],[-12,2],[-3,-2],[-11,-1],[-18,4],[-12,-5],[-9,1],[-3,4],[-8,3],[-7,8],[-3,0],[-3,3],[-2,14],[-13,6],[-7,10],[-1,-3],[-1,3],[-2,-3],[0,3],[-6,-12],[-1,-9],[4,-7],[-4,-8],[4,-6],[-3,-6],[1,-5],[-2,-2],[-1,2],[-3,-2],[-19,5],[-4,13],[-4,-2],[-11,4],[1,7],[-3,2],[-10,-13],[-31,7],[-3,3],[0,4],[-4,4],[-4,-2],[-4,2],[-14,12],[0,4],[-6,6],[0,5],[2,3],[-4,-1],[3,3],[-1,1],[-4,-2],[-2,2],[2,1],[-3,1],[0,-2],[-3,-2],[-5,4],[2,1],[-7,1],[-2,3],[2,2],[-9,0],[-2,-5],[1,-7],[-7,0],[1,2],[-2,5],[4,5],[-2,1],[3,3],[0,6],[-8,1],[-5,-7],[-6,1],[-1,5],[5,6],[-1,4],[-8,4],[-6,-1],[-1,2],[-2,-8],[3,-3],[-5,0],[1,3],[-2,-1],[-1,3],[3,5],[-3,4],[-8,3],[2,5],[-2,-2],[-10,3],[-12,-1],[-25,9],[1,1],[-12,0],[-37,10],[24,-20],[-5,-1],[-6,7],[-24,18],[-39,19],[-30,18],[-6,-2],[2,-3],[-1,-5],[-3,3],[7,-17],[17,-10],[9,2],[10,-9],[-4,3],[4,-8],[-5,2],[3,-5],[-7,6],[8,-11],[-7,0],[13,-10],[2,-6],[0,-8],[-20,20],[-1,1],[5,4],[-7,6],[6,-6],[-3,-2],[-3,1],[-1,-4],[7,-13],[3,-9],[24,-23],[8,-16],[-5,-15],[-14,0],[-3,-3],[1,-7],[3,-5],[-2,-7],[-5,-2],[-2,-4],[1,-3],[7,-2],[-2,-12],[2,-5],[-5,-6],[2,-5],[-5,-5],[-1,-8],[-3,-4],[3,-6],[-5,-13],[5,-5],[0,-4],[-3,-1],[3,0],[2,-7],[12,-1],[0,-4],[4,-7],[-4,-7],[1,-2],[-11,-8],[1,-8],[-3,-1],[-5,6],[0,-8],[3,-2],[-4,-4],[-15,-8],[-4,-6],[-8,-5],[-9,-1],[-18,1],[0,2],[-10,2],[-35,18],[-16,4],[-17,1],[-32,10],[-18,12],[-17,5],[-5,6],[4,-1],[-3,2],[2,2],[-4,5],[-5,2],[-5,0],[-6,-4],[-11,10],[4,-1],[3,5],[-7,7],[-15,5],[-5,0],[-3,-3],[-8,2],[-4,10],[-4,2],[1,5],[-6,4],[-1,11],[-4,1],[1,9],[5,-1],[-5,2],[-1,3],[-11,10],[-3,-1],[-1,6],[-9,2],[-7,8],[-16,3],[-31,18],[-28,10],[-48,39],[-24,5],[-20,0],[-8,3],[-14,-1],[-11,3],[-20,11],[-8,15],[-14,7],[-12,0],[-9,6],[-1,0],[2,-2],[-22,3],[-18,-4],[5,0],[-30,-8],[-54,-28],[-32,-24],[-14,-20],[8,-11],[-1,-2],[0,-4],[5,-3],[-3,-1],[4,-7],[-2,-1],[9,-8],[-3,-1],[4,0],[0,-4],[-2,2],[-2,-4],[2,1],[-1,-5],[4,-3],[-2,-9],[5,-2],[6,-9],[0,-6],[3,-1],[0,-5],[12,-11],[0,-3],[-3,-6],[4,-3],[-1,-10],[6,-5],[2,-10],[9,-15],[0,-2],[-3,0],[-1,-4],[2,-8],[8,-3],[2,-8],[2,-1],[11,-1],[5,-7],[6,-1],[15,-9],[-3,-7],[-7,-6],[-1,-7],[-5,-3],[1,-5],[-3,0],[4,-3],[-2,-1],[1,-2],[-2,-4],[-6,-4],[0,-5],[5,-9],[3,-14],[29,-4],[-4,-5],[-12,1],[-12,-2],[-12,7],[1,3],[-11,-2],[-14,3],[-7,5],[-12,-1],[-1,1],[-4,0],[-16,9],[-10,10],[-13,7],[-3,5],[-11,2],[-2,3],[2,4],[-5,7],[6,6],[-6,2],[-7,11],[3,7],[-1,2],[15,10],[15,6],[-2,3],[-9,5],[-5,12],[-7,8],[3,7],[8,5],[-2,6],[-28,8],[-8,-2],[0,2],[-5,2],[-1,3],[4,3],[0,4],[-2,0],[3,4],[-2,4],[3,6],[-20,9],[0,6],[-3,0],[-1,4],[8,5],[-1,12],[-15,13],[2,4],[-9,-1],[-15,12],[-14,4],[-1,5],[3,7],[-14,10],[1,1],[-4,5],[-29,10],[-9,11],[0,4],[-4,0],[-2,4],[-21,4],[-4,4],[1,3],[-3,0],[-10,8],[1,3],[-2,2],[1,-2],[-3,-1],[-7,5],[-4,5],[-1,6],[-3,1],[-5,-2],[-2,2],[-3,4],[0,4],[-4,0],[-3,3],[1,3],[-4,1],[0,6],[3,3],[-2,6],[-3,6],[-3,-1],[-2,8],[-14,22],[-2,7],[-9,8],[-3,9],[-7,4],[-6,12],[2,6],[-2,2],[0,6],[2,2],[-3,3],[2,2],[-2,4],[2,1],[-2,2],[2,12],[-2,4],[1,9],[-1,2],[10,22],[-1,6],[2,1],[-2,0],[0,3],[3,0],[-2,1],[0,3],[-4,-1],[-5,4],[1,5],[7,6],[0,6],[4,2],[-3,1],[3,4],[-1,2],[2,-2],[3,1],[2,3],[-2,4],[1,2],[5,3],[-1,4],[8,4],[4,8],[16,1],[6,-3],[6,1],[6,4],[13,2],[0,4],[13,6],[18,2],[4,-2],[6,-7],[3,-11],[4,-4],[-2,-5],[15,-8],[0,-6],[6,-6],[-1,-8],[3,-2],[-2,0],[4,-10],[14,-5],[0,-5],[3,-1],[2,1],[-1,1],[4,0],[4,-1],[-1,-5],[-8,-2],[3,-8],[-4,6],[-7,4],[-7,-1],[-10,-6],[-1,-3],[8,-11],[-4,-4],[1,-3],[7,-18],[-8,-3],[8,1],[-1,-5],[5,-5],[-3,-4],[12,-6],[0,-3],[5,-2],[12,-12],[14,-10],[-1,-2],[8,2],[-4,3],[3,-1],[-2,3],[6,-5],[17,9],[10,8],[10,13],[-3,-1],[1,5],[-6,16],[-5,3],[0,5],[-7,2],[2,5],[-2,1],[1,2],[-1,2],[2,5],[-8,12],[-5,2],[3,2],[-1,1],[-3,-1],[2,2],[-3,6],[-8,7],[-9,1],[2,10],[-11,10],[4,-2],[-5,20],[13,8]],[[5761,218],[2,-3],[0,-3],[-6,-3],[-2,4],[6,5]],[[5377,2055],[2,7],[9,2]],[[5388,2068],[20,0],[8,-1]],[[5416,2067],[14,-7]],[[5430,2060],[-3,-2],[2,-2],[-3,-6]],[[5426,2050],[1,-8],[17,-2],[9,-7]],[[5453,2033],[8,2]],[[5461,2035],[3,-3],[-1,-4],[1,-1]],[[5464,2027],[-1,-5],[-5,-14]],[[5458,2008],[11,-6],[6,-15]],[[5475,1987],[8,-5],[-7,-4]],[[5476,1978],[-13,5],[-26,2],[-14,6],[-38,21],[-14,4]],[[5762,1955],[0,-3],[7,-3],[4,-5],[-5,2],[-4,-2],[-4,2]],[[5760,1946],[-22,-5],[-4,-5]],[[5734,1936],[3,-2],[-6,0],[2,-3]],[[5733,1931],[-7,-10],[1,-6]],[[5727,1915],[-25,12]],[[5702,1927],[-19,-8],[-19,-2],[-15,-7],[-4,2],[-6,19],[-9,1],[-7,-8],[-7,4],[0,3],[5,4],[-3,3]],[[5618,1938],[8,5],[2,-1],[5,7],[-15,7],[0,6],[-8,4]],[[5610,1966],[7,0]],[[5617,1966],[1,4],[1,4]],[[5619,1974],[-4,-1],[2,2],[-3,11]],[[5614,1986],[19,6],[18,-10]],[[5651,1982],[37,3],[27,-10]],[[5715,1975],[22,-4],[12,1],[1,-4]],[[5750,1968],[9,0]],[[5549,1905],[31,-2]],[[5580,1903],[-2,-1],[5,-9],[13,5],[3,-9],[1,-15]],[[5600,1874],[9,0]],[[5560,1853],[-9,-4],[1,1]],[[5552,1850],[-2,2],[-10,1],[-3,-3],[-4,2],[-4,10],[6,1]],[[5527,1878],[3,6]],[[5531,1891],[-7,-4],[-26,9]],[[5433,1865],[-35,0]],[[5398,1865],[-8,8]],[[5390,1873],[5,0],[5,4],[-2,1],[5,1],[-8,6],[-2,6],[4,8],[5,0],[1,3],[-17,9]],[[5386,1911],[5,5]],[[5391,1916],[-2,4],[4,10]],[[5393,1930],[5,5],[19,-3],[7,-3],[2,-4]],[[5426,1925],[17,-1],[5,-3],[4,6],[25,11]],[[5477,1938],[1,-3]],[[5478,1935],[15,-7],[0,-11]],[[5493,1917],[6,2]],[[5499,1919],[13,-10],[23,-8],[14,4]],[[5419,1975],[3,0],[-3,4],[-1,12],[3,1]],[[5421,1992],[18,-7],[25,-3],[12,-4]],[[5476,1978],[8,5],[12,2]],[[5496,1985],[9,-5],[1,1],[18,-1],[5,5],[14,3]],[[5543,1988],[19,-3],[9,-5]],[[5571,1980],[-3,-4],[0,-4],[-4,-2],[20,-3]],[[5584,1967],[26,-1]],[[5618,1938],[-10,7],[-1,-3]],[[5607,1942],[4,-4]],[[5611,1938],[0,-3],[-14,-3]],[[5597,1932],[-9,-5],[-3,2]],[[5585,1929],[1,7],[-10,5],[-11,2]],[[5565,1943],[3,8],[-15,8],[-9,-8],[-13,1],[-41,-5],[1,4]],[[5491,1951],[-46,6],[-11,4],[-15,14]],[[5541,1992],[5,5],[0,11],[-2,2],[-6,15],[-6,4],[5,6],[1,6]],[[5538,2041],[10,9]],[[5548,2050],[4,-2],[4,-8],[11,2],[1,-5],[-2,0],[3,-4],[0,-4],[13,-1]],[[5582,2028],[40,4],[17,10]],[[5777,1972],[-12,-4],[-15,0]],[[5715,1975],[-25,10],[-39,-3]],[[5651,1982],[-20,10],[-17,-6]],[[5619,1974],[-2,-8]],[[5617,1966],[-33,1]],[[5571,1980],[-2,2],[-23,5],[-4,1],[-1,4]],[[5458,2008],[6,19]],[[5461,2035],[3,1]],[[5464,2036],[0,3]],[[5464,2039],[6,6],[18,-2]],[[5488,2043],[-1,5],[14,5],[-2,4],[-12,3],[3,7],[1,14],[17,-3]],[[5508,2078],[10,4],[10,-2],[2,-2],[-3,-7]],[[5527,2071],[1,-5],[6,-2],[5,-9],[5,2],[6,-5]],[[5550,2052],[-12,-11]],[[5541,1992],[2,-4]],[[5496,1985],[-15,-2],[-6,4]],[[5565,1943],[15,-4]],[[5580,1939],[-5,-4],[-3,-8],[4,-1],[2,-13],[-7,-1],[1,-9]],[[5572,1903],[-23,2]],[[5549,1905],[-17,-4],[-21,8],[-12,10]],[[5493,1917],[-1,12],[-14,6]],[[5478,1935],[-1,5]],[[5477,1940],[-13,0],[-15,5],[1,3],[-4,0],[1,4],[-3,1]],[[5444,1953],[1,3],[46,-5]],[[5776,1854],[24,-16]],[[5800,1838],[11,3],[7,-2],[8,2],[5,-6],[17,11]],[[5848,1846],[2,-3]],[[5850,1843],[18,-3],[1,-2],[-4,-3]],[[5865,1835],[4,-3],[-5,-4]],[[5864,1828],[0,-2],[36,-5]],[[5900,1821],[0,-7],[15,-6],[12,-11],[15,-6],[13,0]],[[5955,1791],[12,-21],[5,-1],[3,6]],[[5975,1775],[6,1]],[[5984,1764],[7,-7],[10,0]],[[5905,1656],[-10,-6],[-5,4]],[[5750,1779],[-8,7],[-27,5]],[[5689,1784],[-3,3]],[[5681,1799],[1,3],[11,0]],[[5713,1845],[31,0]],[[5744,1845],[12,4],[10,-4],[2,3],[-1,3],[9,3]],[[5035,2093],[35,4],[28,-5]],[[5098,2092],[-2,-8],[-8,-4],[-1,-9],[-6,-3],[-1,-5],[-14,-7]],[[5066,2056],[5,-10],[22,-2],[-2,-1]],[[5091,2043],[4,-7],[0,-5],[-2,-3],[1,-4],[-8,-8],[19,-7],[-1,-4],[7,-4],[-8,-6],[7,-6],[-13,-5],[16,-10],[-15,1],[-17,-3],[-3,-4],[1,-5],[3,-2],[-1,-8],[-7,-4],[-5,-10],[-14,-3],[-14,2],[-30,-4],[-10,5],[-19,0],[1,2],[-3,1],[1,2],[-3,2],[1,2],[-8,1]],[[4971,1949],[-17,9],[-7,1]],[[4947,1959],[-17,-6]],[[4930,1953],[-10,0]],[[4857,2012],[2,3],[-1,7]],[[4842,2018],[-5,-5],[-5,1]],[[4795,1998],[-8,-5],[-18,-1],[-13,3],[-13,-2]],[[4743,1993],[1,12],[-5,3],[-6,10],[2,10],[18,10],[2,8],[13,4],[-7,3],[-2,-1],[1,-4],[-3,-1],[-5,7],[3,13],[4,7],[1,6],[-5,5],[0,6],[2,10],[3,4],[12,3],[18,9],[28,6],[17,12],[7,-8],[8,0],[3,2],[10,21],[73,-18],[52,-13],[-10,-20],[25,-8],[10,-1],[5,5]],[[5503,4578],[10,0],[22,7],[1,1],[-2,2],[12,6],[25,2],[6,3],[1,-1],[-3,-1],[2,-1],[11,6],[31,-10],[14,-3],[13,1],[28,25],[4,15],[2,3],[21,5],[21,13],[3,-2],[12,12],[16,9],[41,19],[12,8],[2,3],[0,4],[3,4],[-8,11],[-22,14],[-12,3],[15,7],[9,8],[20,4],[3,7],[16,7],[12,1],[42,-16],[3,0],[-18,10],[-16,5],[10,-1],[52,-18],[36,-8],[11,2],[11,-2],[56,6],[2,2],[0,5],[3,4],[12,0],[21,10],[33,24],[48,14],[13,11]],[[6163,4818],[8,-11],[15,-35],[4,0],[7,-12],[-14,-8],[1,-3],[10,-8],[17,-9],[3,0],[3,-10],[4,-3],[5,1],[-2,-3],[4,-2],[2,-4],[-22,-10],[12,-7],[11,-36],[-14,-9],[21,-2],[19,-12],[-13,-12],[-5,0],[0,-3],[26,-22],[-2,-5],[4,-6],[-9,-25],[-6,-31],[4,-19],[-14,-4]],[[6242,4508],[2,-6],[4,-3],[19,-2],[9,-4],[21,-2]],[[6297,4491],[-7,-4],[-21,-2],[-5,-5],[-37,12],[-2,-14],[-18,-8],[0,-17],[11,-11],[-34,-7],[0,-4],[-7,-15],[-1,-14],[-5,-15],[-22,-13],[-5,10],[-27,-9],[-8,-8],[-36,-3],[-6,-11],[-13,-12],[-8,-2],[-33,-19],[-7,-8],[-12,-2],[-14,-12],[-17,0],[-48,-27],[-3,-24],[-63,-40],[-35,-12],[1,-20],[5,-17],[-7,-15],[-20,-15],[2,-9],[-7,-15],[-25,-2],[-41,-13],[-1,4],[-7,2],[-7,-7],[-4,0],[0,-2],[4,-3],[-6,1],[-6,-11],[-3,-10],[-12,-5],[-4,-6],[-8,-18],[4,-4],[7,-1],[4,-4],[-1,-3],[7,-6],[3,-9],[-12,-6],[0,-2],[-9,-2],[-8,6],[-12,1],[-14,-7],[-16,0],[-6,3],[-20,-5],[-6,2],[-8,-4],[-10,-9],[-6,-1],[-9,-9],[-6,-1],[-3,-7],[-10,-5],[1,-3],[-11,1],[-11,-8],[-9,4],[-9,-2],[-12,-7],[-8,7],[-2,6],[2,0],[-2,7],[8,2],[3,3],[-1,11],[8,8],[2,12],[-4,3],[-6,15],[-7,4],[-8,-1],[-14,6],[-21,5],[9,9],[20,6],[3,4],[-7,7],[-7,-2],[-4,5],[-16,2],[-3,2],[0,4],[8,6],[0,11],[31,14],[-7,18],[15,-2],[26,0],[19,4],[1,11],[8,9],[3,15],[8,14],[11,1],[23,18],[6,13],[0,5],[5,11],[14,16],[5,9],[4,15],[8,6],[6,0],[7,-4],[9,0],[5,5],[-1,7],[4,8],[-2,6],[-3,4],[3,8],[7,4],[-14,10],[-3,7],[-4,4],[1,0],[-6,11],[2,3],[1,3],[27,12],[1,2],[-5,9],[38,-1],[12,2],[2,8],[-6,8],[-3,0],[-2,12],[3,4],[-1,3],[5,4],[0,4],[13,0],[4,2],[3,6],[-7,3],[-1,3],[11,2],[-6,5],[0,14],[2,2],[-2,1],[16,8],[0,5],[-3,-2],[-16,16],[-6,-5],[-6,1],[-3,-4],[-7,-3],[-10,11],[-8,-3],[-13,25],[-6,8],[-11,-16],[-38,-26],[-7,5],[-19,3],[-7,-2],[-9,7],[-2,-2],[-2,-6],[-5,2],[-4,-2],[0,2],[-10,3],[2,7],[-8,3],[2,2],[-2,5],[1,6],[-8,8],[2,1],[-6,3],[-7,-6],[-21,-1],[-1,4],[-6,0],[1,6],[-2,1],[2,3],[-2,2],[10,6],[-4,7],[-10,3],[10,8],[7,12],[7,5],[-3,3],[2,2],[-5,8],[2,3],[-3,6]],[[5447,1704],[10,-10],[37,-7]],[[5536,1685],[3,-6],[0,-2],[4,-3],[9,1]],[[5552,1675],[4,4]],[[5646,1560],[0,-2],[-15,-1]],[[5600,1518],[1,-2],[-14,-6],[-8,-9],[-11,-6],[-3,-1]],[[5198,1511],[-4,-2],[-7,3]],[[5180,1531],[11,8],[-9,3]],[[5150,1555],[-12,-6],[-18,0]],[[5117,1553],[19,5],[-8,2]],[[5332,1718],[22,3]],[[5354,1721],[7,14]],[[5361,1735],[21,15]],[[6956,2254],[9,-12],[1,-2],[-1,-2],[4,-6],[-7,5],[-5,8],[-8,5],[7,4]],[[6744,2385],[80,23],[58,14],[70,5],[5,5],[-1,9]],[[6956,2441],[15,2],[14,5],[10,0],[22,13],[-5,5],[10,8],[-4,5],[2,6],[4,1],[3,7],[12,7],[0,2],[7,-5],[5,1],[6,-7],[18,10],[0,3],[5,3],[7,1],[23,-4],[1,2],[6,1],[22,-7]],[[7139,2500],[-16,-11],[-4,-7],[-2,3],[-3,0],[-7,-8],[-1,-3],[-12,-4],[-10,-9],[-10,2],[-14,-7],[-12,-9],[-3,-9],[-10,-5],[-13,-16],[-13,2],[-13,-11],[-12,-7],[-10,-11],[-27,-8],[1,1],[-6,-7],[-4,6],[-2,-3],[2,0],[-1,-2],[3,-1],[-2,0],[-5,-11],[-3,-14],[0,-13],[-3,0],[4,-1],[0,-6],[2,0],[0,-2],[-4,-2],[0,-4],[-1,3],[-1,-3],[-2,0],[-3,-11],[0,3],[-10,-13],[-1,-8],[-4,-2],[-2,1],[1,1],[-20,-2],[-12,-9],[-8,-3],[-10,1],[-5,6],[-1,-2],[-5,1],[-14,-5],[1,2],[-4,0],[0,2],[-1,-1],[2,-4],[-6,5],[-4,-1],[0,3],[-8,-1],[2,2],[-3,2],[-17,-1],[-8,6]],[[6766,2367],[-7,12],[-1,4]],[[7245,2549],[5,-2],[11,2],[5,-6]],[[7252,2526],[-30,7],[-37,-3],[-32,-16],[-9,-7],[-5,-7]],[[6956,2441],[0,-10],[-8,-5],[-25,-1]],[[6863,2452],[-10,-1],[-2,11]],[[6851,2462],[-11,6],[-43,-6]],[[6784,2467],[-42,-3]],[[6742,2464],[-1,2],[14,2]],[[6755,2468],[0,3],[4,2],[-2,3],[-5,0],[-2,5],[-8,2],[-3,9],[61,17],[-7,11],[-5,0],[-4,8],[-2,10],[9,1],[-2,2],[6,7],[-5,0],[-8,6],[-20,3],[-1,6]],[[6761,2563],[19,7],[-2,2],[3,1],[8,0],[-1,-3]],[[6801,2572],[11,-2],[8,-4]],[[6828,2006],[13,2],[4,-2],[17,-1]],[[6924,2016],[30,4],[33,12],[25,2],[-25,19]],[[6987,2053],[-7,3],[8,26]],[[6988,2082],[24,3],[10,-3]],[[7143,2055],[28,-2],[1,-4],[-2,-11]],[[7322,1910],[1,-6],[-2,-1]],[[7321,1903],[-10,11],[-10,1],[-9,-3],[-6,-8],[1,-7],[-3,-4],[-9,-8],[-4,-2],[-12,6],[-7,-1],[-5,-5],[-15,-7],[-6,-8],[-1,-5],[-14,0],[-8,2],[0,13],[2,4],[-13,22],[-19,-10],[-1,6],[-11,19],[2,3],[-23,5],[1,4],[-7,7],[2,5],[-17,-11],[-13,-3],[-7,3],[-11,12],[10,6],[-10,8],[0,3],[-12,6],[-19,1],[-10,3],[-1,-7],[-14,4],[-5,6],[6,8],[-4,9],[-12,-13],[-11,-3],[-3,-5],[-7,3],[-11,-7],[1,-1],[-6,1],[-16,-8],[-6,-5],[3,-3],[-8,-6],[-1,-7],[-19,-18],[-15,6],[-8,-4],[-7,13],[-6,0],[-4,3],[5,14],[-10,7],[-8,-4],[-8,8],[-10,4],[-16,-5],[-9,0],[-28,14],[-1,8]],[[7321,1903],[9,-1],[28,19]],[[7501,1933],[10,-1],[3,7],[5,1]],[[7524,1937],[4,2]],[[7653,1606],[-20,-5],[-2,3]],[[7631,1604],[-8,0],[-27,-9],[-7,-4]],[[7598,1569],[-25,1]],[[6844,1474],[-9,-2],[-2,-2]],[[6799,1429],[-9,-8],[-14,-6]],[[6719,1299],[-9,-2]],[[6510,1248],[-11,-4],[-5,1],[-9,9]],[[6452,1287],[-4,10],[4,9]],[[6628,1730],[1,8],[-5,0],[-12,-9]],[[6563,1779],[5,4],[-2,4],[-4,0]],[[6552,1811],[1,4],[-10,6],[-4,0]],[[6539,1821],[-5,6]],[[6611,1896],[14,8],[26,2],[22,9]],[[7177,4843],[6,-8],[3,-10]],[[7186,4825],[3,-5],[13,-11],[1,-4],[-9,0]],[[7250,4703],[-8,-20],[17,-3]],[[7275,4656],[-3,-2],[-4,-8],[4,-8]],[[7140,4506],[19,5],[26,-5],[-2,-3],[-6,0]],[[6266,3953],[8,12]],[[6274,3965],[27,8],[2,4],[0,9],[16,1],[10,-7],[11,-3]],[[6340,3977],[11,4],[8,5]],[[6359,3986],[1,6],[11,2],[1,9]],[[6372,4003],[2,3],[19,5]],[[6393,4011],[0,8],[6,-2],[17,5],[6,5],[4,7],[-3,6],[29,29],[26,-4],[2,1],[-2,2],[4,0],[4,5],[19,7],[2,3],[6,2],[13,-5],[10,0],[7,4],[15,0],[-3,7],[6,5],[-2,2],[1,2],[13,8],[4,5],[-2,6],[9,9],[-19,13],[13,7],[9,11],[-11,14],[-14,-2],[-18,13],[2,6],[10,6],[8,16],[-3,14],[-5,2],[-1,4],[-8,5],[0,4],[15,10],[-13,3],[-5,11],[-11,0],[-27,11],[-3,2],[6,4],[-3,7],[21,26],[16,8],[13,2],[23,24],[5,15],[7,0],[5,7],[35,25],[4,7],[-8,2],[-2,7],[1,3],[16,9],[-15,11],[-8,35],[-11,10],[-17,-4],[-9,0],[-6,8],[-11,4],[-10,0],[-20,8],[-6,6],[-7,1],[-1,7],[-6,4]],[[6515,4514],[-4,14],[-13,7]],[[6498,4535],[-4,5]],[[6494,4540],[-10,-1],[-33,-14]],[[6451,4525],[-13,0],[-24,-7],[-55,0],[-10,-19],[-22,-7],[-25,-1],[-6,-4],[1,4]],[[6297,4491],[-9,-1],[-43,10],[-3,8]],[[6163,4818],[1,10],[2,1],[-3,1],[34,4],[21,11],[13,-1],[-11,2],[-28,-12],[-24,-1],[10,2],[0,2],[46,16],[41,9],[56,5],[8,3],[-1,5],[14,-5],[53,-6],[38,0],[25,3],[26,11],[17,18],[3,4],[-1,11],[-3,3],[-1,12],[5,1],[-4,1],[-3,-2],[3,6],[22,-3],[31,3],[26,12],[11,-1],[12,6],[9,-3],[8,5],[5,-1],[0,3],[6,-2],[12,5],[23,3],[25,8],[24,-1],[29,-7],[9,3],[2,-1],[4,4],[20,0],[0,-9],[18,-10],[40,-17],[28,-10],[-7,3],[18,-6],[10,0],[4,-4],[18,-6],[70,-19],[18,-2],[9,2],[23,-7],[29,-4],[21,-7],[31,-1],[12,2],[8,5]],[[7150,4856],[7,-5],[20,-8]],[[6058,1816],[-25,0]],[[5983,1790],[-10,-13],[2,-2]],[[5975,1775],[-2,-6],[-3,0],[-6,4],[-2,7],[-7,11]],[[5900,1821],[-35,5],[-1,2]],[[5865,1835],[3,4],[-18,4]],[[5850,1843],[-5,6]],[[5845,1849],[-10,0],[-17,12],[-5,7],[1,1]],[[5814,1869],[-6,4],[4,0],[10,-6]],[[5822,1867],[8,0],[0,4],[3,1],[6,-3],[2,2],[-3,1],[0,2],[6,0],[4,11],[12,5],[5,0],[3,-1],[-1,-3],[3,0],[3,-6],[5,-1],[1,-4],[6,1],[2,-5],[-2,-1],[5,-2],[-1,-2],[8,-2],[2,6],[18,9],[24,-1],[19,2],[-2,4],[3,2],[-3,5],[4,3],[0,4],[5,-3],[11,7]],[[3582,7195],[0,-3],[-2,2],[2,1]],[[3564,7227],[8,-7],[-1,-3],[2,-2],[-2,-1],[2,0],[-3,-1],[0,-3],[10,-4],[0,-4],[-9,-2],[0,3],[-10,0],[-2,-2],[-6,1],[-5,-5],[-7,1],[6,1],[-3,3],[5,-1],[-3,2],[7,6],[-3,2],[10,0],[-1,2],[3,-1],[-2,2],[4,-2],[-1,1],[4,1],[-3,1],[2,2],[-3,4],[2,3],[-4,2],[3,1]],[[3540,7202],[3,-2],[-5,1],[2,1]],[[2048,5034],[-6,-2],[-6,7],[-11,4],[-5,7],[-7,-1],[-6,8],[-17,13],[-4,6],[1,7],[-2,-2],[1,3],[-3,3],[-5,0],[-2,7],[-7,3],[-14,2],[-2,-2],[-6,5],[-14,6],[1,2],[-9,7],[-2,6],[-4,2],[4,4],[1,5],[-3,4],[-7,4],[-1,1],[3,0],[-3,2],[8,1],[-2,1],[6,-2],[-3,3],[8,0],[8,-4],[-1,4],[6,3],[6,0],[18,-9],[9,-2],[3,-2],[4,-11],[12,-5],[15,3],[13,6],[7,6],[0,3],[5,-1],[9,3],[8,-1],[-1,1],[11,10],[-2,4],[4,2],[7,-1],[-2,1],[6,2],[3,6],[-1,3],[2,0],[0,5],[3,1],[-2,2],[1,2],[7,2],[0,5],[-4,4],[3,2],[12,5],[4,-6],[9,-2],[20,9],[4,9],[-1,-1],[-2,9],[-6,5],[0,8],[18,10],[0,7],[-2,0],[0,4],[3,3],[-1,3],[11,-5],[13,4],[8,7],[8,2],[20,-3],[5,-3],[21,-2],[5,-3],[2,-5],[6,-1],[7,4],[18,-5],[2,2],[-4,5],[8,2],[39,-8],[-1,3],[-21,6],[-13,6],[-6,6],[-13,4],[-1,5],[-10,8],[9,4],[13,-3],[9,4],[1,3],[-7,2],[-3,4],[-9,-6],[-5,0],[-10,6],[-8,-5],[-10,2],[1,2],[0,4],[-13,-2],[-29,6],[1,6],[16,8],[0,4],[-3,0],[4,4],[-10,-10],[-11,-7],[-5,-1],[-6,5],[0,4],[-8,-1],[-14,9],[-13,-3],[-4,1],[3,1],[-6,4],[-4,-3],[-8,-1],[-1,6],[-3,-1],[-4,4],[-2,-2],[-11,4],[-7,4],[2,3],[-4,-2],[-2,2],[2,1],[-6,2],[0,3],[-3,1],[-2,-3],[3,-1],[-7,0],[14,-6],[-4,-2],[3,-6],[-7,3],[2,-4],[-5,-2],[0,4],[-5,-3],[-7,4],[-7,-5],[-6,-1],[-3,4],[-19,3],[-5,7],[-15,2],[-2,7],[1,4],[-2,2],[-9,-1],[3,-4],[-4,-2],[-18,3],[-1,3],[2,2],[-4,2],[1,2],[-2,2],[5,10],[-7,9],[5,1],[-3,3],[1,2],[-2,-1],[-7,8],[-9,-2],[-3,-3],[2,-3],[-6,-4],[-9,-1],[-6,5],[2,4],[5,1],[-2,2],[1,4],[18,5],[6,4],[2,7],[-5,7],[3,5],[-1,2],[2,1],[-2,2],[10,6],[-1,2],[19,-6],[8,-7],[0,-3],[4,-3],[6,0],[1,3],[3,-2],[-2,6],[7,14],[5,5],[11,3],[8,6],[27,6],[23,11],[14,1],[15,-3],[5,5],[30,9],[25,4],[12,-1],[-8,3],[-41,-6],[-42,-2],[-74,-24],[-1,6],[-3,1],[-6,-5],[-8,11],[-9,-1],[-4,6],[3,1],[-1,0],[1,2],[15,2],[4,6],[21,-1],[12,5],[-14,4],[-25,-5],[-6,0],[-3,4],[3,8],[4,4],[18,4],[-1,3],[2,0],[5,-2],[5,5],[10,2],[-7,5],[-1,11],[-5,0],[-4,-9],[-6,-4],[-10,-1],[-2,-4],[-4,1],[-13,-6],[-7,0],[10,-3],[0,-5],[-5,-2],[-4,2],[-5,-1],[0,3],[-6,0],[0,3],[-7,-3],[0,3],[-7,1],[1,2],[12,3],[-28,3],[0,4],[2,0],[-5,0],[0,3],[5,4],[-5,2],[2,3],[-2,0],[0,2],[-2,2],[2,1],[-2,3],[2,1],[-1,0],[2,3],[-1,1],[2,0],[-2,0],[2,2],[-2,1],[2,3],[-4,3],[2,2],[-9,2],[5,2],[-1,3],[-9,1],[3,2],[-3,6],[4,5],[0,3],[-4,3],[0,2],[-2,0],[3,2],[-6,-1],[-3,4],[-2,-4],[-4,0],[-1,4],[-1,-1],[1,1],[-2,1],[1,2],[-6,-1],[-1,4],[3,2],[-6,0],[-3,3],[8,3],[-7,3],[3,5],[4,1],[-3,1],[5,7],[-3,-1],[3,3],[-5,2],[3,3],[7,1],[4,-1],[1,-4],[4,0],[2,2],[-2,2],[9,4],[-1,2],[2,1],[-3,4],[2,1],[-6,-1],[3,5],[-4,-1],[-1,3],[13,-2],[10,6],[1,2],[-5,0],[0,2],[12,6],[-3,1],[1,2],[-3,-1],[7,6],[-6,2],[2,3],[-6,0],[1,4],[-4,-1],[2,3],[-4,1],[4,4],[-4,0],[-5,5],[-2,-1],[4,4],[-2,1],[7,9],[-1,-4],[3,5],[4,1],[1,2],[3,-4],[6,2],[-1,2],[7,2],[3,-2]],[[1979,5708],[-2,-5],[3,-2],[4,3],[2,-1],[-1,-3],[15,1],[7,-5],[5,2],[-1,2],[1,2],[-5,2],[2,1],[8,-1],[3,-4],[4,0],[7,2],[0,3],[-5,4],[-9,2],[5,1],[2,3],[-24,5],[0,3],[4,0],[-3,4],[4,6],[2,-1],[-1,5],[10,5],[-5,-1],[1,2],[-4,1],[-1,2],[7,4],[-2,0],[2,4],[2,-1],[1,3],[-1,0],[2,2],[-6,3],[3,2],[-1,1],[2,2],[-3,-1],[1,2],[7,1],[-1,3],[3,1],[-3,0],[0,3],[-2,0],[2,4],[7,2],[6,-1],[3,5],[-4,-1],[0,5],[3,-1],[5,7],[4,-2],[0,3],[8,2],[-2,-5],[1,-2],[-2,-2],[2,-2],[-3,-5],[1,-3],[12,5],[5,-2],[11,0],[-2,-1],[1,-1],[5,2],[8,-2],[-2,-3],[4,-3],[0,-2],[7,-2],[0,-2],[4,-1],[10,-8],[13,4],[-2,5],[4,4],[-6,2],[0,3],[5,3],[4,-2],[2,6],[3,-1],[-2,-2],[2,1],[-1,-2],[3,2],[4,-3],[-1,-1],[6,-10],[10,-5],[2,-4],[7,-4],[16,-2],[8,3],[9,-9],[-1,-3],[-4,0],[3,-6],[1,-4],[-2,-1],[-29,-2],[-13,2],[0,-11],[-6,7],[-7,3],[-8,2],[1,-1],[-4,-1],[12,-2],[8,-8],[3,-5],[9,-1],[5,-8],[12,2],[11,-7],[-1,4],[2,-1],[5,1],[4,-4],[13,5],[5,-2],[2,-3],[-2,-4],[3,-1],[-1,-2],[5,-6],[0,-9],[3,-2],[-2,0],[-3,-16],[-4,-2],[5,-10],[-1,-4],[13,-22],[-1,-4],[4,-7],[0,-5],[-2,1],[13,-9],[5,-9],[-1,3],[3,-1],[-6,11],[-4,3],[3,9],[4,0],[-7,4],[-3,8],[-14,17],[1,5],[-3,8],[1,0],[2,4],[-1,1],[3,3],[-7,0],[1,8],[4,7],[-6,11],[1,3],[3,2],[-1,-2],[4,-1],[-1,-2],[4,-4],[-4,-3],[2,0],[-1,-1],[2,-3],[3,4],[3,-1],[-1,-3],[2,-2],[7,4],[-12,11],[-3,0],[2,1],[-1,3],[3,1],[-3,2],[3,1],[-2,4],[3,3],[5,-3],[2,-5],[13,-6],[2,2],[-2,5],[-5,2],[-4,6],[2,3],[8,-7],[-4,5],[1,4],[1,1],[2,-4],[2,4],[3,-1],[6,3],[2,2],[-3,6],[8,0],[2,-2],[-3,-1],[6,-2],[4,4],[-2,2],[1,3],[15,3],[9,-6],[10,1],[6,-4],[5,2],[9,-3],[4,2],[5,-5],[2,-3],[9,0],[-2,-8],[3,0],[2,7],[7,-3],[2,-3],[7,0],[9,-4],[3,6],[5,-1],[3,3],[3,-2],[4,-11],[5,-4],[10,-16],[1,-6],[-4,-2],[2,-1],[2,3],[4,-1],[-5,13],[9,-4],[2,-4],[8,1],[-3,0],[1,3],[-3,0],[2,2],[-2,2],[1,2],[-5,1],[-1,6],[-2,1],[2,3],[9,2],[3,-2],[11,1],[-10,0],[0,4],[-7,-1],[-2,2],[-5,-2],[0,3],[3,3],[-7,3],[-3,5],[-2,-5],[3,-2],[-1,-5],[-8,-4],[-4,3],[2,2],[-1,3],[7,1],[-4,1],[-2,7],[-3,-1],[-1,-5],[-2,2],[-3,-1],[-8,8],[-2,0],[3,-5],[-5,0],[-1,5],[-4,2],[-3,6],[5,-1],[0,9],[2,3],[13,0],[5,-3],[0,6],[-9,8],[-9,0],[-10,9],[2,2],[-1,5],[-3,4],[-5,1],[3,1],[-7,10],[-1,1],[-4,-4],[0,-2],[-4,-1],[-4,6],[-4,1],[-1,-3],[-3,3],[1,3],[-4,1],[-3,7],[-8,4],[3,3],[6,1],[2,-2],[2,3],[-13,-2],[-1,4],[-2,-1],[-1,3],[-5,0],[1,2],[-2,0],[1,5],[-2,3],[5,2],[-5,3],[2,1],[-2,2],[-7,4],[4,2],[-7,5],[1,3],[-2,0],[-1,3],[8,-3],[7,1],[2,2],[3,-3],[2,6],[16,-1],[2,8],[10,-2],[5,3],[-14,0],[-4,-2],[1,-2],[-17,3],[-17,-3],[-10,3],[-5,6],[10,4],[4,5],[2,0],[-1,2],[1,1],[4,-2],[4,3],[3,-3],[2,4],[2,0],[-2,3],[3,1],[-3,2],[2,2],[5,2],[3,-3],[3,0],[-3,5],[-8,3],[-1,2],[1,2],[3,-2],[8,7],[9,-5],[2,2],[-1,3],[3,1],[-1,1],[11,-1],[2,3],[5,0],[3,-6],[2,0],[1,4],[2,-1],[2,2],[3,-4],[6,0],[3,2],[3,11],[11,-2],[6,1],[-5,5],[0,3],[15,2],[2,4],[-3,1],[4,0],[-2,2],[8,3],[-3,1],[1,2],[14,-1],[1,3],[3,0],[-3,1],[2,1],[-2,2],[4,0],[2,4],[-3,1],[2,0],[1,0],[1,1],[4,-3],[2,5],[8,0],[4,-8],[4,0],[2,3],[2,-3],[-2,9],[14,2],[1,3],[6,1],[2,2],[-3,7],[4,0],[2,6],[12,-2],[-1,3],[7,-1],[2,2],[-1,3],[5,0],[11,-11],[-2,1],[3,-7],[5,8],[10,1],[1,-3],[5,-1],[0,3],[2,-3],[9,5],[-8,3],[7,2],[6,-3],[5,3],[5,0],[3,3],[-2,2],[4,0],[-2,2],[5,0],[-1,2],[4,2],[6,0],[-3,1],[7,0],[2,2],[-1,2],[5,2],[16,0],[14,5],[12,-3],[2,4],[-2,4],[2,2],[-3,3],[7,0],[1,4],[4,1],[3,8],[-2,0],[7,4],[0,3],[2,1],[-1,1],[1,3],[3,-1],[3,4],[-1,2],[6,1],[-2,3],[6,2],[-2,2],[29,3],[-1,2],[2,1],[-1,0],[10,5],[-3,2],[2,4],[7,4],[38,16],[0,2],[12,9],[3,-2],[1,2],[-3,4],[10,6],[-2,2],[4,0],[1,4],[7,1],[6,4],[7,1],[24,13],[7,1],[0,-2],[10,4],[3,-2],[10,9],[5,1],[-1,2],[20,4],[0,3],[6,1],[1,5],[5,1],[1,4],[6,2],[3,8],[7,7],[11,-1],[2,3],[12,-2],[6,3],[6,1],[4,6],[10,2],[1,3],[-2,1],[11,3],[7,6],[-1,2],[5,1],[3,5],[0,4],[-4,6],[4,2],[0,2],[-13,1],[2,2],[-2,0],[4,1],[-3,1],[8,-1],[8,5],[1,3],[3,-2],[9,4],[3,0],[-2,-1],[2,-2],[11,-3],[-4,-3],[7,-2],[-2,-1],[4,0],[-3,-1],[4,-1],[-1,-1],[2,-1],[3,0],[0,-2],[5,-3],[8,0],[-1,-1],[2,-1],[-2,-1],[12,-1],[1,-2],[-4,-1],[2,-1],[-3,-3],[4,-1],[-1,-2],[4,2],[2,-1],[-5,-2],[-1,-3],[-2,0],[-1,-1],[1,-4],[6,-3],[1,-3],[3,2],[2,-2],[-3,-1],[2,-2],[11,-1],[1,-2],[-3,-2],[5,1],[2,-3],[-3,-2],[0,-2],[8,1],[3,-3],[5,1],[-2,-1],[2,-1],[-1,-3],[4,0],[0,-4],[8,-1],[-1,-1],[4,-1],[-2,-2],[4,-1],[-3,-1],[1,-3],[-16,-10],[-1,-3],[3,-2],[-1,-2],[5,-5],[-6,-6],[6,-8],[6,1],[-1,-2],[2,-3],[7,-2],[-3,-4],[1,-2],[9,0],[-1,-1],[3,-1],[-2,-1],[1,-3],[7,-1],[-4,-1],[2,-1],[-1,-2],[1,-1],[-3,-3],[0,-4],[4,0],[-3,-3],[3,-5],[-15,-4],[-2,-5],[-10,-6],[1,-5],[-6,-8],[3,0],[-2,-1],[-2,-4],[-8,-4],[1,-2],[-4,-3],[3,-3],[-3,-5],[-5,-3],[2,-3],[-5,-5],[1,-5],[-4,-1],[3,-2],[-1,-4],[-6,-4],[3,-5],[19,-18],[1,1],[19,-13],[5,-2],[4,3],[-3,-4],[13,2],[5,-7],[-41,-5],[-7,-7],[-1,-4],[-9,-6],[2,-1],[-3,-4],[-15,-8],[-1,-4],[-9,-3],[-6,1],[1,-4],[-9,-4],[2,-1],[0,-3],[-6,-1],[4,-2],[-5,-2],[1,-2],[7,-1],[-2,-3],[2,-5],[-6,-7],[-40,-6],[1,-5],[4,-2],[-13,-12],[-1,-5],[7,-1],[0,-3],[-8,-2],[3,-3],[-2,0],[2,-2],[-2,-1],[-17,-4],[1,2],[-2,-3],[-23,2],[-6,-2],[-7,-10],[-1,-5],[3,-10],[7,0],[-3,-4],[5,-1],[-3,-3],[2,-2],[-11,-2],[3,-5],[-1,-3],[-11,-4],[-4,-4],[0,-2],[9,-12],[15,-11],[6,0],[1,-3],[8,-3],[0,-5],[11,-1],[4,4],[-2,-6],[11,-1],[12,6],[1,4],[0,-2],[4,2],[0,-3],[2,0],[3,4],[4,-1],[7,10],[10,2],[2,4],[6,-2],[4,2],[-1,-2],[6,-1],[7,4],[2,4],[7,1],[7,6],[1,4],[-2,2],[3,2],[-1,2],[12,1],[1,3],[3,2],[0,5],[5,5],[12,2],[1,2],[15,4],[9,-2],[-1,2],[7,3],[0,3],[4,1],[-3,6],[2,2],[11,3],[6,-7],[5,2],[6,-2],[1,5],[2,-3],[4,1],[-1,-4],[4,0],[-3,-6],[2,-1],[-6,-3],[1,-5],[-12,0],[-5,-6],[2,-1],[-1,-3],[7,-2],[0,-4],[-5,0],[-3,-5],[-7,-1],[-1,-1],[5,-4],[-11,-7],[2,-2],[-2,-2],[6,0],[0,-4],[3,1],[5,-5],[-5,0],[-1,-4],[-2,2],[-5,-1],[-1,-5],[6,-1],[-1,-3],[-5,0],[-2,-6],[-5,0],[-2,-3],[1,-2],[-6,-1],[-4,-4],[-10,0],[-10,-4],[1,-3],[-8,1],[-9,-3],[-1,-2],[0,-3],[-3,-1],[2,-4],[4,-3],[-2,-2],[-6,1],[-2,-4],[-15,-5],[-4,-4],[-28,-3],[-5,1],[-1,4],[-4,1],[2,4],[-2,2],[-19,3],[1,2],[-6,6],[1,7],[-10,1],[-2,9],[-4,2],[-21,0],[-5,-2],[0,-2],[-7,0],[-7,-3],[-6,-7],[9,-3],[-5,-4],[3,-1],[-3,-2],[2,-1],[-1,-1],[-4,1],[3,2],[-5,2],[1,4],[-4,1],[-3,-1],[2,-2],[-3,-4],[1,-2],[-2,-2],[-3,3],[-4,0],[2,-2],[-2,-1],[1,-1],[-2,-3],[-4,3],[0,-2],[-3,0],[-1,2],[3,1],[-3,2],[-3,-3],[-6,1],[-5,4],[1,9],[-8,3],[3,7],[-8,1],[-5,-6],[-8,4],[-3,0],[0,-2],[-5,1],[-2,2],[2,4],[-5,3],[-4,-1],[0,-2],[-2,2],[-1,3],[4,0],[3,9],[-4,-8],[-5,0],[-3,-5],[4,0],[1,-4],[-1,-2],[3,-4],[-4,-1],[9,-4],[-1,-4],[4,-2],[-2,-4],[3,-3],[4,-1],[3,2],[2,0],[-1,4],[2,4],[9,-3],[-3,-5],[1,-2],[-12,-5],[-2,-7],[-7,-2],[6,1],[5,-3],[2,-6],[-5,-1],[9,-9],[0,-6],[7,-7],[1,-12],[-2,-4],[-6,-2],[0,-3],[-14,-2],[-8,2],[-4,-4],[-18,-5],[-5,1],[-14,9],[2,-5],[8,-2],[-8,-7],[8,1],[-5,-3],[3,-1],[30,11],[31,-2],[3,-5],[-3,0],[2,-4],[-5,-5],[2,-3],[-1,-2],[-11,-1],[1,-2],[-3,-1],[-10,1],[-6,3],[1,2],[-11,4],[-3,-1],[1,-2],[-3,-5],[-13,3],[0,-4],[-9,-1],[-11,2],[-2,4],[-16,-1],[-18,5],[-5,5],[-21,1],[-6,3],[0,2],[-12,1],[11,-2],[0,-2],[-2,-1],[5,-3],[22,-4],[-1,-3],[4,0],[-4,-4],[1,-3],[-2,-3],[2,0],[1,4],[3,1],[-2,1],[3,2],[7,-2],[13,-10],[-7,8],[5,3],[5,-3],[-2,-3],[10,4],[6,-2],[-1,-3],[8,-1],[-2,-4],[2,-3],[2,1],[-1,3],[3,2],[3,-4],[-11,-5],[-10,0],[0,-2],[-6,-2],[-1,-5],[-2,2],[-4,-3],[-3,1],[-3,-3],[0,-5],[-2,-4],[-14,-6],[-15,2],[-1,-2],[-4,-2],[-4,2],[0,1],[-3,-2],[1,-5],[-7,-1],[-7,5],[-1,-3],[-5,-1],[-1,4],[-8,2],[2,-2],[-1,-2],[2,-2],[-9,-3],[-5,2],[-9,-1],[9,-1],[2,-2],[-7,-2],[-4,0],[-1,4],[-4,3],[-14,1],[14,-2],[3,-6],[-18,-4],[-17,1],[-51,-9],[-23,-1],[-17,-6],[60,10],[12,-6],[6,-6],[-2,3],[5,7],[21,1],[6,-2],[-1,2],[5,-4],[13,4],[2,-1],[1,-4],[0,4],[9,1],[1,3],[11,6],[12,-2],[21,2],[7,-4],[3,2],[2,-4],[-1,7],[3,2],[12,0],[12,-3],[12,2],[3,-3],[12,-1],[-1,-5],[5,5],[0,5],[6,2],[-7,0],[-1,4],[-6,-2],[-2,2],[1,1],[7,1],[-2,2],[4,4],[9,2],[4,0],[-3,-3],[2,-1],[5,2],[-3,3],[2,3],[9,3],[7,-3],[6,5],[-1,-8],[3,-5],[3,2],[-2,3],[3,4],[5,-2],[-1,-3],[7,-3],[-10,-4],[-4,2],[3,-4],[-2,-2],[2,-3],[-7,4],[1,-1],[-2,-3],[5,-3],[11,4],[-1,-5],[6,-3],[-13,-3],[-7,2],[3,-12],[9,2],[2,5],[9,5],[4,0],[0,-6],[-4,-7],[2,-5],[-2,-3],[11,-1],[5,-4],[-15,-14],[16,-4],[-2,-5],[2,-2],[-1,-2],[2,-5],[-7,-2],[0,-9],[-8,-4],[-26,-1],[-44,3],[17,-5],[11,1],[3,-4],[10,-3],[10,2],[4,0],[-2,-3],[2,0],[17,3],[24,-5],[1,-6],[-2,-1],[0,-9],[-5,-1],[-3,-5],[0,-8],[-2,-3],[1,-1],[-17,-5],[-4,-7],[2,-3],[-9,-1],[-2,-7],[4,-5],[-8,-2],[-8,2],[-12,13],[-7,1],[-5,5],[-8,-5],[-9,2],[-2,5],[-6,4],[-2,-2],[4,-7],[-9,-1],[0,-4],[-8,-3],[-12,15],[1,1],[-2,5],[-2,-2],[6,-9],[-4,0],[-6,7],[4,-3],[2,2],[-2,2],[0,-1],[-7,3],[-2,-2],[4,-1],[1,-6],[-7,-6],[-16,2],[-13,4],[6,-5],[-12,-5],[-16,2],[-12,4],[-8,8],[2,-4],[0,-5],[-3,-2],[4,-2],[-2,-3],[-16,-1],[-12,4],[-29,-4],[0,-3],[5,-1],[20,3],[7,-3],[1,-2],[25,-1],[10,-3],[5,3],[9,-1],[6,3],[16,-1],[5,2],[16,-2],[15,-9],[7,-2],[-1,-6],[6,-1],[0,-2],[-4,1],[0,-4],[-4,-2],[11,-10],[-2,-9],[-6,-5],[5,-2],[2,-6],[-14,-8],[-10,1],[2,-3],[-2,-6],[3,-1],[-1,-7],[-2,-1],[2,-13],[-6,-7],[-13,4],[-2,-1],[1,-3],[-9,0],[-8,5],[-7,0],[-2,-7],[-4,-1],[-4,-7],[-13,-7],[-4,4],[-3,9],[-5,-3],[1,4],[-2,2],[5,-1],[-1,4],[-6,0],[-5,6],[-3,-4],[-3,4],[0,6],[-4,3],[-4,14],[-3,0],[-1,-5],[6,-14],[-3,-2],[-2,-6],[13,-17],[-1,-2],[3,-9],[-1,-4],[1,-1],[-5,-5],[-7,0],[-7,3],[0,-4],[-3,-1],[-1,3],[-4,-3],[-8,7],[4,-7],[-3,-1],[-8,8],[-1,3],[6,0],[-8,5],[-2,-8],[6,-8],[-1,-1],[3,0],[-4,-1],[-1,-2],[2,-2],[-3,-2],[-3,3],[-4,-2],[0,8],[2,2],[-8,-2],[-1,-3],[-1,4],[-5,2],[-1,7],[-11,3],[5,4],[-9,7],[-4,9],[-9,7],[1,4],[-4,3],[4,7],[-2,3],[-6,-4],[-5,1],[-28,21],[-2,-2],[3,-7],[17,-17],[8,-15],[-2,-2],[-2,1],[0,-2],[14,-10],[3,-4],[-1,-7],[9,-6],[-10,-4],[-13,3],[-5,5],[1,6],[-9,6],[3,-2],[0,-7],[-8,-1],[-8,5],[-2,-1],[0,-3],[4,-4],[-4,0],[-1,-4],[-5,1],[-8,5],[-22,23],[-4,12],[-14,16],[-5,12],[-6,3],[0,-4],[-3,0],[-4,5],[0,3],[2,0],[-1,3],[-8,2],[-1,15],[-2,3],[2,3],[-4,5],[0,4],[5,3],[-1,3],[6,7],[-6,13],[-6,6],[1,4],[-1,3],[6,10],[7,4],[16,16],[4,9],[10,5],[9,-1],[10,9],[-3,7],[4,11],[20,3],[10,-3],[10,2],[11,-8],[-5,-4],[4,2],[4,-3],[10,7],[3,-2],[30,5],[-22,-1],[-6,3],[-14,0],[-21,5],[-45,0],[-9,-2],[-11,2],[2,-1],[-3,0],[1,-3],[18,0],[7,-3],[1,-6],[-3,-2],[2,0],[0,-3],[-11,-9],[-15,-5],[-6,-6],[-7,-3],[-6,-11],[-24,-19],[-40,-15],[0,-1],[6,-7],[-1,-3],[-6,-3],[6,-3],[10,1],[6,-4],[14,-22],[4,-9],[-2,-3],[6,-13],[0,-4],[-6,-2],[1,-3],[-3,-1],[3,-1],[-1,-1],[3,-3],[-8,-1],[-8,4],[-5,-1],[0,-3],[25,-2],[12,5],[5,0],[5,-5],[-2,-4],[3,-3],[7,-5],[1,-4],[5,-2],[1,-2],[2,-2],[1,2],[-1,-6],[11,-6],[-3,-2],[4,-7],[8,-5],[1,-3],[-4,2],[3,-7],[-3,2],[0,-2],[-3,0],[1,-1],[-5,3],[0,-5],[-20,5],[-3,-2],[1,-3],[-3,-1],[-14,0],[26,-8],[-3,-1],[31,-15],[0,-7],[-3,-2],[11,-14],[-3,-2],[1,-4],[-5,-3],[-22,3],[-13,-2],[-11,6],[-10,-2],[-7,5],[-7,-4],[-9,1],[-5,5],[-7,-3],[-4,1],[-4,5],[-10,1],[-4,6],[1,3],[-7,-2],[2,-3],[-3,1],[-7,3],[-4,5],[-6,0],[-3,-3],[-5,2],[-5,-3],[-18,3],[13,-8],[-1,-4],[11,-5],[2,-5],[1,2],[2,-3],[1,2],[3,-2],[-1,-3],[-4,2],[-1,-1],[0,-2],[-2,0],[0,4],[-2,2],[1,1],[-9,4],[-2,-1],[6,-2],[2,-8],[-4,-2],[-12,4],[-2,2],[-1,4],[-4,-3],[0,-4],[-9,1],[-1,-3],[7,-7],[-2,0],[1,-2],[5,-11],[3,-1],[4,4],[9,-6],[-4,6],[13,3],[13,-6],[2,-2],[-1,-2],[5,-2],[0,-4],[6,0],[-2,-3],[4,-3],[0,-4],[-3,2],[-4,-5],[8,-1],[1,-6],[5,1],[-2,-1],[2,-4],[6,-4],[-4,-2],[5,-3],[5,6],[3,0],[6,-5],[0,-2],[-4,1],[-1,-3],[8,-8],[-3,-5],[6,-6],[-6,-1],[1,-2],[-5,-4],[-4,2],[-4,-3],[-3,3],[1,4],[-2,5],[-8,-1],[2,-1],[1,-8],[-1,-2],[-4,1],[1,-2],[-10,4],[2,11],[3,2],[-2,1],[-3,-2],[1,-3],[-3,-6],[-6,2],[2,-3],[-17,6],[-2,4],[-2,-1],[-4,3],[1,2],[-7,0],[-2,-4],[11,-8],[3,-11],[-2,-1],[-4,2],[1,1],[-5,0],[14,-11],[-2,-2],[0,-4],[-3,-1],[2,-7],[-5,-1],[-8,3],[0,3],[-4,1],[1,2],[-5,4],[1,2],[-3,0],[-1,2],[-4,0],[3,-2],[-4,0],[3,-4],[-5,-3],[-9,6],[0,-2],[-6,1],[-13,10],[-5,11],[-7,10],[-2,-3],[-3,0],[1,-5],[-16,11],[-1,-3],[-3,2],[3,-6],[2,1],[-1,5],[4,-2],[11,-10],[1,-4],[17,-14],[-3,2],[-6,-2],[1,-8],[-4,-5],[-4,1],[3,-4],[-3,-3],[-6,4],[1,5],[-3,2],[-1,6],[-4,-3],[-5,4],[6,-6],[-1,-1],[1,-3],[-2,-1],[-2,1],[1,2],[-2,4],[-4,2],[-1,-7],[5,-4],[0,-3],[-4,1],[9,-10],[-7,-1],[-2,0],[2,-2],[6,-1],[-4,-2],[2,-2],[-6,2],[-5,-2],[4,-1],[-2,-1],[7,2],[5,-5],[-3,-3],[-1,2],[-7,0],[-7,6],[-2,5],[-14,-1],[9,-3],[-5,0],[2,-3],[-3,-1],[-5,4],[-1,-5],[6,-7],[-3,-1],[1,-2],[5,-4],[-2,-1],[5,-2],[4,-8],[-1,-3],[-13,-1],[-10,4],[-3,-3],[-4,0],[-5,6],[4,2],[-4,0],[-14,7],[-2,-3],[-4,2],[-8,-1],[7,0],[1,-2],[-3,1],[16,-6],[-1,-4],[-8,2],[0,-2],[-3,0],[3,-1],[-3,0],[14,-4],[-6,-3],[6,-3],[-5,-1],[4,-1],[7,2],[1,-6],[-10,-2],[-2,-4],[-18,-1],[1,-2],[-3,-1],[-5,-1],[-3,4],[-1,-5],[-3,3],[-4,0],[5,-4],[-3,2],[1,-3],[-4,1],[-4,-2],[3,-2],[-3,-1],[5,-3],[-3,-1],[3,-1],[-5,-4],[2,-5],[-5,-3],[3,-4],[-4,-2],[-8,3],[-4,-3],[2,-2],[-3,-1],[-5,3],[-6,-2],[-5,6],[-6,2],[0,-4],[-4,3],[5,-9],[6,-7],[2,-3],[-4,-1],[3,-3],[-11,3],[-4,9],[-3,0],[-8,10],[2,1],[-12,5],[-10,13],[-6,1],[3,-2],[-2,-1],[-6,1],[-5,6],[-6,-1],[2,6],[-4,3],[2,1],[5,-5],[-4,4],[5,-1],[-6,3],[-1,3],[-3,3],[-2,-2],[2,2],[-3,2],[-2,-1],[0,3]],[[2185,5045],[-3,-1],[3,0],[-1,0],[1,1]],[[2185,5045],[-2,3],[2,-3]],[[2185,5045],[0,0]],[[2252,5082],[-4,2],[-3,-3],[5,-1],[0,2],[2,0]],[[2212,5050],[11,-2],[-2,2],[-9,0]],[[2048,5034],[1,5],[9,-5],[0,3],[6,-2],[-21,10],[5,-6],[-3,1],[3,-6]],[[3152,7170],[1,-2],[-6,-1],[4,-2],[-2,-2],[-9,-2],[5,3],[0,3],[7,3]],[[3090,5712],[1,-2],[-3,-1],[-2,2],[4,1]],[[3018,5866],[3,0],[-7,-1],[4,1]],[[3013,5869],[-1,-1],[3,-1],[-9,-2],[7,4]],[[3014,6238],[1,-1],[-3,1],[2,0]],[[3009,5864],[2,-1],[-4,0],[2,1]],[[2996,6227],[-2,0],[1,2],[1,-2]],[[2920,5258],[4,-11],[11,-5],[-13,3],[-3,0],[0,-3],[-2,4],[-9,3],[6,-1],[-2,1],[4,8],[4,1]],[[2883,5253],[16,-3],[-5,-3],[-2,-4],[0,-7],[11,-3],[1,-10],[-5,-10],[-3,3],[2,4],[-6,4],[-2,12],[-13,6],[-10,2],[-5,6],[9,1],[5,-2],[8,2],[-1,2]],[[2878,5728],[2,-1],[-1,-1],[-1,2]],[[2859,5564],[9,-4],[5,2],[1,-9],[2,-1],[-5,-2],[0,4],[-5,1],[-2,5],[-4,0],[-1,4]],[[2867,5600],[3,-2],[0,-2],[-4,-3],[-5,1],[2,5],[4,1]],[[2866,5570],[2,-2],[-8,-2],[-8,3],[14,1]],[[2865,5566],[2,-2],[-8,1],[6,1]],[[2860,5599],[-2,-3],[-5,1],[7,2]],[[2856,5565],[2,-1],[-3,0],[1,1]],[[2834,5610],[4,-3],[-6,-2],[2,2],[-3,-1],[1,3],[2,1]],[[2835,5614],[0,-1],[-2,0],[2,1]],[[2832,5243],[2,-1],[-5,0],[3,1]],[[2819,5609],[4,-3],[3,1],[3,-3],[-9,-4],[-4,3],[1,1],[0,4],[2,1]],[[2823,5613],[3,-1],[-6,-2],[-2,2],[5,1]],[[2786,5414],[17,-2],[10,2],[2,-3],[9,-9],[-9,0],[-1,-2],[-4,4],[-9,1],[1,-3],[-3,-1],[-7,2],[-2,0],[0,-3],[-16,7],[12,7]],[[2806,5581],[-5,-4],[0,-3],[-3,-5],[-14,-5],[-8,1],[-4,3],[8,8],[15,7],[5,-4],[3,1],[-1,3],[4,-2]],[[2800,5558],[1,-2],[-2,1],[1,1]],[[2792,5566],[2,-4],[-3,-2],[-1,3],[2,3]],[[2783,5587],[-1,1],[2,1],[-1,-2]],[[2744,5569],[-1,-1],[12,-1],[-15,-1],[4,3]],[[2590,5286],[2,-2],[-4,0],[-3,4],[5,-2]],[[2572,5268],[-1,0],[2,2],[-1,-2]],[[2558,5261],[5,-6],[-5,3],[0,3]],[[2552,5267],[1,-3],[-4,1],[3,2]],[[2551,5271],[-3,0],[2,2],[1,-2]],[[2456,5212],[10,-1],[9,-4],[14,1],[3,-4],[8,-1],[0,-2],[13,2],[7,-5],[3,1],[-1,-1],[2,-3],[-6,-3],[11,-3],[-2,-2],[3,-3],[-2,-1],[4,0],[3,-7],[-4,2],[-2,-5],[-14,-2],[-3,-2],[0,-3],[-9,1],[-6,-3],[-3,3],[2,1],[2,6],[-9,2],[7,4],[-8,-3],[-5,3],[-1,-1],[1,-1],[10,-4],[1,-2],[-3,-1],[2,-1],[-6,-1],[-4,5],[-1,-4],[-5,0],[3,-3],[-1,-2],[-1,2],[-6,0],[-2,1],[2,4],[9,0],[-5,3],[-7,-3],[-6,2],[6,3],[4,-1],[-2,3],[10,4],[0,2],[-5,0],[-15,13],[3,-6],[-1,-4],[-2,-1],[2,-2],[-3,-1],[-1,-3],[-2,3],[-3,-1],[-4,5],[2,3],[-3,1],[7,-1],[1,3],[-6,3],[-2,5],[-1,-1],[-6,4],[13,2],[3,-5],[2,1],[1,5],[-11,1],[6,3]],[[2455,5175],[6,-6],[-11,4],[5,2]],[[2444,5196],[5,-5],[-6,3],[-1,2],[2,0]],[[2436,5185],[8,-1],[3,-5],[-10,-1],[-1,2],[5,2],[-5,3]],[[2428,5419],[7,-6],[10,-17],[-3,-5],[1,-2],[-12,-7],[-2,1],[-11,14],[-6,3],[-4,7],[6,9],[14,3]],[[2432,5198],[7,-3],[2,-2],[-4,-1],[6,-3],[-5,-1],[-1,-2],[-6,1],[-1,3],[3,2],[1,-4],[1,2],[-1,3],[-5,0],[3,5]],[[2430,5337],[1,-1],[-2,-1],[1,2]],[[2422,5698],[3,-2],[0,-5],[-5,3],[2,4]],[[2416,5146],[1,-2],[-3,0],[2,2]],[[2415,5166],[0,-4],[-7,1],[7,3]],[[2414,5152],[1,-3],[-3,0],[2,3]],[[2400,5212],[13,-6],[-2,0],[1,-4],[-5,1],[0,-2],[-2,3],[0,-3],[-3,-3],[-6,6],[-5,0],[0,5],[9,3]],[[2408,5199],[4,-3],[-3,0],[-1,3]],[[2410,5171],[1,-4],[-4,3],[3,1]],[[2406,5712],[1,-3],[-2,-2],[-2,3],[3,2]],[[2401,5169],[-2,5],[2,0],[0,-5]],[[2393,5202],[1,-2],[-3,1],[2,1]],[[2370,5738],[8,-8],[2,-12],[-1,-2],[-10,4],[-7,9],[0,4],[8,5]],[[2366,5755],[7,-1],[0,-3],[2,-1],[2,-5],[-7,-1],[-5,3],[-1,7],[2,1]],[[2371,5765],[2,-2],[-1,-2],[-2,2],[1,2]],[[2367,5199],[1,-1],[-2,-1],[-2,3],[3,-1]],[[2366,5715],[-3,3],[3,-1],[0,-2]],[[2360,5116],[3,-1],[-1,-3],[-4,3],[2,1]],[[2219,5826],[8,-7],[8,3],[14,-2],[3,2],[3,-3],[9,-1],[0,2],[3,1],[0,-5],[4,3],[10,-10],[0,-10],[-4,-3],[6,-8],[3,0],[1,-2],[-2,-2],[3,-5],[1,2],[-1,5],[3,4],[3,-2],[-1,-2],[6,-9],[5,2],[2,-5],[6,0],[-4,5],[2,1],[-3,0],[-1,7],[2,2],[-1,2],[5,1],[1,-3],[-4,-1],[10,-5],[-1,-6],[6,0],[0,-3],[5,0],[-1,-1],[7,-5],[2,2],[0,-3],[3,-2],[-4,-2],[1,-4],[3,-1],[0,3],[4,-2],[0,3],[3,1],[6,-2],[0,-4],[3,0],[-1,-1],[2,-7],[-4,-1],[3,-4],[-4,-4],[3,-3],[2,-6],[-1,1],[-1,-4],[-2,-1],[-7,1],[-13,6],[1,1],[-2,2],[-13,2],[-33,-5],[-30,4],[-3,-2],[-4,3],[-2,5],[-4,3],[-4,12],[16,-3],[-2,3],[5,0],[2,-5],[1,7],[-2,2],[6,0],[1,5],[-2,2],[-2,-3],[2,-2],[-5,-1],[-8,20],[5,0],[0,3],[-5,1],[-8,7],[1,-4],[-2,-1],[14,-19],[0,-2],[-3,0],[3,0],[2,-5],[-9,-1],[2,7],[-14,4],[-3,11],[2,0],[3,-5],[0,3],[1,0],[-2,1],[2,1],[3,-6],[-4,8],[-5,5],[-7,-3],[-7,9],[3,0],[-2,3],[5,1],[-9,9],[0,3],[2,1],[-3,0],[0,4],[6,1],[-4,2],[2,2],[-4,0],[3,2]],[[2354,5106],[3,-1],[-1,-3],[-4,2],[2,2]],[[2341,5773],[10,-10],[-8,1],[-3,8],[1,1]],[[2328,5884],[1,0],[-2,-2],[1,2]],[[2298,5106],[20,-8],[7,-6],[-4,-1],[-2,4],[-2,-1],[0,-2],[-3,0],[0,-3],[-4,4],[-5,-3],[-9,13],[2,3]],[[2302,5786],[3,-5],[-3,3],[0,2]],[[2295,5866],[-1,-3],[-5,1],[3,0],[-2,2],[5,0]],[[2292,5868],[2,-1],[-3,0],[1,1]],[[2273,5830],[1,-1],[-2,1],[1,0]],[[2263,5830],[0,-2],[-1,2],[1,0]],[[2224,5843],[1,-4],[14,0],[10,-6],[9,-1],[2,2],[1,-6],[-2,-1],[1,-3],[-15,2],[-11,-3],[-4,2],[-1,6],[-6,0],[3,4],[-3,3],[1,5]],[[2255,5763],[4,-1],[-7,-1],[3,2]],[[2257,5724],[2,-2],[-7,-1],[1,2],[4,1]],[[2256,5837],[0,-3],[-3,0],[1,3],[2,0]],[[2252,5841],[2,-1],[-2,-1],[0,2]],[[2252,5718],[-2,0],[-1,3],[3,-3]],[[2241,5846],[6,0],[2,-7],[-5,0],[-1,3],[-4,2],[2,2]],[[2245,5767],[2,0],[-2,-1],[0,1]],[[2241,5846],[-3,1],[4,1],[-1,-2]],[[2240,5765],[2,-2],[-3,0],[1,2]],[[2238,5856],[4,-2],[-5,-4],[-4,1],[5,5]],[[2239,5860],[2,-2],[-4,0],[2,2]],[[2233,5761],[6,-7],[-10,2],[0,4],[4,1]],[[2228,5748],[1,-4],[5,0],[3,-4],[-12,-4],[-1,-3],[-9,3],[-3,6],[3,5],[-4,4],[3,7],[10,-13],[2,0],[2,3]],[[2236,5874],[0,-3],[-4,2],[2,3],[2,-2]],[[2234,5067],[1,-1],[-3,1],[2,0]],[[2234,5842],[-3,0],[2,3],[1,-3]],[[2228,5748],[-1,2],[2,0],[-1,-2]],[[2225,5721],[4,-5],[-5,-1],[-1,4],[2,2]],[[2218,5274],[8,-2],[3,-2],[-7,0],[-2,-3],[-5,6],[3,1]],[[2228,5663],[0,-3],[-2,1],[2,2]],[[2226,5704],[-2,-5],[-2,1],[1,4],[3,0]],[[2216,5799],[4,-3],[-6,3],[2,0]],[[2211,5726],[4,-5],[-1,-1],[2,-4],[-4,-1],[-8,4],[1,6],[6,1]],[[2197,5839],[6,-3],[-1,-4],[-4,-1],[1,1],[-3,0],[1,2],[-3,-1],[-3,4],[6,2]],[[2201,5757],[2,-1],[-2,-1],[0,2]],[[2192,5853],[7,-3],[-6,-2],[-5,4],[4,1]],[[2198,5744],[1,-3],[-3,2],[2,1]],[[2198,5842],[-2,-2],[0,2],[2,0]],[[2182,5778],[2,-3],[1,1],[2,0],[-3,-1],[1,-1],[4,0],[-2,1],[1,2],[6,-1],[0,-4],[3,-1],[-4,-7],[-3,0],[-2,4],[-3,-1],[4,-3],[-4,-2],[0,3],[-6,2],[7,4],[-6,2],[-1,4],[3,1]],[[2185,5863],[4,-2],[-13,-1],[3,4],[6,-1]],[[2181,5722],[-2,2],[1,3],[2,-2],[-1,-3]],[[2180,5719],[1,-9],[-16,5],[-1,3],[2,2],[2,-1],[-1,2],[4,-2],[2,6],[7,-6]],[[2164,5012],[9,0],[0,-2],[-3,1],[-4,-6],[-3,0],[-3,5],[4,2]],[[2169,5827],[4,-3],[-5,0],[-1,2],[2,1]],[[2163,5793],[1,-3],[-1,-2],[2,0],[3,-3],[-3,-4],[3,0],[0,-4],[4,-4],[-9,-1],[-7,2],[-4,6],[-6,4],[-3,5],[2,3],[7,-3],[11,4]],[[2170,5783],[1,-2],[-3,-1],[2,3]],[[2165,5766],[-1,-5],[-3,2],[0,4],[4,-1]],[[2153,5798],[3,-1],[-2,-2],[4,1],[-2,-3],[4,0],[-5,-2],[-9,3],[1,2],[4,1],[0,-2],[2,3]],[[2148,5799],[1,-1],[-4,-1],[3,2]],[[2120,5315],[0,-3],[6,2],[11,-11],[6,0],[-4,-1],[2,-1],[-2,-1],[-2,1],[-1,-4],[-6,4],[1,-3],[-6,0],[-4,10],[-6,3],[2,3],[-1,1],[4,0]],[[2112,5320],[4,-4],[-7,-4],[-8,3],[3,4],[8,1]],[[2071,5280],[13,-1],[7,-4],[0,-7],[8,-17],[-7,-10],[4,-4],[7,-3],[-11,2],[-6,-2],[0,-7],[-13,-8],[0,-3],[-3,0],[1,-3],[-7,0],[0,4],[-3,-2],[-2,2],[-1,6],[-11,1],[-11,5],[-2,4],[-7,3],[-9,-2],[-1,-4],[3,-1],[-2,-3],[1,-3],[-5,-7],[-6,0],[-2,-3],[1,-1],[-7,1],[-8,-2],[-1,-2],[1,0],[-3,0],[-3,-4],[-2,0],[-3,2],[1,4],[-3,1],[2,2],[-1,3],[-3,2],[2,-1],[-2,2],[6,8],[-4,1],[-9,-2],[-2,2],[5,2],[-2,1],[1,3],[5,3],[2,-2],[3,1],[-2,-4],[6,-1],[2,6],[15,0],[0,2],[10,4],[7,-3],[4,5],[-2,6],[7,8],[0,6],[3,2],[11,-2],[-2,4],[1,5],[18,-1],[8,2],[-1,2],[2,1],[-2,1],[4,0]],[[2100,5333],[0,-2],[-2,0],[2,2]],[[2060,4945],[9,0],[7,-2],[7,-5],[-1,-3],[2,-2],[-8,0],[-1,4],[-16,8],[1,0]],[[2062,4931],[6,-5],[1,-3],[-5,-1],[-6,2],[1,5],[3,2]],[[2057,4915],[1,0],[-2,0],[2,-2],[6,-3],[-7,-3],[1,3],[-6,2],[5,3]],[[2050,5027],[6,-2],[-4,-3],[-2,5]],[[2043,4938],[2,-3],[-2,-3],[8,-8],[-15,2],[-7,5],[1,2],[9,0],[0,3],[4,-3],[-1,5],[1,0]],[[2045,5027],[2,-2],[-3,-1],[1,3]],[[2030,4868],[3,-5],[-5,1],[2,4]],[[2025,5002],[5,-3],[-7,2],[2,1]],[[2013,4864],[6,0],[6,-4],[2,-3],[-4,-4],[4,-3],[-1,-3],[2,-3],[-14,-1],[-3,6],[-6,0],[2,2],[-2,1],[4,2],[-2,5],[7,-2],[1,2],[-4,4],[2,1]],[[2022,5024],[3,-1],[-1,-2],[-4,1],[2,2]],[[2019,4879],[2,-2],[-2,0],[-1,2],[1,0]],[[2019,4945],[2,-2],[-7,4],[5,-2]],[[2017,5038],[3,-2],[0,-3],[-4,3],[1,2]],[[2009,4971],[4,-2],[-4,0],[10,-7],[-13,6],[-1,2],[3,-2],[-2,2],[3,1]],[[1968,5004],[10,-2],[2,-7],[16,-4],[-2,-1],[3,-2],[-8,3],[7,-3],[-6,0],[7,-1],[-3,0],[5,-2],[-5,0],[15,-8],[3,-3],[-2,-1],[7,-5],[-13,9],[-6,1],[2,-2],[-1,0],[-13,4],[-2,-1],[3,-2],[-8,1],[-15,9],[-4,4],[1,2],[-2,4],[9,7]],[[2014,4963],[2,-1],[-3,1],[1,0]],[[2012,4925],[4,-3],[-4,-1],[-2,2],[2,2]],[[2015,5011],[1,-2],[-2,-1],[-4,0],[5,3]],[[2014,5039],[0,-5],[-4,3],[4,2]],[[2011,5042],[1,-2],[-2,-1],[1,3]],[[2006,5706],[2,-1],[-4,0],[2,1]],[[2001,4869],[7,-2],[-2,0],[2,-3],[-7,3],[-2,-10],[-5,-4],[-9,2],[3,3],[-4,1],[2,2],[-4,0],[1,2],[6,-4],[-6,5],[11,-3],[-8,4],[0,2],[9,0],[1,-2],[-2,0],[2,-1],[5,5]],[[2005,4973],[-2,1],[5,-2],[-3,1]],[[1989,4888],[15,-3],[3,-4],[-1,-4],[-2,-2],[-7,5],[1,-2],[-4,1],[3,1],[-4,1],[1,3],[-6,4],[-2,-4],[-2,1],[5,3]],[[1998,4958],[6,-2],[-1,0],[2,-2],[-6,1],[8,-5],[-4,-1],[-4,2],[3,1],[-4,0],[1,2],[-5,3],[4,1]],[[1999,4843],[7,-3],[-9,-2],[0,3],[-6,1],[8,1]],[[2004,4852],[-5,1],[2,1],[3,-2]],[[1900,4970],[-10,-6],[2,-3],[1,3],[3,-2],[-6,-11],[38,-14],[-19,4],[-3,-2],[1,-2],[-3,0],[-4,5],[3,-1],[0,2],[-11,6],[-19,8],[-2,0],[0,-3],[-6,1],[3,-4],[-4,2],[4,-7],[3,1],[-1,-1],[6,-9],[-10,4],[-6,-1],[0,-4],[-3,-2],[3,-2],[-2,1],[1,-3],[-3,-4],[-4,2],[-12,-8],[9,-6],[-10,-2],[-2,-3],[4,-4],[8,1],[7,-3],[-1,3],[3,-1],[3,-3],[-3,1],[5,-4],[7,-2],[5,-4],[-7,1],[10,-3],[9,-5],[1,-1],[-4,-1],[0,-3],[-3,-2],[2,-7],[-4,0],[11,-4],[-11,0],[-8,-6],[11,-2],[-7,-1],[3,-5],[-5,1],[2,1],[-29,-1],[13,-4],[-13,0],[3,-1],[-1,-3],[4,2],[12,-1],[-2,2],[10,-3],[-3,1],[10,5],[9,-3],[2,-2],[-2,-1],[4,0],[1,-1],[-2,-2],[2,-1],[19,2],[1,-1],[-8,-3],[4,-6],[-1,-1],[6,-5],[4,4],[0,2],[9,2],[-8,2],[0,4],[9,0],[4,-3],[12,1],[-5,2],[9,-1],[-5,2],[12,-2],[-5,2],[6,1],[-8,1],[-2,2],[2,2],[-9,0],[-7,6],[-7,1],[-3,6],[0,-4],[-6,3],[1,-3],[-3,0],[5,-2],[0,-2],[-2,0],[3,-1],[3,-2],[-11,-1],[4,3],[-9,-3],[11,-1],[-2,-4],[-2,2],[-5,-3],[-9,1],[-2,1],[1,5],[3,-1],[-5,2],[1,-3],[-2,0],[-2,2],[2,4],[-10,1],[9,2],[6,-2],[-4,2],[11,2],[1,5],[2,0],[-1,-2],[11,4],[-1,-2],[2,-2],[8,0],[-5,-1],[2,-1],[-2,0],[3,-1],[-1,-3],[5,2],[-1,3],[2,0],[0,3],[17,-10],[9,-2],[-2,-2],[5,-4],[-3,0],[2,-1],[-1,-1],[12,-1],[5,-2],[-6,-1],[9,-4],[5,1],[-1,3],[4,0],[5,-6],[6,-1],[5,-7],[-11,-6],[1,-3],[-15,-13],[1,-2],[-3,-3],[-6,-2],[-3,-3],[1,-3],[-3,-2],[1,-2],[-1,-4],[-11,-9],[-13,6],[-6,7],[-6,2],[-7,7],[4,2],[-10,2],[-4,3],[16,3],[9,4],[-2,2],[3,0],[-1,1],[-13,-1],[-1,-2],[2,-1],[-2,-2],[-5,2],[-19,-3],[1,-2],[-3,0],[4,-2],[-5,-2],[3,0],[-2,-3],[-5,5],[4,1],[-7,3],[5,1],[-14,5],[0,4],[-3,0],[2,-3],[-1,-1],[-7,2],[1,-2],[-4,0],[5,-2],[-6,1],[18,-5],[-5,1],[1,-3],[-2,-2],[10,2],[-6,-2],[6,0],[-2,-3],[-5,2],[-3,-3],[4,1],[4,-4],[-7,-2],[-3,4],[-6,-1],[4,2],[-11,4],[-2,4],[-9,-2],[1,3],[-2,1],[8,0],[-16,2],[10,0],[1,2],[-10,3],[10,0],[-9,2],[4,1],[-18,3],[8,1],[-1,2],[7,0],[-2,1],[3,1],[9,-4],[-11,1],[18,-3],[5,-4],[0,3],[3,0],[-12,6],[13,-4],[0,3],[5,0],[-5,5],[1,1],[-4,0],[4,2],[-5,1],[2,-5],[-7,2],[-1,0],[1,-2],[-4,0],[2,0],[-1,2],[-7,-2],[-2,2],[5,-1],[-6,2],[12,0],[-8,3],[-4,-1],[-3,2],[1,-2],[-4,-2],[-21,2],[3,-3],[4,1],[13,-2],[-3,-1],[3,-3],[-4,-1],[-8,1],[7,2],[-2,2],[-6,-3],[-5,1],[5,1],[-4,0],[-16,1],[11,-3],[-5,-2],[-8,4],[-3,-3],[7,-3],[5,1],[-3,-1],[2,-2],[-2,-1],[9,0],[-8,-2],[16,1],[2,-2],[-2,0],[6,1],[7,-6],[-2,-1],[2,-3],[-7,-1],[4,-1],[-2,-2],[5,-1],[-7,-2],[2,0],[-2,-2],[-4,3],[-4,-1],[-4,-3],[3,-3],[14,0],[2,0],[-3,2],[13,2],[5,3],[-2,-2],[3,0],[-3,-1],[9,-3],[0,-2],[-2,0],[1,2],[-3,-2],[-4,2],[0,-3],[-15,1],[7,-3],[-2,-1],[2,-2],[6,2],[-1,2],[4,-3],[10,-1],[-4,5],[6,-2],[2,2],[2,-1],[-3,-1],[0,-3],[14,-4],[-6,3],[9,-2],[0,-2],[-4,-1],[6,-1]],[[1892,4782],[-7,-4],[-11,-1],[0,3],[7,2],[-9,2],[-6,-3],[-1,2],[-13,-1],[1,-1],[-1,-1],[6,-1],[0,-1],[2,0],[-1,4],[9,-2],[4,-2],[-1,0],[1,-2],[11,-1],[-3,2],[10,0],[-4,-3],[2,-4],[-7,0],[-4,-4],[9,3],[-5,-6],[6,-1],[0,-2],[-5,0],[6,-2],[-9,-1],[-3,4],[-8,1],[5,-1],[2,-3],[-9,2],[-12,-2],[8,-1],[-1,-2],[9,3],[6,-3],[-24,-3],[12,-1],[19,4],[4,-2],[-8,-2],[8,-1],[1,-3],[-3,-2],[7,-2],[2,4],[6,0],[1,4],[22,-4],[3,1],[-1,3],[2,2],[3,1],[7,-3],[-5,3],[13,3],[0,-5],[10,1],[-2,-5],[-2,-1],[2,-4],[-5,-4],[-6,-1],[3,-6],[-6,-3],[3,-7],[-10,-11],[2,-2],[-5,-3],[-6,3],[2,-3],[-1,-1],[-15,-8],[-9,0],[-1,-2],[-20,1],[-5,-2],[1,4],[-7,0],[3,2],[-4,6],[-4,-1],[0,-2],[-14,5],[12,-7],[-6,-2],[4,-2],[-10,-1],[-5,2],[-9,-1],[-10,3],[1,2],[-3,-1],[1,-1],[-8,1],[6,-5],[-20,-4],[-1,2],[1,2],[-2,0],[-2,-1],[2,-3],[-5,1],[-1,-4],[-34,2],[-5,-2],[-4,3],[-8,2],[4,0],[-6,6],[5,-1],[5,2],[-9,0],[12,3],[-1,-4],[7,2],[-2,-1],[2,-3],[-4,-2],[3,-1],[-1,1],[2,1],[4,-2],[4,3],[-6,-1],[1,2],[7,1],[0,2],[-7,0],[5,2],[-5,2],[5,1],[-2,3],[3,3],[-8,3],[-5,-1],[0,-2],[5,-7],[-16,4],[1,-2],[-1,-2],[-8,-3],[-14,3],[-6,-3],[10,-3],[4,-1],[2,3],[5,-2],[4,-3],[-10,-1],[9,-1],[0,-2],[-2,0],[1,-2],[-10,-1],[-6,3],[-4,-1],[1,-2],[-10,1],[0,-2],[-7,0],[9,-3],[10,2],[42,-3],[2,1],[-2,1],[2,1],[2,-2],[13,-2],[9,3],[24,-1],[-3,1],[10,1],[4,-2],[4,2],[-1,-3],[26,2],[5,0],[-6,-2],[6,-3],[13,-3],[3,2],[-2,3],[-6,2],[4,1],[-2,2],[3,2],[10,0],[-4,1],[17,1],[4,-1],[-2,-2],[7,2],[9,-4],[-4,-4],[3,0],[-2,-1],[3,-4],[-6,-5],[3,-1],[-4,-2],[-1,-1],[2,-2],[-2,-1],[8,-1],[-2,-2],[4,-1],[-3,-5],[1,-1],[-9,-7],[3,-3],[-1,-3],[-8,-1],[-3,-2],[4,-3],[-6,-4],[3,-5],[-1,-2],[-27,-3],[5,-4],[1,3],[16,3],[7,-2],[-4,-4],[0,-2],[-6,2],[-4,-1],[1,-2],[-8,2],[-1,-3],[-11,2],[-6,-2],[-4,1],[0,3],[-9,-1],[-4,4],[-10,3],[-2,0],[6,-3],[0,-1],[2,1],[7,-4],[-5,0],[-4,3],[-1,-2],[-7,4],[-14,3],[-8,5],[-2,-4],[-2,4],[-3,1],[0,-3],[7,-3],[4,1],[21,-7],[2,-3],[-7,-1],[8,-3],[-6,2],[-1,-2],[-10,3],[1,-1],[-6,-1],[-9,0],[-10,5],[9,-5],[-9,1],[-26,-3],[13,-2],[2,1],[-5,2],[22,0],[-3,-4],[-7,1],[-2,-1],[1,-1],[8,1],[4,4],[12,-2],[0,-3],[-1,0],[-1,-3],[-9,2],[-1,-2],[13,-1],[-11,-1],[6,0],[3,-4],[1,-3],[-3,0],[6,-8],[-8,1],[6,-3],[-2,0],[4,-3],[0,-2],[7,-2],[-4,-1],[6,-1],[2,-2],[-3,-1],[0,-2],[1,1],[2,-2],[-1,-1],[5,-2],[-5,-1],[4,-2],[-2,-2],[2,-1],[-5,-4],[-6,2],[2,2],[-5,-2],[-16,7],[-8,0],[0,1],[6,1],[-7,0],[3,4],[-2,1],[0,2],[-4,-1],[-1,2],[-3,0],[1,-3],[-3,-1],[4,0],[-1,-2],[2,-1],[-11,-3],[-6,1],[-8,7],[-11,4],[7,-6],[-6,1],[-9,5],[3,3],[-2,2],[1,-2],[-6,-2],[-9,4],[-12,0],[-3,3]],[[1714,4588],[-1,-3],[-8,1],[7,-1],[-7,-3],[9,2],[15,-2],[11,-5],[-10,3],[4,-4],[1,0],[13,-7],[8,1],[1,-4],[-2,-1],[3,0]],[[1758,4565],[-1,-3],[2,-1],[-4,-3],[2,0],[-17,-2],[10,0],[0,1],[3,-1],[3,-1],[0,-4],[3,0],[-6,0],[-3,5],[1,-4],[3,-3],[5,1],[0,7],[3,1],[-2,2],[1,5],[13,0],[9,-4],[-11,1],[10,-5],[-3,-4],[-5,1],[5,-2],[3,3],[2,-1],[1,-4],[-2,-2],[2,-1],[-5,-1],[4,-1],[3,2],[-2,2],[3,1],[-2,3],[1,3],[-2,1],[1,2],[2,-3],[15,-3],[19,-12],[-7,-1],[3,-1],[10,0],[0,-2],[-4,1],[2,-2],[-7,1],[2,-2],[-7,0],[11,-3],[-9,0],[1,-2],[-2,0],[-8,6],[-4,-3],[-11,4]],[[1792,4537],[-2,4],[-5,0],[0,-2],[-4,-2],[2,-2],[-2,0],[3,-3],[-4,0],[4,-2],[-1,-3],[-6,0],[1,-3],[6,-1],[0,4],[11,-1],[9,-4],[-5,1],[-1,-2],[7,0],[-8,-1],[10,-4],[-12,-2],[-19,4],[-10,11],[-2,-2],[10,-11],[-7,-1],[3,2],[-6,2],[-2,-4],[6,-3],[-4,-3],[2,-3],[-9,0],[3,4],[-3,1],[5,0],[-3,2],[-5,-1],[-3,5],[2,0],[1,2],[-6,5],[0,-3],[-5,-2],[9,-6],[-4,-2],[-5,4],[-2,-2],[9,-7],[-16,-2],[24,-1],[2,-2],[-9,0],[17,-10],[-1,2],[2,1],[6,1],[6,-1],[7,-4],[2,0],[-7,7],[-8,-2],[-6,5],[-4,0],[2,2],[-3,1],[12,0],[7,-3],[6,1],[-1,2],[4,-2],[-2,2],[2,1],[13,1],[2,-2],[-5,-2],[11,0],[-2,-1],[3,-2],[-2,0],[7,-3],[2,-4],[6,-4],[-4,1],[1,-2],[4,-1],[-7,0],[11,-4],[-8,0],[5,-2],[-12,0],[-1,1],[6,2],[-7,-2],[-2,3],[-3,-2],[7,-2],[10,-8],[-7,-4],[-11,1],[-24,-4],[12,-1],[5,2],[4,-2],[2,2],[6,-2],[6,3],[13,-2],[-17,-6],[-3,4],[-1,-2],[1,-2],[-5,-2],[-12,1],[-7,3],[-3,-1],[3,-2],[-2,0],[-10,2],[6,-2],[-8,0],[3,-2],[5,1],[5,-1],[-3,-1],[4,-2],[-7,1],[6,-3],[-5,-2],[2,-2],[-3,-1],[7,1],[5,-3],[-1,-2],[-3,1],[1,1],[-10,-1],[-2,1],[1,2],[-18,4],[-13,6],[2,-2],[-9,2],[3,1],[-5,2],[-10,0],[14,-3],[1,-3],[-4,0],[0,-3],[5,-1],[4,-9],[3,-1],[-10,-1],[-4,3],[5,1],[-6,3],[0,-2],[-3,-1],[2,-2],[-5,1],[2,1],[-2,1],[1,1],[-8,2],[4,-2],[-1,-5],[4,-1],[-4,-3],[-1,3],[-1,-2],[-6,5],[-1,-1],[3,-4],[-11,3],[3,-1],[-18,0],[-4,5],[-6,0],[6,-1],[1,-5],[23,0],[-1,-2]],[[1715,4434],[5,-2],[-2,0],[3,-5],[-5,-1],[-3,1],[3,1],[-2,1],[0,-1],[-3,1],[2,-1],[-2,-2],[-16,2],[-7,-3],[-2,5],[-4,0],[-1,2],[-1,0],[2,-2],[3,0],[-1,-2],[3,-3],[10,2],[-2,-1],[6,-1],[-20,-2],[19,1],[11,-7],[2,-3],[1,0],[0,5],[5,-2],[1,3],[2,-2],[-2,-1],[8,-1],[12,-6],[7,-12],[-6,1],[1,-2],[-2,0],[-11,3],[-5,-1],[-9,5],[-2,-3],[5,0],[8,-6],[-6,0]],[[1720,4395],[6,-1],[13,-6],[2,1],[6,-2],[4,-7],[-8,2],[10,-7],[5,1],[-1,-3],[9,0],[1,-4],[2,0],[0,2],[3,-2],[-7,-1],[2,0],[-1,-2],[9,2],[3,-1],[-1,-4],[7,-1],[-1,-2],[-3,2],[-1,-4],[-6,-1],[-3,3],[1,-1],[-4,-2],[-17,6],[1,-2],[-14,-1],[8,-2],[2,-4],[11,-1]],[[1758,4353],[-5,-4],[9,3],[4,-2],[0,2],[2,-1],[-1,3],[6,-1],[-2,2],[8,2],[2,-2],[-3,-4],[-2,1],[1,-4],[1,3],[9,-2],[2,2],[-4,4],[3,1],[-5,1],[0,1],[8,-1],[-1,2],[4,-1],[2,1],[-1,3],[5,0],[3,-1],[1,-3],[-4,-1],[3,-1],[-2,-2],[2,-1],[-2,-3],[1,-1],[-6,1],[3,-4],[-12,1],[4,-2],[-1,-1],[1,-5],[-6,2],[-2,-4],[-10,3],[2,-3],[-2,-2],[-9,-1],[2,-2],[-5,-3],[-11,5],[8,1],[-10,-1],[1,-5],[4,-1],[-4,-1],[-11,0],[-1,4],[2,2],[-3,2],[-5,-1],[-22,10],[2,-3],[19,-9],[6,-5],[5,-1],[1,-1],[-3,-4],[2,-1],[20,4],[-3,-4],[7,-2],[-2,-2],[6,3]],[[1769,4319],[11,-5],[3,6],[3,0],[-1,2],[10,-2],[9,-5],[-4,-2],[-4,1],[6,-4],[-8,-3],[8,-1],[-4,-1],[8,-5],[-4,-4],[3,-2],[-2,-2],[2,-7],[14,4],[4,4],[2,-2],[7,1],[1,-1],[-1,-1],[2,-1],[0,-4],[6,-4],[-1,-1],[1,-1],[-4,0],[-9,-5],[3,-6],[4,0],[-5,-2],[4,-2],[-5,0],[3,-3],[-2,0],[-1,-2],[2,-2],[-5,-6],[-8,0],[0,-2],[-2,-1],[-8,0],[-11,5],[-2,-6],[-3,-1],[3,-2],[-5,-5],[-7,0],[3,-4],[-5,0],[1,-1],[-3,-5],[-9,-5],[0,-4],[-6,-2],[4,-3],[0,-2],[10,0],[-9,-1],[0,-4],[8,-8],[-10,-3],[-8,-6],[1,-2],[-5,-4],[1,-4],[5,-1],[1,-4],[-2,2],[-7,-2],[3,-8],[-11,-8],[-13,-1],[-3,4],[0,-2],[-3,0],[1,-3],[-2,1],[1,-3],[-15,5],[-13,1],[0,7],[7,-3],[0,3],[-3,3],[2,0],[-5,3],[4,1],[4,0],[3,-4],[4,-1],[0,-2],[6,-3],[-2,3],[2,1],[-5,1],[-4,5],[-3,1],[-7,5],[1,-2],[-3,-1],[3,-2],[-5,2],[-3,-5],[-5,0],[0,3],[-8,-1],[-2,-6],[-6,2],[-5,-2],[-9,0],[-4,5],[-3,0],[3,1],[-4,2],[-3,6],[0,2],[2,1],[-4,2],[2,-2],[-1,-1],[-4,4],[0,-3],[-3,1],[8,-4],[3,-6],[-10,3],[9,-4],[-3,0],[3,-4],[-5,-1],[3,-2],[-3,-2],[-8,5],[0,3],[-3,4],[2,-3],[-1,-5],[6,-3],[0,-3],[8,1],[4,-4],[3,1],[-1,-2],[4,-2],[4,2],[-4,1],[3,2],[16,-5],[-6,4],[8,2],[-1,2],[2,1],[13,0],[2,-5],[-5,-1],[4,-3],[0,-2],[3,2],[8,-3],[-5,-1],[1,-2],[-2,-2],[5,-1],[-3,-3],[3,-2],[7,0],[0,-2],[5,-2],[20,4],[6,-7],[-2,-3],[6,1],[2,-3],[4,3],[0,-4],[-1,1],[3,-4],[-6,-5],[1,-6],[-3,-8],[6,1],[1,-2],[-3,0],[6,-3],[3,-5],[-2,-1],[10,-7],[0,-7],[-2,0],[3,-9],[3,-3],[-2,-3],[3,-4],[-4,-1],[5,-4],[-6,-2],[-3,-6],[-6,-1],[2,-4],[-2,-5],[-15,-5],[-19,0],[-32,17],[8,-6],[-10,-1],[11,-4],[-8,-3],[6,-2],[-2,1],[2,1],[4,-3],[2,1],[-2,-2],[3,-1],[2,1],[-1,3],[3,-1],[8,-3],[-2,-2],[-26,2],[0,4],[-3,1],[-11,0],[-3,4],[3,0],[-5,2],[7,-3],[2,2],[-8,2],[-5,5],[6,-13],[-14,1],[1,3],[-3,1],[2,0],[0,3],[-8,-4],[-3,1],[2,-2],[-17,2],[13,-2],[2,-1],[-4,0],[0,-1],[-3,-1],[14,-5],[-1,2],[-7,2],[10,0],[7,-7],[2,2],[5,-3],[-2,-1],[2,-3],[-3,-2],[2,-1],[-4,1],[2,2],[-4,0],[1,-3],[-11,-2],[6,0],[-2,-1],[1,-4],[5,0],[1,4],[2,0],[-3,2],[10,-2],[-3,3],[13,-4],[0,-2],[9,4],[10,0],[-1,4],[13,-2],[3,4],[12,0],[4,-4],[10,1],[11,-3],[5,-6],[12,0],[1,-7],[-8,-6],[8,1],[1,-3],[5,-2],[2,-3],[-4,-1],[1,-5],[2,2],[-2,2],[5,0],[5,7],[6,-1],[0,-3],[2,-3],[-1,-1],[3,-2],[-2,-2],[19,-2],[-2,-6],[2,0],[-4,-2],[0,-3],[-7,3],[-12,-2],[12,1],[3,-3],[-8,-2],[8,-3],[-7,-1],[-1,-5],[-7,2],[-5,-1],[3,-2],[-3,-1],[4,-1],[4,-9],[-14,0],[-10,5],[-16,-1],[-3,5],[-23,11],[-27,-5],[-8,-5],[-10,1],[-3,-6],[0,4],[-4,0],[-2,4],[-21,-5],[-9,3],[-10,-2],[-27,3],[-4,4],[-5,0],[5,1],[-4,2],[2,2],[-2,2],[-12,1],[2,-2],[-3,1],[1,1],[-8,0],[4,1],[0,2],[-4,0],[5,3],[-6,1],[2,1],[-1,1],[6,2],[0,3],[-6,4],[-3,9],[-6,3],[-8,-4],[-6,5],[12,3],[-4,3],[4,1],[-2,1],[4,4],[-4,9],[-7,1],[2,1],[-4,2],[1,2],[3,0],[-9,2],[1,4],[4,1],[-1,2],[3,0],[-3,1],[3,1],[-7,2],[8,-1],[4,4],[1,6],[-17,31],[-2,10],[-5,10],[-2,1],[4,1],[2,6],[0,7],[-5,6],[2,2],[-3,1],[4,1],[1,14],[-14,6],[1,3],[3,-1],[-1,16],[-4,6],[-5,3],[-2,-1],[-3,2],[2,0],[-8,3],[-1,-2],[1,-2],[-5,-1],[-1,4],[-6,3],[6,3],[1,2],[17,-3],[11,7],[5,6],[2,8],[-2,12],[4,13],[-6,3],[-2,3],[9,1],[-2,1],[6,5],[-3,3],[1,4],[-9,5],[-3,-4],[-2,1],[1,1],[-7,-2],[5,4],[-7,-4],[-1,5],[4,2],[-2,0],[1,2],[4,-1],[-1,3],[3,-4],[-1,-1],[5,1],[7,-3],[2,4],[5,3],[-2,0],[3,3],[-1,1],[9,0],[7,2],[0,4],[7,6],[1,4],[0,7],[-3,4],[-4,0],[5,3],[3,6],[2,19],[-1,10],[-5,21],[-14,33],[-22,24],[-2,3],[3,5],[-2,0],[6,4],[0,3],[10,-4],[10,2],[-3,1],[5,1],[2,1],[-2,1],[2,0],[-2,1],[8,3],[-1,1],[3,1],[-1,3],[4,3],[6,-2],[9,3],[-2,0],[3,3],[3,-2],[9,1],[3,5],[0,11],[-8,8],[7,-2],[4,6],[5,1],[8,-4],[0,-2],[-3,-6],[2,-2]],[[1624,4461],[4,7],[3,1],[-3,0],[-4,5],[-8,3],[1,-1],[-15,-3],[-4,6],[-13,-2],[-2,4],[-10,2],[10,2],[2,11],[-6,15],[-3,2],[-3,-1],[1,4],[-5,-2],[-4,6],[-4,1],[3,2],[-3,4],[2,0],[-2,2],[2,0],[-1,3],[8,1],[4,5],[-1,4],[-14,1],[2,4],[6,2],[-4,2],[2,1],[-3,1],[-1,2],[3,0],[-2,2],[6,0],[8,7],[12,-2],[14,2],[-2,3],[3,2],[-2,1],[5,-1],[3,4],[-1,3],[-4,3],[2,1]],[[1606,4580],[-4,4],[0,2],[52,13],[4,-1],[4,-8],[6,-2],[-6,3],[-1,3],[8,-1],[-7,2],[-3,9],[-3,-1],[-4,4],[29,7],[11,-4],[13,2],[4,-5],[8,-3],[8,2],[7,-1],[-7,1],[-9,-2],[-4,4],[2,1],[-8,3],[-8,0],[-1,1],[2,1],[-7,-1],[-6,3],[-19,0],[-2,1],[1,1],[-14,-8],[4,3],[-3,0],[3,8],[6,4],[-1,12],[6,-1],[-1,-5],[2,2],[-1,3],[7,1],[-10,1],[2,5],[5,4],[8,-4],[0,-2],[1,2],[-7,4],[-8,0],[4,1],[-9,4],[-2,6],[-4,5],[4,-5],[1,-8],[3,1],[1,-6],[3,0],[-3,-6],[-2,1],[-1,-7],[-5,-6],[-5,-15],[-5,-3],[4,7],[-9,-6],[-5,-12],[-20,-1],[2,-1],[-2,-2],[-10,-1],[-3,4],[9,13],[-1,-1],[-1,3],[0,-4],[0,10],[-4,16],[-8,9],[-14,6],[3,1],[-3,6],[-12,9],[-1,3],[-15,5],[-5,8],[-7,4],[-7,0],[0,3],[-5,3],[-1,4],[-10,5],[-8,2],[-3,-3],[-28,10],[-16,-2],[0,4],[-3,0],[7,2],[0,8],[-8,4],[-4,-3],[-1,2],[2,1],[-6,1],[9,2],[-1,5],[-10,-1],[-2,2],[2,1],[-8,0],[1,5],[-11,7],[-6,0],[-3,-3],[-7,0],[3,1],[-4,2],[3,0],[-6,2],[0,4],[-4,0],[2,3],[-3,6],[-5,1],[-9,-1],[-4,3],[1,7],[7,2],[0,3],[3,0],[2,3],[9,0],[2,-4],[-1,-3],[3,-1],[6,5],[-6,4],[7,-2],[0,2],[8,2],[-2,4],[2,1],[-2,2],[4,3],[-1,2],[-7,1],[-3,2],[-4,-1],[1,5],[15,0],[-2,3],[4,-1],[-1,6],[11,-3],[2,1],[-1,1],[2,2],[4,2],[-1,3],[2,0],[-3,2],[1,2],[-4,1],[-1,5],[9,1],[-1,3],[3,2],[-1,4],[7,3],[-4,3],[-1,2],[3,0],[-2,2],[5,-1],[-3,2],[1,1],[3,-3],[3,0],[-2,6],[-5,1],[2,4],[-3,0],[-3,3],[5,2],[4,-3],[5,2],[-3,0],[0,3],[5,-2],[1,0],[-3,3],[8,-1],[2,2],[9,-2],[-1,-2],[3,-2],[2,0],[0,3],[4,0],[-2,-3],[5,-1],[7,2],[-5,3],[9,0],[-2,1],[5,1],[3,-2],[-1,-4],[5,-1],[-2,0],[10,-8],[11,-3],[-1,2],[13,2],[2,-5],[5,-2],[-1,-2],[1,2],[14,-9],[-19,13],[-1,2],[4,-1],[-2,3],[-14,2],[-10,-2],[0,1],[-10,9],[6,3],[5,-3],[2,2],[9,-2],[8,1],[2,4],[6,0],[-5,6],[3,1],[3,0],[2,-2],[0,-2],[2,-1],[9,1],[6,6],[20,-4],[-1,1],[12,2],[-3,-5],[-14,-6],[-7,-6],[2,-5],[0,3],[11,-2],[5,-4],[0,2],[-2,2],[-14,3],[22,13],[2,0],[-2,-2],[1,-3],[4,-2],[1,2],[16,1],[16,8],[5,4],[1,4],[-4,6],[-7,-1],[-1,4],[2,0],[0,2],[5,2],[6,-3],[2,5],[6,2],[-3,3],[7,-1],[5,2],[2,2],[-3,3],[7,4],[-2,5],[4,3],[4,-1],[1,-3],[2,0],[-2,1],[3,3],[4,0],[1,-3],[-6,-4],[5,-6],[-1,-4],[-9,-7],[2,-3],[5,-1],[-4,-4],[3,-2],[5,1],[6,-10],[9,-1],[1,3],[2,-4],[-21,-6],[-7,-5],[3,-6],[5,-3],[-4,4],[5,-2],[5,1],[4,-3],[13,-6],[2,-3],[2,1],[-4,2],[3,1],[-19,9],[-8,0],[-3,3],[9,5],[11,1],[7,10],[11,-7],[-2,-5],[7,-7],[0,-4],[9,-3],[-9,3],[0,5],[-5,7],[0,5],[-10,6],[3,0],[2,4],[3,-3],[0,3],[2,-3],[8,0],[-3,-2],[3,0],[2,3],[8,-7],[8,-1],[12,5],[8,6],[3,10],[-1,7],[-3,0],[1,1],[-11,-5],[-6,4],[0,6],[13,3],[5,-6],[17,-1],[8,1],[2,5],[6,1],[14,-3],[2,6],[5,4],[-1,2],[6,2],[-1,2],[8,-1],[12,7],[-7,3],[-12,-4],[-12,1],[-8,-2],[-4,4],[-12,0],[-7,6],[8,1],[12,10],[16,22],[3,12],[27,5],[22,1],[17,-7],[7,-7],[-1,-3]],[[1702,4581],[1,4],[-1,-4]],[[1698,4580],[-22,5],[17,-6],[5,1]],[[1606,4580],[4,2],[-4,1],[0,-3]],[[1611,4583],[3,2],[1,3],[-4,-5]],[[1635,4469],[7,0],[-6,1],[-1,-1]],[[1644,4469],[16,-12],[14,-6],[-1,1],[-13,5],[-11,10],[0,4],[-1,-3],[-4,1]],[[1677,4448],[1,-1],[-7,2],[9,-5],[2,-1],[-5,5]],[[1727,4459],[-34,11],[-8,0],[2,-1],[-3,-1],[2,-2],[4,3],[5,-1],[18,-7],[2,-3],[0,3],[12,-2]],[[1727,4574],[-1,0],[0,-1],[-1,-2],[3,-1],[-2,1],[1,3]],[[1721,4574],[-9,0],[1,0],[4,-1],[-2,-1],[6,2]],[[1711,4573],[-1,-1],[3,0],[-2,1]],[[1679,4434],[-4,4],[2,-3],[-3,-2],[5,1]],[[1624,4461],[3,-2],[15,-1],[2,-2],[-2,2],[-18,3]],[[1628,4185],[-1,5],[-3,1],[1,1],[-1,2],[-1,-3],[5,-6]],[[1720,4395],[-5,3],[-12,-1],[17,-2]],[[1715,4609],[12,7],[6,-5],[-6,5],[-6,-1],[-6,-6]],[[1704,4619],[7,0],[3,2],[-4,-2],[-3,0],[4,2],[-6,-1],[-1,-1]],[[1714,4588],[-1,0],[-2,-1],[3,1]],[[1744,4588],[-3,0],[2,-2],[-7,1],[7,-1],[1,2]],[[1744,4588],[1,0],[-3,3],[2,-3]],[[1761,4614],[-2,2],[-4,0],[-2,1],[-1,-1],[7,-1],[-6,-3],[2,1],[1,-3],[-6,-3],[6,2],[0,4],[1,1],[4,0]],[[1749,4619],[-5,3],[-2,3],[0,-3],[7,-3]],[[1737,4629],[-4,2],[8,-5],[-1,2],[5,2],[-8,1],[2,-1],[2,-1],[-4,1],[0,-1]],[[1784,4625],[-1,0],[-1,-3],[3,0],[-1,3]],[[1900,4970],[0,-3],[-1,0],[1,3]],[[1996,5455],[4,-1],[-2,-1],[2,-3],[-4,-1],[0,6]],[[1998,5721],[2,-2],[-3,-1],[1,3]],[[1996,4876],[-2,-2],[-2,1],[4,1]],[[1993,5062],[1,-2],[-3,-2],[-1,2],[3,2]],[[1994,5350],[0,-2],[-1,0],[-1,3],[2,-1]],[[1981,5043],[4,-5],[-1,-7],[6,-2],[-2,-5],[6,-5],[-6,-13],[-5,1],[-3,6],[-9,5],[-4,6],[-6,2],[-2,6],[-3,2],[18,5],[3,6],[4,-2]],[[1992,4895],[2,-2],[-4,0],[2,2]],[[1990,4994],[3,-1],[-5,1],[2,0]],[[1990,4879],[1,-2],[-2,-1],[-1,2],[2,1]],[[1988,4979],[3,-2],[-4,3],[1,-1]],[[1986,4895],[4,-1],[0,-3],[-7,0],[1,4],[2,0]],[[1982,4883],[3,-2],[-1,-2],[5,1],[-2,-2],[2,-1],[-7,-2],[0,8]],[[1979,4884],[2,-2],[-4,-1],[1,3],[1,0]],[[1979,5708],[-4,2],[3,1],[1,-3]],[[1975,4884],[1,-2],[-3,-4],[-5,0],[2,6],[1,-3],[0,3],[3,-2],[-1,1],[2,1]],[[1973,4852],[3,-3],[-6,2],[3,1]],[[1961,4872],[8,-5],[4,-4],[-1,-2],[1,-1],[-4,-3],[-6,1],[-12,6],[0,2],[8,6],[-2,0],[4,0]],[[1962,5448],[4,-1],[3,2],[3,-2],[-3,-7],[-7,3],[0,4],[-2,0],[2,1]],[[1965,4931],[5,-1],[-6,-4],[-4,3],[4,-1],[-1,2],[2,1]],[[1961,5512],[6,-2],[1,-2],[-6,-1],[-2,3],[1,2]],[[1960,4858],[3,-1],[-6,-1],[3,2]],[[1959,4929],[3,-4],[-9,2],[6,2]],[[1959,5368],[2,-2],[-2,-1],[-1,2],[1,1]],[[1952,4883],[7,-4],[2,-4],[-14,-1],[-4,1],[1,3],[5,2],[-3,2],[1,3],[5,-2]],[[1959,4751],[-1,1],[2,2],[-1,-3]],[[1916,5467],[7,-2],[0,-2],[-2,-2],[3,-3],[3,2],[10,-4],[1,1],[9,-5],[3,-13],[4,-6],[-2,-2],[1,-5],[4,-1],[-1,-11],[-21,-4],[-5,2],[1,3],[-6,5],[-5,-3],[-1,4],[-7,-1],[1,4],[-8,-2],[-4,2],[-1,-2],[-7,-1],[-1,-3],[-3,1],[-1,2],[1,1],[-7,5],[1,6],[-10,4],[1,5],[-4,0],[-2,7],[-3,-1],[2,2],[-2,3],[11,3],[0,3],[8,1],[2,-3],[3,3],[-2,2],[8,2],[7,-2],[14,5]],[[1954,4740],[-1,2],[2,1],[-1,-3]],[[1948,5008],[5,-5],[-7,2],[2,3]],[[1942,5693],[1,-4],[-6,-1],[-2,2],[7,3]],[[1933,4884],[2,-2],[-2,-2],[4,0],[-1,-2],[2,1],[0,-4],[-9,-1],[5,-2],[-14,7],[13,5]],[[1935,5310],[0,-2],[-3,0],[3,2]],[[1915,5545],[12,-1],[-2,-1],[4,0],[-1,-1],[4,-2],[0,-7],[2,-3],[-1,-1],[0,-8],[-2,2],[-10,-1],[-5,4],[-6,0],[1,3],[3,-1],[-2,3],[5,1],[-3,1],[5,2],[-3,1],[1,2],[-7,-2],[-2,0],[4,3],[-7,0],[8,3],[-2,3],[4,0]],[[1926,4850],[8,-1],[-11,0],[3,1]],[[1923,4793],[4,-2],[2,-4],[-2,-2],[5,-2],[-2,-2],[4,-1],[-2,-1],[2,-2],[-4,-2],[-7,1],[-5,4],[1,2],[-2,2],[6,1],[-4,2],[2,4],[-3,2],[5,0]],[[1928,5314],[2,0],[-4,0],[2,0]],[[1930,5566],[-1,-3],[-5,2],[6,1]],[[1924,5572],[3,-1],[-5,0],[2,1]],[[1923,5546],[3,-1],[-5,0],[2,1]],[[1915,5578],[7,0],[4,-3],[-8,-1],[-6,4],[3,0]],[[1908,4877],[15,-7],[-5,0],[-10,7]],[[1912,4802],[4,-2],[-8,-1],[5,1],[2,-1],[-3,-2],[7,-1],[-8,-1],[-7,4],[8,3]],[[1911,4878],[7,-3],[-2,-1],[-8,5],[3,-1]],[[1916,4845],[2,-1],[-4,-1],[2,2]],[[1913,4775],[5,-1],[-8,1],[3,0]],[[1902,4883],[14,-5],[-9,1],[-5,4]],[[1908,4772],[6,-4],[-3,-2],[-7,4],[4,2]],[[1912,5558],[2,0],[-7,-1],[5,1]],[[1892,4801],[2,-2],[-3,-1],[12,0],[2,0],[-1,-2],[9,-3],[-2,-3],[-5,0],[4,-3],[0,-4],[-13,5],[8,1],[-5,1],[1,1],[-3,-2],[-10,2],[12,3],[0,1],[-3,-2],[-10,1],[2,-2],[-8,1],[9,2],[-1,4],[-3,-1],[6,3]],[[1911,4693],[0,-2],[-1,1],[1,1]],[[1904,4890],[7,-5],[-6,3],[-1,2]],[[1909,4895],[1,-2],[-2,1],[1,1]],[[1907,4760],[3,-1],[-8,0],[5,1]],[[1908,4895],[-2,0],[2,3],[0,-3]],[[1901,4888],[6,-4],[-8,4],[2,0]],[[1902,4879],[-2,1],[7,-3],[-5,2]],[[1905,4805],[-2,1],[3,0],[-1,-1]],[[1898,4758],[9,-2],[-6,-1],[-4,2],[1,1]],[[1904,5471],[0,-4],[-5,-3],[-7,1],[3,2],[-5,0],[-2,2],[16,2]],[[1898,4779],[5,-2],[-9,2],[2,0],[0,2],[2,-2]],[[1887,4614],[8,4],[8,-4],[-7,-3],[-9,3]],[[1895,4883],[7,-2],[-8,1],[1,1]],[[1899,4904],[1,-3],[-2,0],[4,-4],[-2,-1],[1,-1],[-1,-1],[-3,3],[2,1],[-1,1],[-4,2],[4,1],[1,2]],[[1882,4608],[7,0],[2,-1],[-2,-1],[6,-2],[6,0],[-5,-1],[2,-3],[-5,-1],[0,-3],[-6,-1],[-11,6],[-1,4],[2,0],[-2,0],[7,3]],[[1894,4872],[2,-4],[-5,0],[3,4]],[[1893,4849],[4,-3],[-6,2],[2,1]],[[1890,4769],[6,-2],[-8,1],[2,1]],[[1892,4782],[3,-1],[-2,-1],[-1,2]],[[1894,4874],[1,-2],[-3,1],[2,1]],[[1889,4856],[2,-1],[0,-1],[1,0],[2,-1],[-3,1],[0,-1],[-11,1],[9,2]],[[1889,4891],[2,0],[3,-1],[-5,1]],[[1889,4766],[4,-2],[-9,1],[5,1]],[[1890,4860],[2,0],[-5,0],[3,0]],[[1887,4614],[5,-3],[-7,0],[0,-2],[-4,2],[6,3]],[[1890,5489],[2,0],[-4,0],[2,0]],[[1879,4896],[-5,0],[-9,6],[7,-2],[-2,3],[4,-2],[5,-5]],[[1879,4896],[-1,1],[3,2],[-5,3],[7,-1],[6,-4]],[[1889,4897],[-10,-1]],[[1889,4897],[-2,4],[5,-4],[-3,0]],[[1889,4745],[1,-1],[-2,1],[1,0]],[[1889,4891],[1,-1],[-5,1],[4,0]],[[1882,4866],[7,-1],[-11,-3],[4,4]],[[1885,4911],[2,-3],[-4,1],[2,2]],[[1886,4907],[1,-2],[-3,3],[2,-1]],[[1827,4610],[9,-2],[-9,1],[5,-1],[0,-2],[1,1],[6,-1],[0,-2],[2,0],[3,2],[-2,1],[8,1],[20,-1],[3,-3],[-2,-2],[1,-1],[-4,-1],[0,-3],[3,2],[2,-1],[-2,-1],[1,-1],[6,0],[2,-3],[-4,-1],[5,0],[2,-3],[-2,-1],[3,-1],[-4,0],[-2,-1],[-3,2],[4,3],[-12,-1],[-2,-2],[8,-2],[-8,0],[-3,-3],[10,0],[-1,-2],[3,-1],[0,2],[4,1],[4,-4],[-2,-1],[3,-1],[-7,-4],[-1,-3],[3,-1],[-1,-2],[-5,0],[-2,3],[4,1],[-6,1],[3,-4],[-2,-8],[-6,0],[0,-4],[-9,-3],[-7,6],[-3,-2],[-8,3],[6,3],[-3,4],[2,1],[-1,2],[4,-2],[-1,9],[-2,2],[0,-3],[-2,-1],[-3,1],[2,3],[-2,1],[-11,0],[-2,2],[4,2],[-7,2],[-1,3],[6,-3],[-3,3],[3,4],[-1,3],[2,1],[-2,3],[1,1],[17,-8],[13,-1],[-1,-2],[4,-1],[-4,3],[1,3],[-6,3],[-19,3],[5,4],[-3,1],[0,-2],[-7,3],[5,-5],[-14,6],[11,2]],[[1877,4791],[5,0],[-2,-2],[-5,1],[2,1]],[[1882,5428],[-1,1],[1,2],[0,-3]],[[1881,4857],[1,0],[-3,-1],[2,1]],[[1880,5429],[0,-2],[-2,0],[2,2]],[[1877,4613],[2,-2],[-4,-3],[-4,1],[2,1],[-3,2],[7,1]],[[1859,4922],[8,-3],[2,-3],[-9,4],[1,-3],[6,0],[-1,-2],[9,-7],[-9,0],[-10,6],[0,2],[3,2],[-3,5],[3,-1]],[[1872,5132],[0,-2],[2,-2],[-1,-2],[-9,5],[8,1]],[[1869,4802],[1,-1],[-3,0],[2,1]],[[1857,4855],[12,-2],[-10,-1],[-2,3]],[[1868,5495],[1,-2],[-2,0],[1,2]],[[1864,4689],[3,0],[-5,-1],[2,1]],[[1865,4800],[2,0],[-5,0],[3,0]],[[1863,4791],[1,0],[-4,0],[3,0]],[[1860,4806],[3,-3],[-4,1],[1,2]],[[1859,4612],[2,-1],[-5,-1],[3,2]],[[1856,4525],[2,-1],[-3,-2],[-3,2],[4,1]],[[1851,4615],[-3,-3],[6,-2],[-19,1],[3,4],[3,-1],[-1,-2],[10,5],[1,-2]],[[1850,4534],[2,-1],[-4,-1],[2,2]],[[1839,4539],[-3,-5],[6,4],[1,-2],[6,-1],[-2,-2],[3,-3],[-3,-2],[-4,6],[0,-3],[-2,1],[-1,-4],[-2,0],[-1,1],[1,2],[-4,2],[-2,5],[3,3],[4,-2]],[[1843,4460],[1,-3],[-4,-1],[-3,-4],[3,-2],[-3,-5],[1,0],[-5,0],[9,-4],[-3,4],[3,0],[-2,1],[2,4],[4,-1],[0,-4],[-3,0],[2,0],[-1,-1],[2,-3],[-3,-1],[4,-2],[-3,-2],[1,-2],[-14,-3],[2,-2],[-7,-5],[-5,0],[-1,3],[-2,-3],[-2,2],[2,1],[-4,0],[-3,2],[-1,0],[3,-2],[-7,0],[-1,-3],[5,-1],[5,4],[2,-1],[-2,-3],[4,1],[3,-1],[-1,-2],[4,1],[0,-2],[-7,-1],[-19,2],[-3,2],[3,1],[-13,5],[4,1],[1,2],[2,0],[-1,2],[5,0],[-6,5],[3,-2],[2,3],[6,-2],[-8,6],[8,-2],[-3,6],[4,-1],[5,5],[5,-1],[0,3],[6,2],[13,-1],[-3,2],[0,2],[9,-1],[-1,1],[6,1]],[[1836,4493],[3,-1],[0,2],[6,-5],[-11,2],[0,3],[2,-1]],[[1843,4528],[2,0],[-4,0],[2,0]],[[1839,4496],[4,-3],[-6,3],[2,0]],[[1838,4618],[4,-2],[-5,0],[1,2]],[[1837,4571],[3,-2],[-3,0],[0,2]],[[1826,4578],[8,-1],[5,-6],[-11,1],[-2,2],[3,3],[-3,1]],[[1836,4798],[1,-1],[-4,0],[3,1]],[[1830,4486],[5,-1],[1,-4],[-6,5]],[[1822,4500],[6,0],[7,-5],[-7,-2],[-5,4],[3,1],[-4,2]],[[1783,5018],[-10,1],[-16,11],[-10,0],[-1,1],[4,3],[-7,4],[4,1],[-2,3],[2,4],[5,-1],[2,2],[-1,3],[3,4],[12,2],[9,-2],[0,4],[2,2],[14,1],[18,0],[18,-17],[3,-6],[-6,0],[-6,-9],[-14,-9],[-23,-2]],[[1829,4695],[2,-1],[-4,0],[2,1]],[[1830,4419],[1,0],[-3,-1],[2,1]],[[1826,4828],[4,-1],[-6,1],[2,0]],[[1828,4466],[1,-1],[-3,1],[2,0]],[[1827,4534],[2,-1],[-4,1],[2,0]],[[1823,4521],[3,-2],[-5,2],[2,0]],[[1818,4614],[7,-2],[-12,1],[5,1]],[[1823,4826],[2,-1],[-7,1],[5,0]],[[1783,4564],[15,-1],[18,-5],[-2,-2],[9,-4],[-6,-1],[-3,3],[-34,10],[3,0]],[[1813,4353],[-8,-5],[-1,3],[4,4],[1,3],[6,2],[2,0],[-1,-5],[-3,-2],[4,1],[2,3],[2,-1],[-1,-3],[-4,-2],[0,3],[-3,-1]],[[1818,4611],[2,-1],[-4,0],[2,1]],[[1812,4521],[7,-4],[-12,4],[5,0]],[[1816,4597],[2,-2],[-3,1],[2,-2],[-2,0],[2,-3],[-4,5],[3,1]],[[1817,4501],[1,-1],[-3,1],[2,0]],[[1816,4417],[1,0],[-3,0],[2,0]],[[1811,4419],[4,-1],[-9,-1],[5,2]],[[1808,4364],[3,-2],[-7,1],[4,1]],[[1806,4520],[2,-1],[-5,0],[3,1]],[[1807,4361],[0,-3],[-3,3],[3,0]],[[1792,4537],[13,-10],[-7,0]],[[1798,4527],[-7,5],[-6,-1],[2,2],[-1,1],[4,1],[-4,3],[6,-1]],[[1796,4331],[7,-4],[-4,-2],[-6,2],[3,4]],[[1798,4527],[5,-1],[-3,0],[-2,1]],[[1797,4366],[4,-2],[-7,1],[3,1]],[[1786,4512],[3,-1],[-1,1],[4,0],[6,-3],[-4,-1],[-4,2],[-3,0],[-1,2]],[[1794,4323],[0,2],[2,-2],[-2,0]],[[1794,3935],[-4,-1],[2,3],[2,-2]],[[1777,4422],[13,0],[4,-3],[-12,-1],[-4,2],[3,1],[-4,1]],[[1791,4361],[2,-1],[-4,0],[2,1]],[[1788,4367],[3,0],[-4,0],[1,0]],[[1783,4426],[6,-2],[-8,2],[2,0]],[[1783,5018],[2,0],[2,-1],[-4,1]],[[1770,4421],[1,-3],[-4,-1],[1,-2],[17,-2],[1,-3],[-18,3],[-4,3],[6,5]],[[1783,4355],[2,-2],[-4,0],[2,2]],[[1781,4431],[-1,1],[5,-2],[-4,1]],[[1782,4352],[2,-1],[-4,0],[2,1]],[[1781,4104],[3,-1],[-4,-3],[1,4]],[[1781,4516],[-1,-1],[2,0],[-3,-1],[-3,2],[5,0]],[[1781,4372],[0,-1],[-3,1],[3,0]],[[1754,4445],[1,-3],[5,0],[0,-3],[3,1],[-1,3],[5,-2],[12,1],[1,-1],[-3,0],[4,-2],[-4,0],[2,-1],[1,-2],[-2,0],[3,-3],[-3,-3],[-10,5],[4,-4],[-2,0],[2,-2],[-5,1],[3,-3],[-1,-1],[-5,2],[-5,0],[1,-2],[-5,2],[6,-6],[-7,4],[-3,0],[5,-3],[-6,0],[-3,2],[3,1],[-6,3],[4,-1],[0,2],[4,-3],[-7,7],[5,-2],[-2,2],[4,2],[8,-3],[-4,3],[1,0],[0,3],[-8,4],[0,2],[5,0]],[[1769,4319],[3,2],[-1,3],[-8,1],[11,5],[5,-2],[-5,-5],[3,0],[4,-2],[-9,-3],[-3,1]],[[1778,4687],[1,-1],[-3,1],[2,0]],[[1766,4114],[3,-3],[10,0],[0,-4],[-7,-6],[-11,3],[-2,7],[7,3]],[[1776,4418],[2,-2],[-4,2],[2,0]],[[1774,4082],[1,0],[-3,-1],[2,1]],[[1756,5092],[7,-2],[-2,2],[8,0],[5,-4],[-3,-3],[-7,0],[-6,-6],[-3,2],[1,3],[-5,2],[4,0],[-4,3],[2,0],[-1,2],[4,1]],[[1766,5019],[7,-1],[-2,-3],[2,-2],[-10,5],[3,1]],[[1762,4426],[11,-3],[-8,-1],[-4,4],[1,0]],[[1762,4358],[5,-2],[-3,-1],[-2,3]],[[1763,5022],[3,-2],[-4,-1],[-1,2],[2,1]],[[1764,4394],[2,-1],[-3,1],[1,0]],[[1764,4119],[1,-1],[-2,-1],[1,2]],[[1763,4712],[-1,-1],[3,0],[-4,-2],[-2,3],[4,0]],[[1760,4388],[4,-1],[-5,0],[1,1]],[[1764,4420],[0,-2],[-2,0],[0,2],[2,0]],[[1763,4428],[1,-1],[-2,0],[1,1]],[[1758,4565],[1,3],[3,-2],[-4,-1]],[[1750,4394],[2,-2],[-2,3],[2,-1],[0,2],[7,-1],[2,-2],[-2,-1],[3,-2],[-9,1],[0,1],[-5,-1],[2,3]],[[1760,4356],[2,-2],[-5,1],[3,1]],[[1751,4031],[7,0],[3,-4],[-16,2],[6,2]],[[1758,4353],[1,0],[-2,-2],[1,2]],[[1756,4450],[3,-1],[-5,1],[2,0]],[[1752,4574],[4,-1],[-5,0],[1,1]],[[1754,4358],[0,-2],[-2,1],[2,1]],[[1749,5080],[5,-2],[0,-2],[-6,3],[1,1]],[[1747,4692],[5,-3],[-8,-1],[-5,2],[8,2]],[[1750,4325],[1,-1],[-3,0],[2,1]],[[1750,4511],[0,-2],[-3,1],[3,1]],[[1742,4577],[5,-3],[-4,1],[1,-1],[-2,3]],[[1744,4412],[3,-1],[-4,0],[1,1]],[[1744,5369],[2,-1],[-3,0],[1,1]],[[1740,3954],[6,-2],[-2,-2],[-8,1],[-2,-3],[0,3],[3,2],[-2,1],[5,0]],[[1746,4144],[-1,-2],[-4,0],[5,2]],[[1743,4436],[2,-1],[-4,1],[2,0]],[[1682,3954],[5,-8],[17,3],[0,-2],[-13,-3],[11,-4],[2,2],[0,2],[8,3],[6,-3],[7,1],[5,3],[3,-3],[10,1],[-1,-6],[-2,1],[2,-4],[-4,0],[-2,-4],[3,-2],[-1,-3],[-5,-1],[6,-3],[-10,-7],[3,-8],[-2,-1],[1,-1],[-6,1],[1,-2],[-5,0],[-12,3],[-5,-1],[8,-4],[8,1],[-1,-1],[5,-1],[1,-3],[7,0],[-8,-2],[-1,-4],[3,-2],[-5,-1],[-3,-5],[-6,-2],[-20,11],[-2,4],[1,1],[-1,6],[3,7],[-2,1],[1,-1],[4,4],[-4,7],[-11,7],[6,3],[-6,2],[5,2],[-2,4],[3,3],[-7,7],[1,1],[-4,2],[4,-1],[0,4],[1,-4]],[[1737,4397],[6,-3],[-11,1],[5,2]],[[1737,4437],[5,-3],[-6,0],[2,1],[-3,1],[2,1]],[[1737,4629],[2,0],[3,0],[-5,0]],[[1739,4434],[3,-1],[-1,-3],[-4,2],[2,2]],[[1738,4702],[2,0],[-4,-1],[2,1]],[[1718,4957],[17,-8],[-1,-5],[-7,-7],[9,-10],[-11,-3],[-11,3],[-7,7],[-5,1],[2,3],[3,0],[-7,6],[2,4],[-1,3],[6,4],[11,2]],[[1732,4418],[-3,0],[1,2],[2,-2]],[[1720,4435],[4,0],[1,-2],[-2,0],[0,-2],[-5,4],[2,0]],[[1711,5381],[10,0],[-3,2],[1,0],[4,0],[2,-4],[-3,0],[1,-1],[-4,-4],[-7,3],[-1,4]],[[1717,4985],[2,-2],[-6,1],[4,1]],[[1715,4434],[2,1],[0,-2],[-2,1]],[[1709,3879],[5,0],[-3,-3],[-15,0],[13,3]],[[1708,3881],[6,0],[-4,-2],[-2,2]],[[1705,4868],[-1,2],[4,0],[-3,-2]],[[1704,3875],[3,-3],[-4,-2],[4,-2],[-7,0],[1,2],[-3,4],[6,1]],[[1671,4041],[25,-5],[8,-6],[-14,-1],[-6,5],[-2,-1],[3,-2],[-4,-3],[-11,6],[-3,5],[5,-1],[-1,3]],[[1695,3958],[1,-2],[-3,1],[2,1]],[[1673,3842],[-4,-4],[7,-8],[-1,-2],[4,-4],[-9,-2],[-8,4],[2,2],[-2,2],[-2,-2],[-17,4],[20,10],[10,0]],[[1673,3933],[3,-1],[1,-2],[-4,1],[1,0],[-1,2]],[[1639,3831],[8,0],[3,-2],[-1,-2],[8,-2],[-1,-2],[3,-1],[-3,-1],[3,-2],[-5,0],[4,-2],[3,-1],[-1,6],[5,2],[3,-5],[-4,-1],[0,-4],[3,-3],[-6,-1],[-10,6],[-9,2],[-7,-3],[-12,7],[1,2],[3,-1],[1,4],[2,-1],[1,4],[5,-1],[3,2]],[[1661,4626],[-3,-2],[-1,1],[4,6],[0,-5]],[[1647,4605],[7,-2],[-11,-5],[2,3],[-2,3],[4,1]],[[1650,3942],[2,-1],[-3,1],[1,0]],[[1640,3799],[8,0],[-2,-2],[5,-3],[-5,-5],[-7,3],[-3,-1],[1,-2],[-8,2],[3,1],[-3,1],[2,2],[5,2],[-2,1],[6,1]],[[1647,3934],[3,-1],[-5,0],[2,1]],[[1639,3934],[2,0],[-5,0],[3,0]],[[1635,3935],[6,-3],[-8,1],[-1,2],[3,0]],[[1629,3956],[1,-2],[-3,1],[2,1]],[[1622,3932],[7,-1],[1,-4],[-9,-1],[-5,4],[6,2]],[[1604,3802],[17,-1],[4,-5],[-1,-1],[2,-1],[1,-5],[-7,-3],[-13,5],[-3,9],[-2,1],[2,1]],[[1613,3812],[5,-2],[3,-4],[-13,5],[5,1]],[[1616,3804],[2,-2],[-6,1],[4,1]],[[1613,3965],[2,-1],[-3,1],[1,0]],[[1591,3900],[14,-4],[4,-8],[4,-1],[1,-3],[-10,-4],[2,-3],[-5,-1],[-6,-8],[-17,1],[-6,7],[2,9],[-1,3],[8,-5],[0,6],[-3,4],[13,7]],[[1613,3772],[-1,-5],[-4,3],[5,2]],[[1609,3834],[3,-1],[-4,0],[1,1]],[[1589,3804],[-15,0],[-11,7],[-15,2],[-7,7],[-1,-3],[5,-4],[18,-4],[7,-5],[-19,2],[0,-2],[-8,1],[-3,-2],[16,0],[2,-4],[-4,1],[1,-2],[-3,0],[5,0],[2,-3],[-1,3],[2,0],[3,-5],[-2,5],[6,-3],[-3,2],[2,3],[8,2],[3,-3],[-2,-1],[7,-1],[-5,-4],[6,-5],[-1,3],[3,1],[20,-8],[-1,-4],[-2,0],[7,-3],[-6,-1],[-3,4],[5,-9],[-1,-2],[2,-1],[-3,-2],[-1,2],[-3,0],[-1,2],[-17,-1],[-7,5],[-10,16],[1,-4],[-15,1],[2,-2],[-2,-1],[10,1],[9,-4],[3,-6],[-4,0],[2,-2],[-3,-3],[5,-2],[-4,-1],[3,-2],[-3,-1],[0,-2],[-20,-1],[8,-2],[-4,-2],[1,-1],[-6,-1],[2,-6],[-1,0],[5,1],[1,-1],[-2,-3],[1,-2],[-7,2],[0,2],[-6,-3],[7,-5],[-3,-2],[2,-3],[-5,3],[-4,-2],[0,3],[-3,0],[-4,3],[-4,-2],[-2,-4],[3,0],[-1,-3],[10,-2],[3,-5],[-7,-9],[-4,0],[-7,4],[-5,0],[-5,-3],[6,-2],[-2,-2],[-4,0],[-3,-4],[-6,4],[-12,-2],[-2,2],[-1,-3],[-15,3],[1,-6],[-4,1],[-1,4],[3,2],[-2,3],[5,7],[-13,3],[-5,-4],[3,-1],[-10,-2],[-1,1],[2,3],[-2,1],[0,5],[-3,1],[-2,-4],[1,-5],[5,-4],[-2,-5],[-10,-2],[-12,5],[-13,-1],[-2,-3],[4,-3],[0,-3],[-13,-5],[35,-5],[4,1],[12,-2],[3,2],[2,-4],[4,2],[6,-4],[7,-1],[0,-3],[-4,-1],[-3,3],[-4,-4],[-4,1],[-3,4],[-3,-3],[-3,-1],[-21,7],[-3,-4],[-18,-8],[0,-6],[2,-3],[32,2],[7,-2],[-2,-6],[-4,-3]],[[1443,3664],[-6,0],[-9,-6],[-14,3],[-6,-3],[1,-4],[-11,3],[-6,-3],[-6,1],[-5,4],[4,1],[-7,9],[3,0],[-7,3],[-2,3],[20,-1],[4,7],[-2,-1],[-2,5],[-7,2],[-3,-2],[-6,3],[-7,-1],[-10,6],[-7,-2],[-5,2],[0,2],[4,2],[9,-2],[3,8],[9,4],[-5,4],[-6,2],[2,0],[-3,4],[4,2],[14,-2],[8,-5],[8,-1],[17,4],[-10,2],[-2,3],[-17,2],[-11,8],[11,8],[-3,4],[1,5],[-2,0],[11,4],[-4,3],[10,-1],[-2,5],[3,-2],[2,2],[10,-2],[-3,2],[3,2],[11,-4],[2,1],[-3,2],[5,-1],[3,2],[-1,3],[3,4],[5,0],[-1,2],[1,0],[-4,1],[1,2],[-5,3],[-5,-3],[0,3],[-5,1],[3,3],[-2,1],[4,3],[9,-3],[4,1],[5,5],[0,5],[-4,1],[-2,3],[0,-2],[-3,1],[1,2],[3,0],[-7,3],[8,1],[-3,0],[2,2],[-3,-1],[-3,2],[3,1],[7,-2],[5,7],[-9,4],[1,1],[-2,2],[-15,2],[-3,3],[13,1],[0,2],[4,1],[19,-4],[5,1],[-2,3],[17,-1],[10,3],[-2,1],[2,2],[19,4],[-3,4],[5,1],[3,5],[10,25],[-7,4],[6,3],[-3,1],[2,1],[-2,1],[-1,3],[-4,2],[2,1],[-1,7],[8,3],[11,-1],[12,-9],[14,-1],[1,-4],[-5,1],[5,-3],[1,-5],[-2,-3],[2,-4],[-2,-2],[2,-1],[-1,-3],[2,-3],[7,-1],[-3,-4],[1,2],[0,-2],[5,-6],[-12,-5],[3,-4],[-7,-5],[-2,-5],[9,-5],[2,-4],[5,-2],[3,1],[-2,4],[6,-6],[0,2],[7,-2],[-4,-1],[7,-6],[-1,0],[9,-2],[2,-2]],[[1603,3808],[4,-5],[-6,0],[2,5]],[[1587,3816],[17,-7],[-14,4],[-3,3]],[[1600,3842],[2,-1],[-6,-1],[4,2]],[[1596,3808],[2,-2],[-4,1],[2,1]],[[1589,3804],[-4,7],[7,0],[2,-6],[-5,-1]],[[1584,3802],[5,-2],[-2,-2],[-6,3],[3,1]],[[1578,3977],[0,-2],[-3,0],[3,2]],[[1555,3887],[2,0],[-4,-1],[2,1]],[[1554,3884],[1,-1],[-3,1],[2,0]],[[1544,4251],[2,-1],[-7,-1],[5,2]],[[1536,4851],[4,-1],[-6,0],[2,1]],[[1524,3911],[12,-5],[-12,-5],[-12,1],[5,5],[-2,1],[1,2],[8,1]],[[1527,3675],[5,-4],[-1,-6],[-2,1],[-1,-4],[-6,-3],[1,-1],[-3,-2],[-4,2],[1,1],[-2,1],[-3,13],[15,2]],[[1516,4870],[3,-3],[-3,0],[0,3]],[[1498,3676],[5,-2],[-3,-1],[-4,3],[2,0]],[[1483,3685],[1,-2],[-2,0],[-1,2],[2,0]],[[1481,4868],[1,-2],[-2,1],[1,1]],[[1480,3686],[1,-2],[-3,0],[0,3],[2,-1]],[[1416,3643],[21,0],[8,-6],[7,0],[3,-3],[-3,-1],[2,-8],[11,-8],[-11,4],[-4,-6],[3,-4],[-1,-2],[-7,4],[1,-3],[-4,-2],[-5,5],[-6,1],[-2,-1],[4,-5],[-5,0],[-8,9],[-13,4],[-1,2],[2,1],[-4,6],[3,0],[-7,6],[2,2],[5,-3],[1,7],[8,1]],[[1443,3664],[-1,-3],[-1,2],[2,1]],[[1422,4783],[2,0],[-5,-1],[3,1]],[[1422,3711],[1,-2],[-3,-2],[-5,1],[7,3]],[[1408,4749],[1,-1],[-2,0],[1,1]],[[1406,4785],[-2,-4],[-9,0],[11,4]],[[1354,3577],[3,1],[2,-3],[14,-3],[5,-5],[4,1],[8,-11],[-3,-1],[-3,5],[-10,6],[-5,-3],[1,-3],[-4,0],[-2,-6],[-17,4],[1,-2],[-9,-2],[-6,4],[-6,-1],[2,3],[3,0],[1,5],[5,2],[-8,4],[3,3],[12,-3],[5,2],[-1,3],[2,2],[3,-2]],[[1388,3602],[2,-2],[-3,-2],[-4,3],[5,1]],[[1368,3641],[5,-3],[-6,-6],[2,-2],[-2,-4],[-3,0],[-2,1],[3,3],[-4,0],[1,4],[3,-1],[-5,6],[8,2]],[[1353,3602],[3,0],[3,-2],[1,-7],[-4,-2],[-6,2],[-1,6],[2,4],[2,-1]],[[1344,5863],[11,0],[-5,-2],[1,0],[-2,0],[-6,-2],[-4,0],[3,1],[-3,0],[5,3]],[[1345,4661],[7,-5],[0,-3],[-7,-1],[2,2],[-6,4],[4,3]],[[1335,5871],[9,-2],[-5,-4],[-9,2],[0,2],[5,2]],[[1341,5848],[2,-1],[-7,-1],[5,2]],[[1341,5864],[1,0],[-3,-2],[2,2]],[[1339,5845],[3,0],[-5,-2],[2,2]],[[1336,4769],[2,-1],[-3,-1],[1,-3],[-6,0],[2,2],[-2,0],[2,1],[-2,1],[6,1]],[[1242,4637],[-2,-1],[7,-2],[-2,0],[2,-2],[-5,0],[1,2],[-4,-2],[1,1],[-1,2],[-5,-3],[-12,2],[4,3],[-4,4],[4,3],[-1,1],[3,3],[4,-2],[-3,-1],[1,-2],[8,0],[0,2],[13,3],[1,4],[3,1],[-3,2],[1,3],[7,-1],[0,2],[5,2],[10,-4],[-9,-3],[0,-3],[3,-3],[19,-8],[3,2],[2,4],[2,-1],[2,2],[6,2],[-2,1],[2,1],[5,-3],[1,6],[6,-1],[0,3],[8,0],[3,-5],[4,0],[-9,-10],[2,-3],[7,-1],[-11,0],[-2,-4],[-4,2],[-2,-2],[6,-3],[-3,-1],[1,-2],[-5,0],[2,-1],[-2,-2],[3,0],[-2,-1],[1,-1],[-10,-2],[3,-2],[-8,2],[-1,-2],[2,0],[-6,-1],[-6,1],[7,2],[-1,1],[2,1],[5,0],[-6,3],[1,3],[-4,3],[5,7],[-8,-2],[3,-2],[-9,-2],[-4,3],[-1,1],[2,1],[-3,0],[0,4],[-7,-2],[-5,5],[-13,-8],[-8,1]],[[1320,3554],[2,-2],[-4,2],[2,0]],[[1308,4707],[3,-1],[-6,1],[3,0]],[[1269,3463],[34,-3],[7,-7],[-11,0],[-3,-6],[-7,1],[-3,-4],[-7,0],[-4,4],[-3,-3],[-7,4],[3,2],[-7,2],[1,1],[-11,-1],[3,2],[-6,0],[7,4],[-1,2],[15,2]],[[1294,3526],[5,2],[4,-2],[-4,-2],[-4,-6],[7,-11],[-2,1],[-1,-6],[-6,0],[-3,-6],[9,-8],[-2,-5],[-26,-10],[-14,-1],[1,2],[-3,1],[3,5],[-6,-1],[-1,4],[-3,-3],[-7,-1],[2,3],[9,3],[-4,1],[4,2],[-3,1],[1,4],[1,1],[1,-2],[3,5],[9,2],[-9,1],[-1,4],[3,5],[-4,-1],[-3,7],[5,-2],[0,4],[4,0],[5,-5],[5,2],[-1,3],[3,-1],[0,1],[12,1],[2,7],[4,3],[5,-2]],[[1297,3553],[1,-3],[-1,-1],[-3,3],[3,1]],[[1288,4616],[1,-2],[-4,2],[3,0]],[[1269,5859],[2,-1],[-10,-2],[8,3]],[[1265,5860],[1,0],[2,1],[-3,-1]],[[1265,5860],[-3,2],[3,2],[3,-1],[-3,-3]],[[1257,3469],[-5,1],[4,1],[1,-2]],[[1254,3505],[-1,-2],[-4,3],[4,1],[1,-2]],[[1245,3486],[-1,2],[2,3],[4,-3],[-5,-2]],[[1219,4924],[-2,-3],[-5,-1],[-3,4],[10,0]],[[1219,4924],[-1,1],[4,2],[-5,2],[4,1],[4,-1],[-6,-5]],[[1221,4656],[2,-1],[-5,-1],[3,2]],[[1219,4654],[3,-1],[-7,-2],[4,3]],[[1219,4651],[2,-1],[-6,-1],[4,2]],[[1209,4652],[5,-2],[-4,0],[2,-2],[4,1],[0,-3],[-4,2],[2,-1],[-3,-2],[-3,3],[5,-6],[-5,-1],[-8,5],[5,1],[-1,2],[4,0],[-1,2],[2,1]],[[1183,4908],[1,-2],[-3,1],[2,1]],[[1180,4907],[1,-2],[-3,2],[2,0]],[[1176,4906],[5,-2],[-3,0],[-2,2]],[[201,5208],[7,-5],[0,-7],[6,-4],[-6,-6],[-4,0],[-6,5],[-8,1],[10,13],[-1,3],[2,0]],[[194,5216],[3,-4],[-5,0],[2,4]],[[177,5192],[2,-1],[-5,0],[3,1]],[[44,5129],[6,0],[2,-3],[-1,-1],[5,-3],[0,-2],[9,-4],[3,1],[1,9],[2,2],[1,-2],[12,-1],[2,-3],[12,-1],[5,4],[5,0],[-3,-1],[4,-2],[-2,-4],[5,0],[1,-5],[7,-1],[7,-7],[-10,-6],[-15,3],[-4,-4],[1,-6],[-3,-3],[3,-4],[26,-10],[-7,1],[-2,-2],[-8,7],[-4,-3],[-1,3],[-5,-3],[2,3],[-2,1],[0,2],[-8,0],[-1,3],[-4,2],[1,3],[-5,2],[1,1],[-7,-3],[-6,1],[-4,5],[-9,-1],[-3,4],[-3,-1],[3,8],[-6,5],[2,6],[-8,4],[0,6],[3,0]],[[32,5139],[0,-11],[-8,-4],[-13,-2],[-1,1],[4,3],[-3,2],[-5,3],[-6,-2],[9,7],[8,-1],[15,4]],[[7903,7644],[9,-1],[-1,-2],[3,-1],[-2,-1],[10,-6],[-2,-1],[0,-3],[6,-1],[-3,-3],[1,-2],[-3,-1],[-10,6],[-11,-3],[-11,0],[-9,-3],[1,-2],[-6,-3],[0,-10],[-3,-5],[5,-5],[-2,-2],[3,-4],[14,-7],[1,-2],[-3,-1],[2,-2],[-14,2],[-6,-2],[-9,-10],[-6,-1],[-3,1],[1,4],[-8,11],[-9,1],[-7,-4],[-11,4],[7,9],[3,0],[4,14],[4,0],[1,3],[4,2],[0,4],[2,0],[1,3],[-5,5],[2,7],[9,0],[-3,3],[2,2],[9,-2],[0,-3],[0,2],[7,0],[8,7],[-1,-6],[4,-4],[6,3],[5,-2],[6,6],[10,3],[-2,1],[2,1],[-4,0],[2,1]],[[7677,7446],[6,-1],[-4,-3],[-3,2],[2,-2],[-2,-1],[-2,0],[-10,-5],[4,1],[1,-2],[0,2],[5,3],[1,-2],[7,-3],[-5,-2],[4,0],[1,1],[-1,3],[-5,2],[3,3],[8,0],[1,3],[-1,1],[5,2],[3,-3],[3,1],[2,-4],[7,0],[-2,-1],[12,-1],[8,7],[-2,4],[17,0],[2,1],[-2,3],[4,2],[9,1],[13,8],[8,10],[1,6],[5,-5],[3,2],[0,2],[6,-1],[4,2],[3,-2],[-1,-2],[7,-3],[16,3],[5,2],[-1,3],[4,3],[0,5],[-4,7],[2,2],[-2,1],[13,3],[3,3],[0,3],[14,5],[15,-4],[-5,-10],[0,-3],[-3,-3],[2,-2],[4,0],[3,-5],[-1,-1],[3,-6],[-3,-1],[-1,-4],[7,-6],[-2,-2],[10,-5],[9,0],[6,-3],[19,5],[8,-2],[-4,-2],[3,-4],[-4,-3],[-27,1],[-6,-2],[-8,5],[-6,-4],[-13,-4],[-6,5],[-1,7],[-8,3],[-17,-1],[-3,-3],[-7,1],[-3,-2],[-9,1],[-14,-4],[-8,-7],[-1,-5],[-2,-1],[5,-3],[-10,-5],[-6,-8],[-8,-2],[-7,-10],[0,-3],[-1,2],[-13,-17],[-2,-5],[2,-6],[5,-3],[10,0],[-1,-4],[3,-3],[-1,-2],[1,-3],[-4,-4],[-9,2],[2,3],[-6,2],[-5,5],[2,1],[-6,1],[-3,4],[2,2],[-5,-1],[-5,3],[-4,-4],[-4,0],[-7,0],[2,3],[-7,3],[-20,-1],[-5,-5],[2,-2],[-1,-5],[2,-1],[-2,-11],[-6,-4],[-14,10],[0,3],[4,4],[-5,7],[3,5],[-3,-4],[-7,2],[-9,-2],[-3,-6],[2,0],[-2,0],[0,-3],[-7,-2],[-5,4],[3,5],[-7,4],[-15,2],[-17,-4],[-7,-16],[1,-6],[-16,-13],[5,-6],[-6,-1],[-3,3],[-4,0],[-9,-5],[-5,-8],[1,-4],[-4,-7],[2,-6],[-3,-3],[-3,2],[-3,8],[-12,-2],[-1,2],[2,4],[-2,-4],[5,-12],[1,-5],[-5,-3],[-8,2],[-2,7],[1,2],[-3,2],[4,-1],[-8,9],[-1,17],[4,14],[3,3],[0,6],[7,2],[12,-4],[1,2],[-3,5],[8,5],[3,-5],[3,0],[-3,3],[8,0],[4,3],[4,11],[4,2],[-2,3],[2,4],[5,3],[-1,-2],[5,0],[8,8],[6,-1],[6,6],[-2,0],[3,1],[-3,0],[6,1],[-1,2],[16,9],[13,-2],[-1,2],[1,2],[11,3],[0,4],[-9,-1],[-5,5],[0,4],[10,2],[4,-5],[10,4],[-7,11],[-21,11],[2,11],[-3,5],[1,4],[2,0],[-9,10],[3,1],[-5,3],[3,5],[-3,2],[5,2],[4,-4],[-1,-11],[5,-2],[0,-5],[6,-10],[7,2],[1,5],[8,1],[-2,4],[18,-6],[12,5],[0,2],[2,1],[6,1],[7,7],[2,11],[-4,4],[5,1],[-5,4],[0,3],[-7,4],[5,2],[3,-1],[-3,-3],[4,-1],[1,-6],[4,0],[-3,-9],[2,-3],[11,2],[-1,-2],[3,1],[-2,-2],[2,-3],[14,-2],[14,5],[-2,1],[2,0],[4,-1],[-2,-2],[2,-2],[-3,0],[1,-2],[-4,0],[3,-4],[-2,-1],[1,-1],[-5,-3],[1,-2],[-5,1],[1,-3],[-4,-2],[2,-2],[-8,-4],[2,3],[-12,-1],[-7,-4],[-1,-4],[3,-8],[-2,-3],[7,-2],[-1,-2],[-21,-9]],[[7672,7446],[1,0],[-1,0]],[[7902,7653],[6,-6],[-7,-2],[5,2],[-6,-1],[1,1],[-2,3],[-1,-3],[-5,4],[9,2]],[[7904,7463],[1,0],[-4,-1],[3,1]],[[7903,7644],[2,2],[0,-2],[-2,0]],[[7731,7506],[2,-2],[-5,1],[3,1]],[[7597,7273],[4,-1],[-4,-2],[4,-1],[-1,-2],[13,-5],[-1,-2],[3,-2],[-1,-2],[7,1],[-12,-4],[-1,0],[-3,-1],[2,1],[-5,1],[4,3],[-10,5],[-7,-1],[11,-8],[8,-2],[-6,-2],[-2,-4],[2,-3],[10,0],[2,4],[16,-8],[2,2],[-1,-2],[6,1],[-2,3],[2,-3],[4,1],[0,-2],[3,-1],[7,1],[0,3],[9,0],[3,4],[0,-2],[2,1],[-1,-1],[3,0],[-4,-1],[4,0],[-3,-1],[7,-2],[-6,-7],[-17,2],[-11,-4],[-2,3],[-8,-2],[5,-5],[-5,-3],[-3,-5],[1,-4],[4,-7],[10,-9],[12,-3],[4,1],[0,4],[22,5],[7,-2],[4,1],[-2,2],[1,0],[6,-2],[13,9],[1,-1],[-1,-2],[6,-1],[2,-2],[-4,-1],[0,-3],[-6,-1],[3,-2],[-3,-3],[-1,1],[0,-4],[-4,-3],[-5,0],[2,-5],[-2,-3],[6,-4],[-2,-1],[2,-2],[-3,-1],[-1,-3],[5,-1],[-2,0],[1,-2],[16,-8],[8,2],[1,-3],[-2,-3],[-3,1],[-2,-5],[-3,0],[-4,-7],[2,-1],[-3,0],[-4,-6],[4,-2],[4,0],[2,-3],[-10,-2],[-3,6],[-1,-3],[-2,1],[3,3],[-5,4],[-16,2],[5,-2],[-4,0],[1,-1],[-10,3],[1,-2],[-4,0],[4,0],[-2,-1],[1,-1],[-8,-5],[-4,-5],[1,-2],[-5,3],[-1,3],[-9,0],[-10,-4],[-2,-7],[-7,1],[-9,7],[1,3],[8,5],[-3,8],[1,3],[4,2],[-5,7],[1,5],[-18,10],[-4,-1],[-13,9],[-20,-5],[-9,-5],[16,-24],[-9,-7],[2,-11],[-26,4],[-13,-5],[-11,5],[-3,4],[2,11],[9,5],[2,10],[11,3],[2,7],[-4,7],[3,4],[6,4],[13,0],[6,2],[27,-3],[6,5],[3,9],[-2,9],[-10,7],[-14,5],[-6,5],[-2,8],[-7,5],[-10,3],[-4,6],[-3,-1],[-11,2],[1,5],[8,5],[-1,-2],[7,-1],[-1,-2],[2,-2],[10,1],[35,17]],[[7666,7074],[4,-1],[1,-4],[4,1],[4,-4],[6,0],[-2,-3],[3,-1],[-1,-3],[-6,-1],[-9,-8],[-4,0],[1,4],[-2,0],[-3,7],[2,5],[-3,2],[1,4],[4,2]],[[7679,7507],[4,-1],[-5,-1],[1,2]],[[7676,7118],[2,-4],[-6,3],[4,1]],[[7676,7504],[2,-1],[-3,0],[1,1]],[[7649,7264],[10,-3],[-2,-4],[8,-6],[-6,-4],[-5,-1],[-2,2],[-10,0],[2,2],[-6,3],[-2,-1],[2,-1],[-3,-4],[-3,-1],[3,2],[-6,8],[13,0],[3,2],[-1,3],[5,3]],[[7645,7370],[4,-2],[-3,-4],[-4,2],[3,4]],[[7574,7286],[2,-2],[0,-4],[-4,-6],[0,-4],[-11,4],[4,6],[9,6]],[[7560,6867],[-2,0],[4,2],[-2,-2]],[[7549,7238],[5,-4],[2,-7],[-1,-3],[-3,-1],[2,-7],[-18,2],[-8,11],[2,2],[7,-4],[8,-1],[4,4],[-1,7],[1,1]],[[7500,6859],[8,-4],[11,2],[1,0],[-3,-2],[3,0],[-1,-2],[4,-1],[-2,-1],[6,1],[0,-2],[13,5],[-1,-2],[5,2],[-1,-3],[10,2],[-11,-10],[-13,-8],[-3,3],[4,6],[-3,4],[-9,-1],[-1,1],[2,1],[-2,0],[2,1],[-3,1],[-6,-3],[-6,0],[1,-3],[-3,0],[-1,3],[5,4],[-8,3],[0,4],[2,-1]],[[7522,7268],[5,-7],[-9,1],[1,5],[3,1]],[[7521,7298],[2,-1],[0,-2],[-4,-2],[-1,-5],[-3,0],[0,-4],[-7,1],[0,2],[6,2],[7,9]],[[7507,6921],[-3,-3],[-3,1],[6,2]],[[7059,7168],[2,2],[1,-5],[10,-1],[2,-10],[13,-3],[3,-6],[4,-1],[0,-2],[7,-1],[4,2],[8,-2],[7,-6],[6,-8],[-5,-3],[8,-8],[-1,-3],[-7,-7],[5,-7],[-11,-7],[-5,-11],[5,-3],[-2,-2],[3,-2],[0,-3],[-15,0],[-18,16],[-26,1],[-5,-5],[-3,2],[4,3],[-7,1],[4,-1],[-2,-3],[8,-5],[9,-2],[-4,-2],[3,-7],[-13,-10],[0,-2],[3,-1],[-2,-2],[2,-3],[-1,-3],[-6,-2],[-12,4],[-7,-1],[-7,-3],[-2,-5],[8,-4],[0,-2],[-13,4],[-6,-2],[-3,-2],[2,-3],[-5,-4],[2,-2],[-16,0],[-2,2],[0,-6],[18,-8],[15,0],[-2,3],[1,2],[5,3],[9,-1],[2,-1],[-3,-4],[-12,-3],[-1,-2],[18,-4],[13,2],[11,-1],[16,11],[0,6],[2,2],[-2,-2],[5,3],[19,-3],[13,3],[15,-1],[2,-2],[-3,-4],[5,-3],[9,-5],[13,-1],[3,-1],[-2,0],[2,-3],[10,-3],[2,-2],[-2,-3],[3,-8],[-2,-3],[11,-2],[2,0],[-4,5],[4,1],[-4,-1],[5,-3],[2,3],[-3,0],[14,5],[1,3],[-2,2],[5,12],[0,8],[16,14],[8,-2],[-7,-10],[5,-3],[8,2],[6,6],[18,-1],[5,-2],[1,-4],[-5,-2],[-5,3],[-9,-3],[1,-3],[9,2],[3,-3],[-7,-2],[1,-6],[-5,-1],[-5,-7],[8,-5],[14,1],[8,9],[3,-6],[0,-5],[-22,-9],[-12,0],[-5,-3],[0,-6],[8,-7],[-7,-7],[0,-6],[9,-5],[27,3],[-1,-3],[2,-2],[4,-1],[5,1],[1,3],[-5,8],[9,6],[14,3],[1,2],[-1,5],[5,2],[1,5],[5,6],[14,1],[-2,-2],[2,-4],[6,-3],[5,2],[16,-2],[3,4],[15,3],[7,9],[-2,3],[5,1],[6,-3],[0,-3],[4,-5],[-1,-8],[6,-2],[-4,-7],[3,-1],[-2,-3],[2,-1],[0,-5],[2,-2],[0,-8],[-2,-1],[-4,1],[-2,6],[-7,2],[-23,-5],[-8,-6],[-8,-2],[2,-5],[-2,-2],[-1,2],[-1,-3],[-4,1],[-4,-2],[2,0],[2,-4],[5,0],[-1,-5],[9,0],[2,-7],[-4,-12],[5,0],[4,-6],[-7,-5],[-1,-7],[9,2],[4,3],[20,1],[5,-4],[-7,-4],[2,-2],[-1,-1],[5,-1],[3,-4],[8,1],[13,8],[-3,2],[-7,-3],[-6,1],[-2,-2],[-2,3],[2,1],[-1,2],[5,8],[-1,4],[3,1],[1,6],[-7,1],[-1,4],[-10,4],[-6,-3],[1,-3],[-3,-2],[-3,6],[7,3],[3,4],[14,6],[17,-2],[6,8],[14,3],[24,11],[10,-1],[8,2],[10,8],[16,4],[3,0],[-1,-5],[1,-1],[-4,-5],[4,-1],[1,-2],[4,1],[-1,-2],[1,-1],[-2,0],[2,-1],[-3,-3],[0,-4],[-2,-3],[1,0],[-3,-1],[2,-1],[-4,-4],[6,-2],[-2,-3],[2,-1],[-5,-3],[-5,1],[-2,-3],[2,-7],[7,-3],[-10,2],[-3,-6],[8,-5],[-2,-4],[3,-2],[-4,-2],[4,-3],[2,-3],[-2,-1],[3,-4],[-3,-2],[1,0],[2,0],[-3,0],[-5,-3],[-21,1],[3,-3],[-23,8],[-5,-1],[1,-5],[-7,-7],[-7,-3],[-13,1],[-9,4],[-2,-2],[0,-2],[-5,2],[1,-2],[-4,-2],[0,-3],[-4,-5],[-6,1],[-3,-4],[-2,-4],[2,0],[-4,-2],[2,-1],[-2,0],[0,-9],[-4,-1],[1,-1],[-17,-6],[1,0],[-2,-3],[1,0],[-5,-2],[4,-9],[-6,-4],[3,-2],[-1,-3],[-15,-7],[-7,1],[-3,4],[7,4],[0,5],[-8,0],[-1,4],[-6,1],[-1,8],[-8,0],[-2,5],[-13,2],[-23,11],[-5,0],[-4,-5],[-7,-2],[3,-8],[11,2],[4,-2],[-12,-10],[-12,-2],[-5,-4],[4,-1],[-7,-4],[-5,-7],[-4,-1],[2,-4],[6,-1],[5,8],[25,0],[3,-2],[-9,-10],[3,-2],[-3,-2],[3,1],[-4,-7],[3,-7],[13,-5],[6,2],[-1,-2],[4,2],[19,-2],[-19,-10],[-6,-1],[-1,-4],[-15,-1],[1,-2],[-3,-2],[-14,2],[-3,-5],[2,-3],[6,-2],[6,1],[0,-2],[5,-1],[3,-3],[0,-9],[-1,-2],[-1,2],[1,-2],[-2,-1],[2,-2],[-2,-1],[10,-1],[3,-2],[-2,-2],[2,-1],[-8,-5],[-6,7],[-9,-3],[-18,-14],[0,-3],[7,-1],[-8,-6],[0,-3],[-6,-4],[-3,3],[-5,0],[-2,-2],[4,-3],[-8,-6],[-4,0],[2,-3],[11,-3],[-3,-2],[3,-6],[-3,-1],[2,-3],[-4,-2],[-1,-2],[3,-1],[-5,-1],[2,-5],[-4,-2],[2,-3],[-12,-3],[-4,-6],[10,-5],[1,-4],[7,-4],[11,-2],[1,-4],[7,-2],[-2,-6],[-4,-2],[3,0],[-4,-3],[3,0],[-4,-3],[1,-3],[-4,-2],[1,-2],[-8,-4],[10,1],[-2,-3],[4,-2],[-3,0],[1,-2],[-3,-1],[-4,1],[1,-1],[-2,0],[3,-2],[-4,-1],[-22,2],[-1,-1],[4,-2],[-10,2],[2,-3],[-23,-3],[-4,5],[0,7],[1,1],[-2,5],[-6,0],[-2,-2],[1,-1],[-6,-3],[2,3],[-2,0],[0,3],[-3,1],[2,2],[0,4],[-6,2],[-1,3],[-2,-1],[0,2],[-2,0],[0,4],[-2,-1],[0,3],[-7,2],[3,5],[-2,2],[3,4],[13,1],[0,2],[-2,1],[1,6],[-2,0],[4,4],[1,2],[-3,0],[1,1],[-2,3],[2,8],[-3,0],[1,4],[-3,1],[1,3],[-1,0],[3,2],[-2,0],[4,3],[-18,1],[-3,5],[-11,12],[-9,-1],[-5,3],[-8,13],[10,11],[5,1],[6,-2],[10,-11],[3,0],[0,-2],[-7,-1],[1,-4],[4,-1],[16,8],[-1,4],[-2,1],[4,3],[-19,12],[-1,2],[2,0],[-2,3],[1,2],[-8,5],[-27,-15],[-10,-1],[-1,2],[1,2],[-3,1],[4,7],[6,1],[18,15],[24,-5],[2,-2],[5,-1],[3,1],[-2,3],[3,2],[31,7],[7,-3],[-6,-1],[-1,-3],[2,0],[-2,-2],[2,-6],[5,-1],[6,5],[2,6],[10,3],[-2,1],[2,0],[-1,-2],[9,0],[38,8],[4,5],[-4,4],[-10,-4],[-5,1],[-20,-3],[-40,11],[2,4],[-6,3],[-17,-7],[-4,0],[2,3],[-8,5],[10,6],[30,6],[2,-1],[-14,-7],[-1,-3],[11,-2],[28,13],[24,-9],[5,1],[2,2],[-5,15],[5,5],[-3,4],[-7,-1],[-3,4],[0,6],[22,4],[8,6],[0,5],[5,6],[-2,7],[-25,-1],[-1,-2],[3,-5],[-2,-2],[-9,4],[-8,-2],[-3,5],[-4,2],[4,13],[-8,3],[-1,5],[-5,7],[-9,5],[-4,14],[-9,6],[-14,20],[-1,9],[4,15],[-4,3],[3,0],[2,4],[-14,3],[1,1],[-7,-1],[1,0],[-2,-1],[-1,-4],[-5,-2],[2,-3],[-3,-1],[1,-1],[-7,-4],[-8,-3],[0,-2],[-12,-7],[-24,-8],[-15,-2],[-9,1],[-21,-4],[-3,1],[-1,3],[-7,2],[-4,-4],[3,-9],[-6,-7],[-1,0],[1,2],[-7,-1],[-15,7],[-19,-3],[-7,-4],[-3,-5],[8,-5],[-18,-7],[-11,-2],[-23,7],[-5,-2],[-1,-4],[-15,2],[2,-4],[-10,-6],[-5,2],[2,3],[-1,4],[-6,1],[-5,-2],[-1,-4],[12,-6],[-11,-3],[-4,4],[2,3],[-12,-1],[-10,8],[-2,5],[-13,7],[-8,9],[-8,17],[-7,5],[1,2],[4,-2],[-1,3],[4,1],[-2,8],[4,3],[-4,14],[3,2],[1,5],[-8,7],[-8,-1],[-7,4],[-3,7],[8,6],[-4,3],[-2,-2],[2,-1],[-13,-12],[-5,-8],[2,-2],[-2,-1],[3,-3],[-1,-3],[-14,2],[-6,-5],[-11,0],[2,-6],[0,-3],[-14,-10],[-2,2],[-10,-1],[-9,1],[-7,5],[-10,-2],[-8,5],[1,2],[-2,-1],[1,4],[-4,4],[-7,1],[-4,4],[-11,-2],[-6,5],[6,4],[-3,5],[4,0],[0,2],[-10,11],[1,3],[-2,2],[3,3],[0,5],[-5,7],[2,0],[0,2],[-8,9],[5,3],[0,7],[5,2],[-2,1],[-1,3],[7,1],[-12,7],[2,1],[-2,2],[9,2],[-7,3],[5,3],[-3,1],[3,3],[3,-3],[-1,3],[1,0],[-2,1],[0,6],[-1,-1],[2,4],[-3,1],[4,3],[7,-2],[-1,3],[6,3],[-2,1],[3,4],[-3,-2],[0,4],[-9,9],[0,4],[4,2],[-3,1],[12,6],[3,-1],[1,-3],[5,1],[5,3],[-1,3],[2,1],[-10,3],[-8,7],[0,3],[2,-1],[-2,4],[2,0],[-3,2],[5,7],[-2,-1],[2,12],[-5,7],[-3,-1],[2,1],[-4,3],[6,12],[-3,3],[2,0],[-2,4],[2,2],[-9,12],[8,5],[3,8],[7,2],[-1,3],[16,4],[6,5],[1,1],[-1,1],[4,3],[-2,1],[1,4],[-2,-1],[0,4],[9,1],[-12,9],[-13,-2],[-3,2],[0,4],[13,1],[2,2],[2,-3],[2,1],[-1,-2],[3,2],[-1,-2],[3,2],[-1,-2],[7,0],[-1,-1],[4,-2],[5,1],[-2,5],[23,1],[3,2],[0,-3],[2,3],[3,-2],[5,2],[10,0],[7,6],[30,7],[9,6],[12,0],[3,-3],[8,6],[5,-1],[0,-2],[26,3],[3,0],[2,-4],[3,-1],[1,-4],[5,-1],[12,-9],[11,-2],[8,2],[12,-5],[2,-3],[-1,-2],[2,1],[-1,-1],[4,-4],[21,-2],[6,-6],[12,-3],[6,-6],[7,0],[14,-6],[11,4],[3,4],[15,-1],[4,-8],[-2,-4],[2,-4],[11,-4],[13,1],[2,-5],[5,-6],[1,-5],[-14,-3],[0,-4]],[[7059,7168],[-2,2],[-5,-1],[6,-1],[1,0]],[[6985,7029],[-3,2],[-10,-3],[9,-1],[1,2],[3,0]],[[7458,7408],[2,1],[8,-9],[4,0],[2,-8],[13,-5],[0,-4],[-8,-4],[-9,-1],[-22,8],[-3,7],[4,4],[-2,0],[0,3],[3,6],[6,3],[2,-1]],[[7432,7414],[2,-1],[5,1],[-2,-4],[1,-6],[-10,-10],[-1,-4],[2,-3],[0,-3],[17,-3],[19,-12],[-1,-6],[1,-3],[-3,-5],[-10,-8],[-11,-2],[5,-4],[-6,-16],[-10,-4],[-2,-3],[5,-3],[-1,-5],[5,-7],[1,-17],[-4,-12],[2,-8],[7,-5],[4,0],[-1,2],[10,-5],[4,-3],[0,-6],[-6,-9],[-9,0],[-9,4],[-9,-4],[-1,-2],[2,0],[-3,-1],[-3,2],[-1,3],[-6,0],[-21,-13],[1,2],[-2,1],[1,1],[-2,1],[-1,9],[2,3],[-4,2],[-5,9],[3,5],[-2,2],[2,2],[-6,8],[-16,6],[-4,8],[-6,0],[-3,-6],[-1,3],[-1,-1],[0,3],[-4,8],[2,7],[-2,15],[2,6],[4,2],[6,-12],[20,-6],[16,4],[13,7],[1,3],[-4,2],[6,6],[-1,15],[-18,10],[11,23],[-9,5],[-2,7],[5,6],[24,10],[12,9]],[[7377,7152],[3,0],[-2,-1],[4,-1],[-2,-3],[2,1],[2,-3],[-2,-2],[-3,-9],[2,1],[-1,-8],[1,-4],[-6,-6],[-6,-1],[1,-2],[-8,-6],[1,-3],[-3,-1],[2,-2],[-2,-7],[-6,-2],[-1,-2],[2,-2],[-2,-1],[1,0],[-2,-1],[10,-8],[-1,-2],[6,-3],[2,-4],[2,0],[-1,-2],[1,-3],[3,-1],[-2,-1],[2,-6],[-17,-8],[1,-1],[-8,-3],[1,-1],[-4,-4],[-5,-2],[-7,3],[3,5],[-3,6],[-8,1],[-4,-4],[-12,6],[-2,5],[-11,-1],[-16,4],[-9,-3],[-6,2],[-2,-4],[-4,1],[-3,-11],[1,0],[-2,-5],[2,0],[-6,-2],[-4,2],[-4,9],[14,5],[2,5],[-5,5],[-5,1],[-5,-3],[-4,-7],[-6,-2],[-5,0],[-8,5],[-4,-3],[-8,4],[1,6],[6,7],[-1,3],[8,6],[-1,8],[12,6],[-3,14],[13,5],[5,8],[2,5],[-2,6],[3,0],[5,-16],[0,-3],[10,-7],[17,-3],[8,3],[3,-2],[-1,-3],[-5,-1],[6,1],[6,-2],[-2,-1],[9,1],[-5,0],[14,3],[-3,0],[7,2],[2,5],[8,4],[-4,7],[-4,2],[5,9],[-1,4],[8,-4],[8,6],[11,-2],[6,2],[1,7],[2,2],[12,2]],[[7372,7403],[3,-3],[0,-4],[-3,7]],[[7339,7400],[4,-1],[1,-4],[-1,-2],[3,-1],[3,-7],[-2,-8],[6,-7],[4,-10],[6,-6],[-2,-8],[-6,-6],[0,-5],[-3,0],[-5,6],[-1,-1],[-2,2],[2,6],[-5,7],[2,3],[-2,4],[2,1],[0,4],[-2,6],[2,5],[3,1],[-7,3],[-1,2],[2,3],[-6,5],[5,3],[-3,4],[3,1]],[[7351,7281],[0,-7],[-1,0],[-1,5],[2,2]],[[7346,7225],[3,-1],[-1,-5],[2,-4],[-1,-5],[-3,-1],[-8,10],[2,5],[6,1]],[[7345,7208],[1,-3],[-1,-3],[-5,0],[-1,3],[6,3]],[[7184,7590],[7,0],[2,-4],[-3,-2],[1,-4],[11,-5],[6,6],[1,4],[7,2],[-1,-4],[2,0],[-2,-4],[2,-6],[2,0],[-2,-3],[-5,0],[-7,3],[2,1],[-2,2],[0,-2],[-5,0],[1,-3],[-4,-3],[-12,-1],[-3,-3],[0,-4],[2,1],[0,-2],[6,-2],[1,-3],[-6,-11],[3,-6],[-28,-8],[1,2],[-2,-2],[0,2],[-6,1],[-9,-7],[0,-4],[7,-2],[11,5],[9,-4],[7,1],[3,-1],[-3,-10],[1,-2],[7,-2],[11,6],[5,0],[4,-2],[0,-11],[4,0],[1,-2],[9,2],[9,7],[0,-10],[7,-6],[10,5],[1,6],[4,0],[0,-3],[3,-1],[0,-6],[1,-2],[6,1],[-1,-12],[8,1],[10,-8],[-2,-20],[2,-2],[-2,-1],[3,-1],[-1,-2],[2,0],[-2,-1],[2,0],[-1,-1],[2,-4],[4,-1],[2,6],[5,2],[18,-4],[14,-16],[7,-15],[3,0],[0,-4],[-2,-2],[-3,4],[-22,5],[-1,-3],[3,0],[-8,-3],[2,-3],[-6,-3],[-1,-6],[-7,-2],[-3,-6],[3,-2],[-5,-6],[-8,-3],[-5,1],[-2,4],[2,5],[-3,2],[14,11],[-5,4],[8,9],[-2,3],[2,6],[-11,3],[-4,-2],[1,-3],[-3,-3],[-2,0],[-3,4],[0,9],[-4,4],[-13,9],[0,3],[-5,4],[0,2],[-5,4],[-2,1],[1,-3],[-4,1],[-9,4],[-2,8],[-5,2],[-15,-1],[-15,-7],[0,-3],[9,-4],[6,-6],[-14,-1],[-4,-5],[-23,0],[-6,-4],[1,-11],[-5,-3],[-1,2],[3,1],[-3,1],[1,1],[-8,1],[3,1],[-10,5],[0,4],[-10,2],[-8,9],[-20,7],[3,5],[4,0],[-2,3],[6,4],[-5,7],[2,-1],[-2,4],[2,2],[-5,2],[5,8],[-3,5],[-2,1],[1,3],[-11,6],[0,3],[-2,-1],[2,2],[-2,2],[-6,-1],[-2,2],[-4,-2],[-1,2],[-6,2],[-2,2],[1,2],[-7,0],[-6,4],[-8,6],[2,2],[-3,-1],[1,2],[-7,8],[1,6],[2,0],[19,-10],[6,3],[9,-4],[5,1],[2,-4],[4,-2],[8,5],[3,5],[9,1],[13,-5],[9,5],[-1,1],[7,6],[15,0],[3,3],[-4,2],[0,10],[7,5],[2,10],[11,2],[4,2],[2,3],[9,4]],[[7326,6991],[-1,-2],[4,0],[-7,-1],[4,3]],[[7315,7349],[1,-7],[-2,-2],[-1,-7],[-5,-2],[1,7],[-3,3],[6,11],[3,-3]],[[7289,7583],[9,-6],[-1,-2],[4,0],[-2,-10],[-6,2],[3,2],[-7,5],[-4,6],[1,1],[-3,1],[6,1]],[[7282,7630],[6,-3],[-1,-1],[3,-1],[-2,-3],[7,-7],[0,-9],[-5,-8],[2,-3],[-10,4],[-6,-6],[6,-5],[-1,-2],[9,2],[-1,-4],[-14,1],[-4,-6],[1,-3],[5,-3],[1,-5],[7,-4],[1,-7],[-7,-3],[3,-2],[-1,-2],[4,-1],[-5,-7],[0,-3],[-6,-6],[-5,-1],[-7,9],[-4,0],[-11,-12],[-6,13],[2,10],[-1,3],[1,4],[-4,2],[1,12],[8,13],[9,5],[-1,9],[3,5],[-1,2],[6,3],[-2,1],[5,5],[-2,2],[1,2],[1,6],[-1,1],[14,5],[2,-2]],[[7286,7583],[2,0],[-5,0],[3,0]],[[7285,7489],[0,-3],[-3,1],[3,2]],[[7263,7391],[1,-1],[-3,0],[2,1]],[[7257,7142],[4,-4],[0,-2],[-4,3],[0,3]],[[7256,6820],[1,-1],[-2,0],[1,1]],[[7248,7377],[3,-1],[1,-3],[-6,0],[-1,2],[3,2]],[[7247,7426],[-3,-3],[1,6],[4,2],[-2,-5]],[[7225,7285],[2,1],[-2,-3],[5,1],[-1,-2],[3,0],[0,-2],[5,2],[-2,-3],[5,0],[-2,-3],[4,2],[5,-6],[-7,-14],[-1,-14],[-2,-4],[1,-1],[-4,-6],[3,-7],[-6,-9],[3,-6],[-4,3],[1,-2],[-2,-1],[1,-3],[-6,10],[-12,11],[-3,7],[-4,-1],[-4,24],[-4,2],[5,4],[-2,5],[2,9],[7,2],[2,4],[14,0]],[[7243,6490],[-2,-4],[-6,1],[8,3]],[[7232,6516],[2,-4],[-3,-1],[6,0],[-5,-5],[-17,2],[-4,3],[1,1],[-2,0],[4,2],[18,2]],[[7232,7299],[3,0],[2,-3],[-11,-9],[-6,-1],[4,2],[2,4],[0,3],[6,4]],[[7212,7111],[2,-1],[-1,-3],[-3,1],[2,3]],[[7207,7041],[0,-4],[-2,0],[0,3],[2,1]],[[7199,7111],[2,-2],[-2,-3],[-2,3],[2,2]],[[7190,7285],[5,-3],[3,-4],[-7,-6],[-6,3],[-1,5],[1,3],[5,2]],[[7175,7158],[-2,-3],[8,-3],[-2,-6],[2,-4],[10,-1],[6,-3],[-4,-7],[-6,-1],[-5,9],[-4,1],[-3,-2],[3,-3],[0,-4],[-17,-5],[-2,8],[-2,-1],[-2,6],[-18,2],[2,2],[0,4],[-2,3],[4,4],[27,1],[4,4],[3,-1]],[[7196,7110],[0,-2],[-2,1],[2,1]],[[7190,7160],[6,-3],[-4,-7],[-6,0],[-1,3],[-4,1],[9,6]],[[7176,7216],[11,-2],[4,-14],[-4,-4],[-11,-2],[-1,-3],[-3,0],[0,-2],[-19,5],[-9,-3],[-14,3],[-12,-4],[-8,3],[12,1],[4,4],[8,0],[11,8],[31,10]],[[7037,7333],[8,-8],[10,-1],[10,4],[3,-3],[-1,-7],[3,-4],[-2,-8],[4,0],[2,-3],[17,-6],[46,1],[6,7],[11,6],[15,2],[5,-3],[1,-8],[5,2],[9,-4],[1,-3],[-3,-5],[1,-2],[-6,-3],[-1,-3],[-9,7],[-1,-2],[-4,-3],[-5,-9],[1,-2],[-6,-4],[9,-13],[1,-9],[8,-11],[2,-4],[-2,-5],[-45,-15],[-40,2],[-12,-3],[-26,14],[-26,7],[-3,7],[-15,4],[3,1],[-1,2],[-9,6],[1,4],[-2,2],[2,-1],[-1,5],[-8,0],[-5,3],[0,2],[-3,0],[-2,7],[3,3],[-5,4],[2,0],[-4,1],[2,1],[-5,5],[11,3],[-1,1],[3,3],[6,1],[-2,2],[3,4],[2,0],[0,6],[19,13],[6,0],[1,6],[13,4]],[[7181,7125],[2,-2],[-2,-2],[-1,2],[1,2]],[[7160,6582],[2,-1],[-2,-4],[-5,0],[5,5]],[[7160,7409],[-4,-2],[2,1],[-1,2],[3,-1]],[[7155,7405],[3,-3],[-2,-1],[-4,3],[3,1]],[[7155,7428],[1,-3],[-2,1],[1,2]],[[7131,7124],[2,-2],[-5,0],[3,2]],[[7065,6613],[-2,-5],[3,-3],[-4,-12],[-13,-6],[-7,-1],[-3,2],[-4,-2],[2,4],[10,4],[2,9],[9,3],[-2,5],[9,2]],[[7047,7030],[5,0],[6,-4],[-6,-6],[-7,-2],[-5,4],[7,8]],[[7040,6772],[1,-2],[5,-2],[-1,-2],[3,-4],[-4,-2],[-19,0],[-2,-3],[2,-1],[-13,-3],[2,0],[-15,-10],[0,3],[-4,2],[-6,-4],[3,-5],[9,-2],[22,6],[9,-1],[1,-2],[-1,-4],[-6,-4],[-2,-6],[3,-1],[3,-8],[-2,-4],[-14,2],[-2,3],[-12,4],[-3,-2],[2,-3],[-4,-4],[-17,3],[-5,-4],[-8,-1],[-12,5],[-12,19],[1,3],[6,6],[15,4],[3,2],[-1,5],[10,5],[36,4],[29,6],[-1,3],[1,-1]],[[7040,6779],[6,-1],[-13,-5],[-8,0],[4,3],[11,3]],[[7037,7548],[0,-2],[-1,1],[1,1]],[[7009,6697],[3,-1],[-8,-6],[-1,-5],[-12,-3],[1,4],[-7,1],[24,10]],[[6970,7250],[12,-4],[5,3],[5,-3],[-3,-3],[1,-2],[-8,-4],[-1,-5],[-7,3],[-1,-3],[-8,8],[2,9],[3,1]],[[6679,6903],[5,0],[10,-4],[3,0],[-4,4],[3,1],[8,-5],[11,-1],[6,-5],[1,-6],[4,1],[-2,-5],[1,-4],[7,1],[4,-3],[1,-2],[-3,-8],[-2,2],[-1,-1],[3,-3],[36,-6],[10,-6],[11,-2],[6,-6],[12,-3],[17,-12],[5,2],[5,-1],[8,-7],[17,-8],[3,-4],[-1,-3],[-16,-2],[-3,-1],[1,-4],[13,-2],[4,-7],[-6,-4],[1,-3],[7,-4],[11,-1],[6,-8],[-4,-2],[2,-4],[-1,-3],[-15,-7],[-1,-4],[7,-2],[13,2],[6,-5],[0,-4],[-3,0],[-10,-8],[2,-3],[13,2],[15,-3],[15,-9],[-2,-2],[-9,0],[-13,-10],[-14,-1],[-7,-4],[-2,-3],[2,-4],[-3,-2],[-10,3],[-17,-7],[-16,0],[-11,-3],[-6,-8],[0,-8],[-3,-1],[-3,-4],[24,-5],[13,4],[14,14],[3,8],[8,3],[3,-3],[10,-1],[18,6],[15,1],[4,-3],[18,8],[17,-5],[2,-5],[-2,-2],[2,-2],[-10,-9],[-2,-4],[-7,-4],[8,-1],[4,4],[17,2],[0,-4],[-11,-7],[-9,0],[-12,-4],[-6,2],[-3,-4],[1,1],[-12,0],[-12,-6],[-5,2],[-3,-2],[-9,2],[-10,-1],[-7,5],[-5,-1],[-3,3],[-6,0],[-1,3],[-16,1],[-3,-3],[1,-2],[18,-8],[-15,-8],[-10,2],[-3,3],[2,1],[-3,0],[2,2],[-11,8],[-26,-2],[-5,-3],[-6,2],[-14,-7],[-11,4],[-3,5],[2,4],[-10,4],[-7,8],[2,2],[-6,1],[-8,6],[-3,6],[2,8],[-7,4],[2,3],[-6,2],[3,1],[-5,0],[-2,3],[-1,2],[8,4],[-16,8],[-3,2],[1,2],[-9,3],[2,1],[-4,1],[0,3],[-4,0],[0,3],[-20,10],[2,4],[-7,8],[0,7],[2,1],[-3,2],[0,4],[-5,5],[2,1],[-1,8],[2,0],[-3,6],[-3,1],[2,0],[-15,6],[-12,-2],[-24,5],[-14,-2],[-3,1],[-2,4],[1,9],[8,7],[-5,6],[8,0],[4,12],[1,11],[8,15],[13,10],[1,4],[3,1],[0,3],[4,-2],[4,4],[12,-3],[11,2],[2,3],[-2,1],[9,1],[2,4],[5,0],[-2,1],[1,1],[8,0],[5,4]],[[6916,6782],[12,-4],[-4,-8],[8,-3],[-2,-3],[11,-5],[-1,-10],[-10,-5],[-11,-2],[-7,2],[-4,5],[-1,7],[-7,4],[0,8],[7,6],[-1,1],[1,3],[9,4]],[[6904,6831],[6,-2],[-2,-3],[2,-1],[20,-9],[2,-4],[-18,-7],[-9,12],[1,9],[-4,5],[2,0]],[[6876,6800],[3,-2],[-1,-6],[12,-4],[0,-4],[-6,-2],[-9,2],[-2,7],[2,3],[-2,3],[3,3]],[[6737,6917],[24,-5],[5,-6],[6,-3],[6,3],[-1,5],[7,-1],[10,-11],[-1,-11],[2,-1],[-7,1],[-3,-2],[1,-3],[-5,2],[-11,-3],[-30,8],[-7,16],[1,3],[-3,3],[0,3],[6,2]],[[6754,6916],[1,-1],[-2,1],[1,0]],[[6725,6897],[4,-3],[-2,-1],[-4,3],[2,1]],[[6722,6895],[4,-3],[-3,0],[-2,3],[1,0]],[[5354,7152],[3,-1],[-2,-1],[7,1],[-5,-3],[0,-2],[-5,0],[0,-2],[-6,2],[3,2],[-1,4],[6,0]],[[5402,1949],[1,-3],[-4,-7],[1,-2],[-7,-7]],[[5391,1916],[-3,-3],[-19,-13]],[[5369,1900],[-4,-7],[-3,-2]],[[5362,1891],[-6,4],[-3,-1],[0,-3],[-12,-5],[-23,1],[-13,-9],[-16,-3],[-10,6],[-8,-11],[-17,0],[-12,6],[2,4],[-5,6],[-4,9],[20,9],[5,5],[-3,3],[2,1],[-1,2],[7,1],[2,2],[4,-1],[5,5],[0,5],[6,2],[3,8],[-2,2],[4,17],[-1,5],[-21,-7],[-3,2],[2,3],[7,2],[6,10],[6,3],[0,6]],[[5283,1980],[-10,14],[4,0]],[[5277,1994],[7,-7],[12,7],[3,-1],[2,-4],[22,6],[1,3],[-2,3],[17,5],[12,-4],[-1,-8],[-2,-4],[-11,-7],[-3,-9],[25,-3],[22,5],[8,-18],[-1,-3],[5,1],[2,-2],[-1,-3],[8,-2]],[[6770,2762],[-3,2]],[[6767,2764],[-24,3],[-20,9]],[[6723,2776],[-24,20],[-31,6],[-20,10],[-25,-8],[-11,-1],[-3,-5],[-15,-12],[0,7],[-5,4],[-17,29],[-3,12],[-19,20],[-8,16],[-29,-7],[-5,-5],[4,0],[-2,-3],[18,1],[-7,-7],[-5,-12],[-19,0],[-9,9],[-7,2],[-18,-1],[-1,6],[-11,3],[2,3],[-11,2],[1,1],[-3,1],[6,3],[3,7],[-8,2],[-4,5],[-1,5],[-3,3],[-12,0],[-5,4],[-13,2],[-1,5],[-8,0],[3,4]],[[6397,2907],[-8,5],[-7,-4]],[[6382,2908],[-9,5],[-9,-2],[-13,3],[-6,-3],[-13,1],[-5,-5],[-4,3],[-12,1],[-6,-7],[-4,0],[-1,0],[2,3],[-15,-3],[-1,4],[-7,2],[-10,-10],[-6,-3],[-5,3],[-9,-5],[-13,2],[-23,-5],[-9,1],[-4,4]],[[6200,2897],[-3,7],[-8,-1]],[[6189,2903],[-1,-2],[-17,0],[-8,-6]],[[6163,2895],[-10,4],[-4,13],[-9,5]],[[6140,2917],[-7,0],[-3,6]],[[6130,2923],[-5,3],[3,5],[-1,3],[-25,5],[-10,-2]],[[6092,2937],[-29,4],[-7,-3],[-22,1],[-35,9],[-5,5],[-32,8],[-8,-2],[-15,2],[-19,-3],[-26,2]],[[5894,2960],[-22,-7],[-12,1],[-52,14]],[[5808,2968],[-10,-15],[-9,-3]],[[5789,2950],[-39,6],[-6,-9],[4,-3]],[[5748,2944],[-5,-2]],[[5743,2942],[-13,38],[-22,19],[-20,5],[-16,10],[-50,-24],[-61,-12],[-41,-15],[-28,-6],[-3,9],[-3,2],[3,2],[-1,10],[4,3],[-1,3],[-8,2],[1,4],[-5,4],[1,11],[-5,6],[2,2],[-1,7]],[[5476,3022],[-14,2],[1,2]],[[5463,3026],[-4,2],[-5,12],[-7,4]],[[5447,3044],[-2,7],[5,7]],[[5450,3058],[-1,2],[-12,2],[-31,11],[-7,-3],[1,-5],[-5,-5],[0,-5],[-5,-4],[-15,1]],[[5375,3052],[-8,-8],[-6,-3],[-10,2]],[[5351,3043],[-18,-6],[-9,3],[-15,-1],[-2,-6]],[[5307,3033],[-10,-6],[-23,-4]],[[5274,3023],[-9,-5]],[[5265,3018],[-5,-1],[-2,3],[-10,-4],[-5,2]],[[5243,3018],[-10,10],[-3,-1],[-3,3]],[[5227,3030],[0,5],[-28,-9]],[[5199,3026],[-4,-6],[3,-3],[0,-4],[3,-3],[-1,-5],[-13,4],[-21,-5],[-4,4],[-4,-4],[-9,-1]],[[5149,3003],[-6,3],[-4,0],[-7,-8],[-23,-5]],[[5109,2993],[-17,-13],[-14,-4],[0,-5],[6,-5],[-10,-10],[-7,-2]],[[5067,2954],[-8,6],[-10,4],[-28,1]],[[4987,3063],[-2,4],[2,10]],[[5123,3117],[15,-5],[13,1]],[[5098,3182],[-21,1]],[[5077,3183],[-12,12],[-1,3]],[[5064,3198],[20,16],[3,4],[-7,11],[-9,5],[2,3],[-1,4],[2,2]],[[5074,3243],[-2,3],[-4,3]],[[5068,3249],[-39,-27],[-40,6]],[[4989,3228],[-25,-2],[-6,22]],[[4958,3248],[3,31],[1,2]],[[4962,3281],[14,0],[16,-2],[22,3]],[[5014,3282],[12,-4],[7,2],[4,-2],[11,7],[18,5],[5,7],[17,6],[26,2],[6,2],[3,6],[-2,3],[1,1],[-1,2],[0,7],[-18,5],[18,26],[19,17],[-2,1],[0,5],[-3,2],[0,6],[-8,24],[-4,3],[13,8],[41,12],[-5,6],[2,9],[14,8],[4,7],[-1,4],[8,6],[1,6],[10,6],[12,-3],[25,-15],[10,-4],[18,-22],[15,1],[20,-7],[8,6],[25,33],[37,40],[8,5],[7,10],[27,-9],[12,-9],[16,4],[1,21],[7,7],[7,0],[8,3],[2,6],[9,7],[11,3],[21,-5],[15,7],[4,5],[6,-6],[6,0],[33,6],[2,8],[11,11],[11,-1],[11,3],[1,8],[9,3],[-17,12],[7,8],[0,6],[17,16],[-1,6],[10,2],[6,5],[1,-5],[7,-6],[8,2],[32,-14],[12,3]],[[5707,3638],[14,-6],[35,-3]],[[5756,3629],[10,2],[3,3],[10,-3],[18,1]],[[5797,3632],[2,3],[12,1],[4,-3]],[[5815,3633],[8,9],[3,-6],[10,-9],[0,-5]],[[5836,3622],[13,4],[2,4],[0,6],[5,1],[10,-4],[-1,-5],[3,-4]],[[5868,3624],[9,1],[31,13]],[[5908,3638],[1,10],[5,7],[-3,3],[2,4],[-9,6],[5,11],[-3,8],[5,5],[-1,4],[2,2],[6,-1],[8,5],[-1,5]],[[5925,3707],[3,8],[8,-1]],[[5936,3714],[9,4],[1,-5],[-2,-7],[3,-10],[14,-3],[9,1],[7,-4],[16,1],[-1,-10]],[[5992,3681],[7,-5],[11,6]],[[6010,3682],[17,-6],[8,5],[15,-5],[3,4],[13,3],[14,14]],[[6080,3697],[11,4],[6,-6]],[[6097,3695],[20,2]],[[6645,3606],[3,-3],[11,-4],[-9,-10]],[[6627,3561],[-12,-12],[18,-2]],[[6650,3442],[-13,-12],[8,-19]],[[7016,2944],[2,-8]],[[7084,2908],[-20,-8],[5,-2],[-8,-3],[-3,2],[-2,8],[-11,0],[9,-1],[2,-4],[0,-4],[5,-2],[10,4],[0,-4]],[[7071,2894],[-21,-14],[-3,-3],[1,-2],[-9,-9],[-11,2],[-2,0],[9,-3],[-14,0],[5,-1],[-3,-1],[-11,3],[-8,-4],[-4,0],[0,-4],[5,-2],[-4,-2],[32,-1],[-11,-1],[1,-3],[4,0],[-4,-2],[-20,-2],[-33,-8],[-4,-1],[2,-2],[-14,-6],[-22,-5],[-17,-8],[3,-1],[-1,-2],[8,3],[-5,-3],[-16,-6],[-19,1],[-7,-6],[-15,-1],[-18,-9],[-5,-5],[-40,-4],[-11,-9],[2,-3],[15,-2],[17,7],[17,1],[-39,-14],[-21,-2],[-10,2]],[[7071,2894],[6,6],[10,2],[-13,-6],[-3,-2]],[[6382,2908],[8,4],[7,-5]],[[6723,2776],[23,-10],[21,-2]],[[6770,2762],[12,-2],[-3,-5]],[[6776,2570],[-15,-7]],[[6755,2468],[-14,-1],[1,-3]],[[6742,2464],[-12,-2]],[[6648,2424],[-25,-2],[-20,-5]],[[6353,2412],[-14,-5],[-17,2],[-7,6]],[[6322,2420],[-3,6],[-4,4]],[[6408,2504],[-1,2],[-4,3]],[[6060,2557],[-22,-9],[-11,-9]],[[6027,2539],[-4,1],[-2,7]],[[6021,2547],[-26,12],[-3,11]],[[5957,2565],[-15,-4],[1,3]],[[5909,2588],[-49,48],[-25,-8],[-6,1],[-9,-2],[-3,3],[6,8],[-5,6],[-17,-10],[-33,26],[-2,-11],[-5,-4],[-22,-3],[-18,4],[-4,11],[-21,10],[-5,6],[-13,1],[-15,7],[-33,2],[-13,16],[-14,1],[-3,5],[-12,3],[-12,11],[-5,0],[-3,4],[0,7],[12,12],[6,2],[-17,9],[-7,8],[0,11],[5,12],[-2,3],[0,18],[-2,7],[56,3],[-3,17],[4,7],[-8,91],[4,2]],[[5616,2932],[28,-14]],[[5644,2918],[13,-3],[4,-7],[4,1],[4,8],[11,7],[0,4],[7,4],[1,3],[7,1],[2,4],[24,-3],[15,8]],[[5736,2945],[8,-3],[4,2]],[[5748,2944],[-4,4],[7,8],[38,-6]],[[5808,2968],[51,-14],[12,-1],[23,7]],[[6092,2937],[8,3],[26,-6],[2,-2],[-3,-4],[0,-3],[5,-2]],[[6140,2917],[9,-6],[0,-4],[5,-9],[9,-3]],[[6189,2903],[7,1],[3,-3],[1,-4]],[[5277,1994],[-4,-1]],[[5273,1993],[-2,2],[-42,-5],[-2,5],[3,1],[-5,5],[-8,-1],[-8,3],[-6,5],[-1,4],[-4,2],[-28,3],[1,9],[8,9],[-3,4],[-9,-2],[-9,2]],[[5158,2039],[-7,-2],[-1,-2],[-28,6]],[[5122,2041],[-12,-1],[-8,5]],[[5102,2045],[-27,-1],[-5,4],[-4,8]],[[5098,2092],[17,-2]],[[5211,2080],[45,-1],[22,-8],[28,-25]],[[5337,2038],[23,-17],[23,-8],[38,-21]],[[5419,1975],[16,-14],[11,-3],[-2,-5]],[[5477,1940],[0,-2]],[[5426,1925],[-6,6],[-21,4],[3,14]],[[5122,2041],[26,-6],[10,4]],[[5273,1993],[10,-13]],[[5362,1891],[7,9]],[[5369,1900],[17,11]],[[5390,1873],[1,-2],[7,-6]],[[5398,1865],[14,-1]],[[5415,1857],[-20,-1],[-17,-7]],[[5347,1829],[-23,-18],[-8,-4]],[[5301,1810],[-16,-17],[-20,-2]],[[5247,1812],[-16,3],[-4,-1]],[[5212,1803],[-15,-19],[-5,9]],[[5046,1811],[-12,-3],[3,3]],[[4878,1937],[0,6],[3,2],[24,2]],[[4905,1947],[14,6],[11,0]],[[4947,1959],[13,-3],[11,-7]],[[5091,2043],[11,2]],[[5744,1845],[-35,-1]],[[5710,1849],[3,2],[11,1]],[[5724,1852],[4,3],[0,3],[-4,0]],[[5636,1880],[-15,-5],[-21,-1]],[[5580,1903],[-8,0]],[[5580,1939],[6,-4],[-1,-6]],[[5597,1932],[13,2],[1,4]],[[5607,1942],[3,3],[11,-9],[-6,-7],[7,-5],[4,1],[0,5],[5,2],[9,-2],[5,-17],[3,-3],[19,8],[17,1],[18,8]],[[5727,1915],[-1,7],[8,2],[9,-6],[5,-11],[-1,-13]],[[5747,1894],[-3,-5],[6,-3],[-1,-7],[14,-1],[0,-7],[3,-3],[14,1],[10,-4],[6,2],[-3,-2],[-23,-5]],[[5770,1860],[6,-6]],[[9999,9300],[-3,-4],[1,0],[-4,0],[6,4]],[[9994,9295],[2,0],[-4,-2],[2,2]],[[9986,9300],[3,-3],[-5,-1],[3,-1],[-1,-1],[4,-1],[-1,-2],[-22,-1],[3,1],[-3,0],[1,2],[6,0],[12,7]],[[9970,9308],[7,-2],[1,-2],[2,3],[1,-2],[-2,0],[1,-4],[-5,0],[1,-3],[-7,-4],[-5,4],[-6,-2],[-2,3],[14,9]],[[9969,9289],[2,0],[-5,-2],[3,2]],[[9956,9309],[-1,-9],[-4,-3],[6,0],[2,-3],[5,0],[1,-3],[-2,-2],[-13,-1],[-8,3],[-6,-3],[-1,4],[-4,-5],[-4,1],[-3,-3],[-5,0],[0,-3],[-4,-1],[-6,-6],[1,-1],[-4,1],[1,3],[9,7],[-1,2],[7,1],[3,4],[-3,1],[1,1],[12,1],[13,7],[-13,-2],[-10,-4],[11,6],[4,6],[15,3],[1,-2]],[[9718,9835],[2,5],[9,1],[-2,3],[5,7],[1,10],[3,0],[-5,5],[2,1],[0,3],[2,0],[-2,1],[4,1],[-18,11],[-6,-1],[0,4],[-4,2],[5,-1],[-3,2],[8,4],[0,3],[-3,0],[2,5],[4,0],[15,6],[10,10],[-17,3],[0,2],[8,2],[1,2],[5,3],[12,-3],[6,1],[-1,4],[2,0],[0,2],[6,2],[-3,5],[2,3],[4,1],[0,3],[7,-1],[0,2],[3,1],[-2,1],[5,-1],[-3,3],[2,0],[-3,7],[-2,2],[2,1],[-4,0],[5,3],[-3,-1],[1,1],[-2,2],[4,-1],[4,4],[8,1],[2,3],[5,1],[2,-3],[6,3],[3,-2],[-1,-2],[3,0],[-1,-1],[2,0],[-3,-1],[5,-1],[-1,-5],[3,-1],[1,-6],[2,-1],[-6,-5],[3,-3],[-2,-2],[1,-2],[-3,-7],[0,-5],[-3,-1],[3,-2],[-4,-3],[2,-5],[-7,-6],[5,-5],[8,2],[1,5],[7,4],[-2,3],[5,6],[3,0],[-1,1],[5,6],[-3,4],[3,2],[-1,4],[2,4],[-1,1],[7,2],[0,3],[-2,3],[4,-2],[-2,5],[13,2],[-1,3],[5,0],[-3,3],[2,2],[1,-2],[1,3],[1,-4],[-2,-1],[3,-2],[-2,-1],[0,-5],[9,-8],[12,6],[1,-1],[0,-2],[2,1],[-1,-1],[5,0],[0,-5],[5,0],[6,1],[6,7],[0,-4],[3,-3],[-2,-3],[5,2],[5,-2],[6,5],[2,-2],[-2,-3],[4,2],[5,-1],[0,-4],[-12,-2],[5,-4],[-1,-3],[3,0],[-1,-2],[4,-2],[12,4],[1,-3],[2,1],[-2,-3],[2,0],[0,-2],[10,3],[-2,-1],[3,-3],[-2,-2],[-41,-2],[-14,-7],[4,-1],[-2,-1],[4,-5],[15,-1],[-1,-2],[4,0],[-3,-2],[3,0],[-2,-1],[2,-2],[-1,-1],[10,-1],[-1,-2],[4,-2],[-6,-1],[2,-7],[-4,0],[0,-4],[5,-6],[-5,0],[3,-3],[-2,0],[2,-1],[-2,-1],[0,-4],[-6,0],[0,3],[-3,-2],[-22,10],[0,-3],[-5,-1],[-16,5],[-3,4],[-14,-5],[21,-12],[4,-8],[-7,-2],[1,-2],[10,-2],[4,-3],[0,-3],[25,-11],[-2,-2],[3,-3],[-2,-3],[2,-2],[-2,0],[1,-3],[5,1],[2,-3],[-5,-2],[2,-4],[3,0],[-2,-4],[-4,0],[0,-3],[-4,-4],[-88,-54],[-6,0],[2,-3],[-6,-4],[5,-7],[13,1],[16,-12],[3,1],[-3,5],[8,4],[3,-2],[0,-6],[3,0],[-3,-6],[3,-6],[-11,-5],[-4,3],[-10,-9],[-3,-6],[-8,1],[0,4],[-3,3],[-10,-3],[-10,1],[-6,5],[-28,4],[-2,4],[2,1],[-4,1],[4,0],[0,3],[-5,2],[-7,-1],[-2,-2],[-9,-3],[-4,-10],[-5,-4],[-9,-6],[-13,-2],[0,-5],[-2,0],[-3,1],[5,6],[-4,2],[-1,-1],[1,2],[-3,1],[-13,-3],[-4,2],[-1,7],[2,4],[-3,0],[3,1],[-1,2],[-19,-2],[1,8],[3,3],[-1,1],[6,3],[-1,3],[1,1],[12,1],[-7,5],[1,2],[-2,2],[-1,7],[2,2],[-8,4],[0,7],[-3,3],[2,1],[-8,5],[0,2],[5,3],[3,-5],[3,2],[14,-2],[4,-6],[8,0],[0,3],[4,1],[-6,4],[3,3],[-3,1],[2,3],[-4,2],[-8,-1],[-3,3],[12,5],[-11,9],[1,3],[8,2],[-2,2],[-1,4],[-4,1],[6,2],[5,-2],[-1,2],[3,2],[4,-4],[5,0],[-1,3],[2,0],[-5,3],[3,1],[-1,2],[8,-1],[1,3],[3,0],[-4,2],[4,1],[-6,2],[0,3],[2,0],[-3,1],[-1,4],[-3,0]],[[9955,9314],[-1,-3],[-1,2],[2,1]],[[9949,9313],[1,-1],[-1,-2],[-2,2],[2,1]],[[9933,9606],[5,-2],[-5,-2],[2,-1],[-1,-3],[3,0],[-3,-2],[2,-1],[1,-6],[5,2],[7,-5],[-6,-7],[0,-3],[-3,-1],[-1,-5],[2,-3],[-4,0],[-7,-8],[-6,0],[6,-4],[-1,-2],[-10,3],[2,-3],[-5,0],[-1,-1],[4,-9],[-5,1],[-1,-4],[-2,1],[2,-7],[-3,-2],[-1,3],[-6,-6],[-3,2],[1,6],[-6,2],[0,4],[-2,-1],[-2,2],[-5,-4],[-6,5],[-8,2],[-5,6],[1,2],[-2,0],[1,3],[-3,-1],[2,3],[-1,1],[-9,-3],[-5,2],[0,-4],[-5,-3],[-9,9],[-1,-3],[-3,8],[-2,0],[-2,2],[-4,-2],[-6,3],[-3,-2],[-2,-4],[-3,1],[-11,-1],[-9,4],[-5,-2],[-3,-4],[2,-4],[7,-4],[17,-4],[4,-7],[9,-4],[-1,-3],[8,-5],[-8,-5],[-2,3],[-10,-3],[2,-3],[-11,1],[0,-2],[-7,-3],[-8,2],[1,2],[-4,4],[1,1],[-3,2],[-5,0],[-8,5],[-3,6],[1,2],[-2,1],[1,2],[-2,-1],[-2,4],[1,4],[-5,4],[0,4],[-4,0],[0,4],[-2,1],[2,1],[-5,2],[-4,9],[-13,6],[-1,2],[3,3],[-4,3],[0,3],[-5,2],[-5,-1],[-2,4],[5,4],[-3,10],[12,6],[2,10],[22,-7],[14,6],[-5,-5],[2,-2],[-1,-2],[7,-2],[1,2],[0,-2],[10,-5],[14,4],[11,11],[14,6],[19,-8],[10,-1],[4,1],[3,-2],[1,4],[7,-3],[-1,-3],[8,-4],[3,-4],[-2,-2],[3,-3],[-1,-5],[3,-5],[-4,-7],[3,-2],[-1,-1],[1,-2],[3,1],[1,-5],[8,7],[4,0],[1,-4],[-5,-5],[7,-2],[8,1],[8,13],[-2,1],[3,3],[-1,1],[4,3],[1,-2],[9,0],[7,7]],[[9943,9957],[1,-3],[-1,-1],[-7,1],[7,3]],[[9941,9953],[-1,-5],[-5,1],[1,4],[5,0]],[[9933,9606],[4,1],[2,-2],[-6,1]],[[9911,9269],[5,-2],[-8,-2],[1,1],[-2,2],[4,1]],[[9913,9265],[2,-1],[-3,-2],[-4,2],[7,2],[-2,-1]],[[9902,9255],[2,-1],[-2,-2],[-4,-1],[0,2],[4,2]],[[9857,9685],[1,-5],[4,-3],[-7,-2],[-7,7],[2,2],[7,1]],[[9848,9291],[2,-1],[-5,-2],[3,3]],[[9832,9166],[3,0],[-2,-4],[-5,-3],[-5,0],[2,2],[0,2],[7,3]],[[9827,9325],[2,-1],[-5,-2],[3,3]],[[9811,9999],[3,-1],[-5,0],[2,1]],[[9806,9672],[3,-4],[-2,-1],[-5,3],[4,2]],[[9764,9708],[6,0],[3,-1],[0,-3],[6,-2],[5,1],[12,-9],[11,2],[2,-4],[-4,-4],[-3,2],[-5,-2],[-1,-3],[4,-1],[1,-2],[-1,-4],[-3,-2],[-3,0],[-1,5],[-2,1],[-14,-4],[-1,3],[1,4],[-3,4],[-21,8],[1,8],[10,3]],[[9802,9170],[2,-1],[-5,-4],[2,-2],[-8,-5],[-3,1],[1,2],[-4,0],[3,4],[12,5]],[[9797,9989],[-2,1],[4,2],[-2,-3]],[[9796,9988],[-2,-4],[-3,0],[3,5],[2,-1]],[[9789,9983],[-4,-2],[5,5],[-1,-3]],[[9786,9222],[2,-1],[-4,-1],[2,2]],[[9786,9210],[-1,-4],[-5,0],[6,4]],[[9785,9980],[-3,0],[3,3],[0,-3]],[[9784,9636],[0,-4],[-8,0],[9,6],[-1,-2]],[[9782,9204],[2,-1],[-4,-3],[-6,0],[1,2],[7,2]],[[9781,9969],[1,-2],[-3,1],[2,1]],[[9763,9240],[4,-1],[-6,-4],[2,0],[-1,-2],[16,-3],[-35,-15],[-2,-6],[-3,-1],[-11,-8],[2,-2],[-1,-4],[-6,-6],[-5,0],[-2,-4],[0,-4],[-10,-2],[-8,-11],[-13,-3],[-1,-3],[2,-1],[-2,-1],[2,-3],[-6,-4],[0,-3],[-6,0],[-10,-6],[-11,2],[-6,-4],[-9,3],[1,1],[-4,3],[-9,-1],[-2,2],[2,2],[-2,2],[-10,-1],[-8,2],[2,2],[-4,5],[2,4],[11,4],[-2,-2],[4,0],[-3,0],[4,-2],[2,1],[-1,3],[-3,1],[3,0],[1,3],[11,0],[1,2],[-8,2],[-2,4],[1,4],[8,11],[20,11],[-4,1],[1,2],[7,-2],[1,1],[-4,1],[6,3],[3,-1],[-3,-2],[0,-2],[14,1],[4,3],[6,0],[6,4],[-1,2],[4,3],[-2,5],[6,2],[3,4],[7,-1],[0,-4],[1,-1],[5,1],[2,0],[-2,-2],[6,-1],[4,2],[13,-4],[2,4],[5,3],[13,0],[3,4],[0,2],[2,0],[-1,4],[4,1]],[[9773,9143],[-2,-2],[4,1],[-4,-3],[-4,1],[6,3]],[[9771,9243],[3,-2],[-7,1],[4,1]],[[9770,9194],[3,-1],[-9,-4],[3,5],[3,0]],[[9770,9944],[-2,1],[2,1],[0,-2]],[[9763,9647],[6,0],[1,-3],[-4,-5],[-7,0],[1,4],[-1,3],[4,1]],[[9730,9654],[-1,-4],[-5,-1],[-5,3],[11,2]],[[9719,9853],[1,-3],[-2,1],[1,2]],[[9719,9856],[0,-2],[-3,-1],[-3,3],[6,0]],[[9708,9874],[2,-3],[-5,2],[3,1]],[[9697,9794],[5,-2],[-5,-2],[-3,2],[3,2]],[[9665,9612],[3,-1],[-1,-3],[6,-2],[12,3],[5,-4],[-2,-2],[4,-4],[-3,-1],[0,-3],[-2,-1],[-7,1],[1,-5],[-4,-5],[-11,0],[-7,6],[-9,-1],[-2,-4],[5,-6],[-1,-5],[-15,3],[-3,4],[4,8],[5,1],[10,8],[0,5],[-3,3],[2,4],[13,1]],[[9671,9696],[21,-17],[-6,-4],[-5,3],[-2,5],[-12,9],[0,4],[4,0]],[[9688,9801],[2,-2],[-4,2],[2,0]],[[9689,9795],[1,-2],[-3,2],[2,0]],[[9053,9079],[-4,1],[0,3],[-4,0],[3,5],[-3,2],[0,13],[-9,3],[0,3],[5,2],[7,-3],[-1,3],[9,0],[-1,-1],[8,-8],[0,-4],[8,1],[3,-2],[8,0],[-1,-3],[2,0],[-4,-3],[7,4],[5,-1],[2,3],[-1,2],[-24,2],[1,4],[-5,2],[13,3],[5,-1],[2,2],[10,1],[-5,3],[-4,-4],[-9,5],[-8,-2],[-2,2],[2,5],[5,0],[3,5]],[[9076,9126],[12,3],[-3,2],[4,-2],[-5,6],[10,-3],[-1,3],[8,-2],[3,1],[0,6],[5,0],[0,4],[4,1],[5,-3],[1,-3],[-3,-1],[3,-2],[-4,-2],[5,0],[-1,-4],[5,-7],[9,8],[30,-10],[4,-11],[-5,-4],[13,-11],[-4,-4],[1,-12],[9,-1],[-4,-3],[2,-1],[7,2],[3,4],[-1,5],[2,11],[-2,2],[5,-1],[2,4],[5,-2],[5,4],[6,1],[-18,0],[-4,10],[-3,3],[2,0],[1,7],[-2,6],[-10,5],[8,1],[4,7],[-3,5],[2,4],[-3,5],[6,8],[17,7],[6,-2],[2,-10],[6,-5],[4,-1],[3,4],[5,0],[-9,9],[0,11],[5,6],[-8,6],[1,4],[9,0],[6,-3],[27,2],[8,3],[11,-4],[10,-7],[9,-2],[6,-4],[11,2],[-1,2],[-11,5],[-15,2],[-3,10],[-8,6],[-11,4],[-30,-2],[-22,-5],[-14,5],[-13,1],[1,4],[5,3],[9,0],[5,11],[-2,2],[3,5],[-4,0],[-2,4],[-1,5],[2,2],[-3,5],[-14,-4],[-2,-1],[4,1],[-4,-1],[-2,-8],[-6,-3],[-1,-6],[-3,-7],[-8,1],[-7,5],[-4,-2],[-8,6],[-9,2],[-9,8],[0,5],[4,3],[-2,1],[1,2],[6,-2],[9,4],[4,-2],[5,3],[6,1],[-7,4],[-3,-4],[-8,-2],[-12,6],[-1,5],[-7,1],[4,6],[-1,3],[1,2],[6,5],[5,-3],[5,2],[8,-8],[4,0],[-6,10],[1,3],[-5,3],[-3,-2],[-14,0],[-9,-4],[-10,1],[0,-1],[-4,-2],[-13,4],[-6,-3],[-9,3],[1,1],[-1,0],[-2,4],[5,1],[-2,3],[5,3],[-6,2],[0,-2],[-2,0],[-1,4],[2,0],[-6,9],[3,5],[5,-2],[4,5],[-2,0],[2,7],[-2,0],[1,5],[4,1],[3,6],[8,-4],[10,7],[9,1],[-16,0],[-13,-3],[-1,2],[-5,2],[-14,-3],[0,4],[-5,0],[-1,2],[1,7],[-6,5],[7,2],[0,4],[27,0],[3,10],[11,0],[-8,3],[-7,-5],[-16,-5],[-9,1],[-5,3],[2,2],[0,2],[4,2],[-3,5],[9,12],[-2,2],[7,5],[-3,4],[-9,-1],[-2,-6],[-14,-13],[-15,-4],[0,-3],[10,-4],[0,-2],[-3,-2],[0,-6],[-8,-4],[2,-3],[-2,-1],[1,-2],[-3,0],[2,-2],[-6,0],[-1,-3],[-3,-1],[2,-3],[-3,-1],[-2,2],[2,0],[-8,4],[4,1],[-4,3],[1,2],[-10,4],[1,5],[-6,2],[12,5],[-3,1],[3,2],[-3,3],[18,5],[-3,3],[1,2],[-3,1],[2,0],[-2,1],[2,3],[-2,2],[-6,0],[-9,-6],[-7,0],[-5,-3],[-2,2],[-4,-2],[1,2],[-9,3],[-9,-4],[-1,4],[-6,3],[-1,5],[-3,-1],[-3,6],[-7,1],[-9,-4],[-2,-6],[-2,1],[0,-3],[-4,-1],[-2,-6],[-3,1],[1,-5],[-2,2],[-2,-2],[1,2],[-1,0],[-2,5],[-2,-4],[0,4],[-4,-2],[-6,4],[-12,-8],[-3,0],[-2,4],[-10,0],[-1,-5],[2,-3],[-7,0],[-1,-2],[-6,1],[6,5],[-8,2],[2,2],[-3,0],[2,2],[-17,2],[-1,-2],[-1,2],[2,2],[-3,1],[3,4],[-3,2],[4,1],[3,4],[10,1],[-7,1],[4,1],[-2,2],[3,0],[-2,1],[4,0],[-2,1],[4,2],[-2,0],[1,3],[3,0],[-2,1],[4,3],[-2,1],[1,2],[-1,1],[3,-1],[-1,2],[3,1],[-3,5],[7,2],[-3,2],[9,-2],[5,3],[5,-6],[6,2],[5,-5],[4,1],[0,4],[3,2],[3,-5],[5,-2],[2,-6],[7,0],[8,5],[-2,1],[2,2],[-16,1],[-5,4],[5,1],[4,8],[5,-3],[1,2],[-1,1],[3,1],[-3,5],[5,9],[-5,1],[-1,4],[2,6],[3,3],[-1,8],[2,2],[5,-3],[-2,7],[3,6],[7,1],[-2,1],[0,3],[7,1],[5,4],[5,-2],[-1,2],[3,3],[9,5],[11,-5],[5,-4],[-2,-2],[4,-3],[-2,-1],[1,-2],[-3,-12],[1,-3],[3,0],[-1,-2],[4,0],[-2,-1],[2,-2],[-2,-3],[5,-2],[9,0],[-1,-3],[3,-2],[4,1],[3,-4],[19,-8],[13,-11],[5,0],[4,-5],[14,-2],[9,-7],[11,0],[17,6],[17,0],[25,6],[-4,5],[-17,-6],[-23,3],[-20,-6],[-13,2],[-15,10],[-17,20],[-15,6],[-7,7],[3,0],[-2,7],[5,3],[-3,5],[17,4],[11,6],[3,6],[0,2],[-6,1],[2,2],[20,8],[10,11],[20,3],[-2,5],[4,2],[-3,3],[2,4],[-4,2],[-9,2],[-1,7],[4,7],[6,5],[6,0],[17,10],[-20,0],[1,4],[2,-2],[1,3],[7,1],[0,2],[3,2],[-2,-1],[1,2],[6,2],[-4,1],[4,2],[-4,0],[5,6],[-4,-1],[2,1],[-5,2],[-11,-4],[2,3],[-4,-3],[-1,3],[-3,-1],[5,7],[6,1],[10,-3],[1,-3],[3,2],[2,-2],[-2,-1],[2,-1],[-2,-2],[3,-1],[13,1],[-1,-3],[3,1],[2,-5],[8,2],[-3,-3],[10,3],[3,-4],[4,-1],[0,-3],[6,4],[4,-2],[-1,-2],[2,0],[1,-2],[6,0],[0,3],[7,2],[2,-1],[-1,-5],[2,0],[1,4],[4,4],[5,-4],[6,3],[3,-4],[-1,-3],[6,2],[2,-3],[5,-1],[1,-6],[4,0],[3,2],[-4,6],[-3,0],[-1,5],[-5,4],[1,1],[-9,2],[-4,3],[5,8],[-3,-1],[0,2],[4,2],[2,5],[-1,2],[2,0],[0,3],[5,-6],[1,5],[1,-4],[6,-1],[2,2],[1,-5],[1,-1],[2,2],[-1,-2],[8,4],[-1,3],[5,9],[4,-2],[1,4],[3,0],[5,5],[-2,1],[3,2],[155,-3],[2,-2],[1,3],[2,-2],[3,4],[-2,5],[4,0],[5,4],[4,-1],[1,6],[-2,2],[6,1],[4,3],[-1,3],[1,-3],[3,1],[4,8],[4,0],[-3,3],[7,-3],[-3,0],[2,-1],[-2,-1],[2,-4],[-3,-1],[3,0],[-2,-2],[3,-2],[-3,-5],[0,-3],[-2,-2],[3,-6],[1,-28],[3,-2],[3,4],[15,-1],[6,-4],[10,-14],[3,-8],[12,0],[-6,3],[0,6],[-3,1],[1,3],[-4,5],[-8,6],[-2,4],[-14,2],[-7,4],[2,9],[-3,8],[2,17],[2,4],[8,-1],[-3,1],[-1,4],[3,1],[-2,5],[3,-1],[-2,2],[2,0],[-2,2],[2,0],[0,6],[3,2],[-3,0],[0,6],[9,6],[-1,4],[-2,0],[1,0],[0,5],[4,3],[-1,5],[3,1],[-5,3],[-3,6],[5,2],[0,2],[4,3],[-4,1],[2,1],[-2,1],[2,2],[-6,1],[0,3],[3,2],[-3,0],[1,1],[-1,2],[-2,0],[2,3],[-2,-1],[0,4],[-2,-1],[3,2],[1,-2],[0,3],[9,6],[-3,1],[3,0],[-5,2],[2,3],[-2,1],[3,2],[2,-1],[7,7],[-8,1],[-1,3],[3,1],[-4,2],[2,3],[-2,2],[3,-1],[3,3],[8,-3],[0,4],[10,3],[12,-4],[2,3],[4,0],[4,0],[0,-3],[6,2],[1,-4],[4,-2],[-2,-3],[2,-5],[9,-5],[-1,-5],[2,-1],[-3,-4],[3,-7],[1,11],[-2,2],[1,6],[-4,3],[1,7],[5,1],[-5,3],[1,2],[-2,5],[3,-1],[0,4],[4,-3],[2,1],[3,-6],[7,5],[2,-6],[6,-2],[3,3],[5,-6],[10,-3],[2,4],[7,1],[-1,3],[-12,7],[0,3],[4,0],[0,-4],[8,-5],[0,2],[4,2],[1,-3],[2,1],[-1,-3],[5,0],[3,-4],[3,1],[2,-1],[0,3],[2,0],[0,-2],[6,3],[2,-2],[-3,0],[4,0],[2,-4],[-5,-3],[3,-4],[5,0],[3,4],[8,-2],[-2,-1],[2,-2],[-2,-6],[-8,0],[-2,-3],[3,-8],[4,-3],[-1,-2],[7,2],[0,-2],[3,0],[1,-5],[5,0],[7,-4],[-8,-3],[-10,8],[-8,-2],[4,-3],[6,0],[-1,-2],[6,-2],[-8,-2],[-1,-5],[8,-5],[-7,-11],[6,-1],[4,-7],[-6,-8],[3,0],[-2,-8],[10,-21],[-2,-5],[-6,0],[-4,-5],[3,-3],[0,-8],[3,-3],[4,-1],[10,3],[2,-4],[-2,-4],[-8,0],[-3,-4],[-8,-2],[-6,9],[-18,0],[-18,6],[-11,5],[-5,9],[-3,0],[4,2],[0,3],[-6,8],[-12,4],[-9,9],[-3,0],[4,-8],[-2,-6],[2,2],[11,-9],[1,-8],[5,-7],[-3,-4],[13,-7],[-1,-5],[8,-7],[18,-3],[3,-4],[-1,-9],[2,-6],[-11,-18],[-15,-1],[-8,-7],[-5,1],[-8,10],[-16,5],[-21,-7],[10,0],[16,-4],[6,-9],[7,2],[10,-5],[20,2],[1,-5],[-1,-1],[2,-3],[1,-7],[4,-1],[2,5],[8,2],[4,-5],[0,-4],[-4,-5],[9,1],[2,-2],[7,-1],[1,-5],[-2,-3],[-5,0],[2,-2],[-5,1],[3,-9],[5,-2],[1,-4],[-3,-2],[-2,2],[2,-5],[-2,3],[-1,-3],[-4,2],[-16,-5],[9,-3],[-1,-1],[3,-2],[-3,-5],[8,-2],[-4,-3],[1,-5],[-9,-2],[-9,4],[-13,-4],[-5,5],[-8,0],[0,-11],[10,-2],[3,-5],[4,-1],[-2,-4],[-8,-2],[4,-1],[2,-5],[10,0],[9,5],[3,-2],[-3,-7],[-7,-6],[3,-2],[-1,-3],[3,1],[-1,-3],[2,-1],[-6,-2],[-3,1],[0,-7],[4,-3],[-2,-1],[6,-2],[0,-2],[-14,2],[4,-7],[-3,0],[2,-1],[-2,-4],[-3,-2],[3,-2],[2,-4],[-1,-1],[9,0],[-5,-3],[1,-1],[-2,-3],[-7,1],[-4,-5],[2,-1],[-3,-2],[-4,1],[1,4],[-7,-2],[-5,0],[-1,2],[20,8],[-1,3],[-11,-6],[-9,-1],[-2,-3],[-3,2],[-1,-4],[-11,-3],[-27,15],[-5,0],[-1,-4],[-3,2],[-4,-3],[-12,3],[-4,7],[5,2],[-5,-1],[-3,4],[-2,-5],[-6,-2],[-1,-3],[7,-9],[11,1],[14,-6],[-2,-5],[2,-2],[-6,-14],[-50,-25],[-52,1],[8,-5],[0,-9],[-28,-12],[2,-2],[7,0],[20,3],[11,-8],[3,-5],[-2,-2],[-19,-2],[-4,-2],[1,-3],[1,1],[12,0],[3,-5],[-7,-3],[9,-6],[3,-4],[-1,-4],[-16,1],[-12,4],[-6,6],[4,5],[-5,2],[-41,-23],[-1,-5],[-13,-3],[-24,-14],[7,-2],[30,14],[43,15],[2,-1],[4,-8],[-40,-16],[-1,-3],[7,-2],[59,21],[2,-1],[1,-9],[-1,-4],[-3,-3],[6,-4],[-5,-4],[4,0],[1,-2],[-1,-12],[1,-4],[-2,-7],[5,-9],[1,3],[0,7],[-3,0],[3,1],[2,8],[6,4],[3,4],[-3,5],[5,9],[11,2],[1,-5],[3,-2],[9,2],[-2,5],[9,-3],[7,3],[-6,6],[-4,-1],[-1,-4],[-1,3],[-3,0],[0,5],[-4,3],[20,13],[1,2],[-3,3],[3,3],[2,7],[2,1],[9,-5],[2,-3],[-6,-5],[1,-5],[-2,-2],[1,-2],[4,-1],[5,5],[8,-1],[0,7],[-7,2],[7,0],[0,5],[12,8],[0,8],[6,3],[8,-1],[7,9],[2,0],[1,4],[3,0],[-1,-3],[7,6],[9,-1],[5,4],[6,1],[-2,-2],[3,-3],[-3,0],[-2,-5],[-2,-2],[0,-2],[4,0],[-2,-3],[5,1],[-9,-14],[-14,-7],[-1,-3],[-5,-3],[2,0],[-2,-3],[-17,-10],[2,-1],[-9,-9],[-10,-3],[0,-3],[-10,0],[-9,-7],[-10,1],[-5,-8],[-10,-7],[-11,-16],[3,-2],[4,6],[0,-5],[6,4],[0,-3],[5,-1],[-6,-8],[3,-6],[-5,-4],[2,1],[0,-2],[3,-1],[5,4],[3,10],[4,6],[3,1],[2,6],[10,13],[2,-1],[1,-3],[9,2],[16,-11],[4,4],[6,-2],[4,1],[3,-3],[-1,-2],[-9,-9],[-1,-7],[7,0],[-1,-4],[2,-3],[0,-9],[1,0],[-4,-5],[0,-4],[4,-2],[-2,-3],[-4,2],[-10,-6],[-3,2],[-1,-2],[-1,2],[-8,0],[-5,-4],[-2,1],[-1,-4],[-7,-3],[-1,-3],[-11,-3],[-6,1],[-4,5],[-4,-1],[-1,3],[-4,-2],[-21,2],[-5,-2],[-2,3],[-13,3],[-24,-2],[13,-9],[4,-10],[-3,-13],[5,-6],[4,0],[4,7],[-1,1],[2,2],[0,1],[9,6],[5,-4],[-1,-5],[3,-2],[2,-5],[2,8],[9,-5],[5,-8],[-2,-2]],[[9479,9137],[5,6],[9,-6],[7,0],[3,4],[-3,2],[1,2],[3,-2],[9,0],[2,-2],[-2,-5],[4,-2],[13,-1],[3,4],[8,4],[7,-2],[-1,-3],[4,-2],[-7,-6],[-4,0],[0,-5],[-4,-2],[3,0],[-3,-6],[4,-1],[-2,-2],[3,-1],[0,-3],[7,1],[-1,-2],[2,-1],[-2,-3],[0,-3],[-4,-2],[-4,0],[-3,3],[-4,-2],[-5,5],[-2,0],[1,-2],[-2,-2],[-11,2],[1,2],[-8,-1],[-15,-8],[0,-4],[-4,0],[-1,-4],[-7,-2],[-11,-9],[-11,-3],[-6,-5],[4,-4],[8,-1],[6,4],[3,0],[-4,-6],[-5,-1],[-4,-4],[6,-2],[-5,-1],[8,-4],[-3,-6],[4,5],[-2,3],[1,5],[5,-2],[10,3],[1,-4],[12,3],[-3,-4],[3,0],[9,3],[-6,0],[3,2],[-4,2],[2,1],[8,2],[1,-2],[8,0],[-3,-4],[-9,-4],[2,-1],[0,-5],[5,-2],[17,7],[2,-1],[-2,-4],[3,-1],[-3,-4],[3,-1],[-8,-8],[-6,-1],[-10,4],[-2,-2],[-9,7],[-8,-6],[3,-2],[-4,0],[1,2],[-18,-1],[2,-2],[-2,-4],[-3,0],[3,-1],[-2,-4],[1,-1],[-7,-5],[-3,1],[-2,-4],[3,-1],[17,8],[-1,-3],[-10,-3],[-1,-2],[2,0],[-5,-1],[2,-2],[-1,-2],[-9,-2],[-9,2],[-5,-1],[0,-2],[2,-1],[-2,-3],[-12,0],[-3,5],[0,7],[1,5],[3,3],[-4,3],[4,-1],[9,5],[5,7],[-4,1],[-5,-4],[-4,0],[-16,1],[-5,4],[-1,-1],[5,-5],[-6,-3],[-7,6],[9,5],[-2,7],[-3,3],[-6,0],[-8,-3],[5,-6],[-2,-14],[12,-2],[2,-4],[0,-4],[2,0],[-3,-2],[1,-3],[-14,-7],[-3,-4],[-20,-2],[-2,-2],[0,-5],[-5,0],[-2,-4],[6,-2],[19,-1],[20,12],[6,-1],[-1,-3],[7,-1],[-15,-8],[2,-2],[-2,-5],[5,-1],[-1,-2],[-11,-10],[-5,-11],[-10,-5],[-4,-7],[11,6],[3,-1],[-2,2],[2,2],[5,-1],[5,4],[4,8],[7,2],[15,13],[6,3],[8,-1],[-6,-8],[4,-1],[-2,-1],[1,-1],[-9,-1],[0,-2],[-6,-5],[3,-3],[11,2],[1,-4],[-23,-8],[3,-2],[-3,-5],[2,-3],[-5,-4],[3,-1],[-10,-6],[-1,-4],[-13,-10],[-3,-6],[-3,-3],[-4,1],[-5,-6],[6,0],[-2,1],[17,8],[6,4],[-3,3],[6,0],[6,6],[10,3],[6,7],[8,2],[21,16],[3,-5],[-9,-5],[3,-2],[-4,-7],[2,-6],[10,5],[9,-2],[-4,-1],[1,-2],[-8,-3],[2,-3],[-1,-5],[-5,-4],[-1,-6],[3,-1],[-1,-3],[-8,-5],[-5,0],[1,-3],[4,3],[-4,-3],[0,-4],[8,-1],[0,4],[0,-4],[-3,-1],[2,-3],[4,1],[-4,-1],[5,-3],[-3,0],[2,-1],[-1,-2],[4,1],[4,-2],[-1,0],[6,2],[3,-9],[3,1],[-2,-2],[9,-2],[4,-5],[-7,-8],[-2,3],[-13,8],[-7,-3],[-6,0],[2,-4],[-3,-1],[2,-4],[-1,-3],[4,-1],[0,-5],[6,-9],[-3,1],[-2,-7],[-4,0],[-3,4],[-4,15],[-4,1],[-1,-3],[-5,3],[-4,-6],[3,-5],[-3,-7],[5,-7],[0,-5],[-4,-2],[-1,-4],[-1,4],[-2,-1],[-3,4],[-1,-1],[-9,9],[-8,0],[-7,4],[-4,-1],[-4,-9],[13,-8],[0,2],[3,-3],[-4,-5],[1,-6],[-5,-5],[1,-3],[-7,1],[1,-3],[-7,-2],[-1,-3],[-18,-3],[8,-9],[7,-1],[7,-7],[-2,-9],[-6,-2],[4,-4],[-3,-2],[2,-4],[-7,-4],[2,-3],[4,2],[6,-1],[-4,-4],[1,-2],[-3,-1],[3,-3],[-4,-3],[8,-1],[-3,-1],[2,-5],[10,-2],[-3,-2],[2,0],[-1,-3],[5,-2],[-9,-7],[0,-4],[10,-6],[9,0],[5,-6],[12,3],[5,-2],[-5,-5],[3,-5],[-1,0],[3,-2],[-4,0],[-5,6],[-16,-1],[-12,2],[-3,0],[-2,-5],[-4,0],[-1,3],[-3,-2],[-3,9],[7,1],[-1,5],[-10,-8],[5,-7],[-5,-3],[1,-1],[-2,-1],[0,2],[-1,-3],[-6,3],[-3,-2],[-5,2],[-5,-3],[-1,-7],[1,1],[3,-5],[1,-7],[3,-1],[0,-4],[7,-5],[-2,-5],[1,-6],[6,0],[9,-17],[6,-3],[3,0],[5,-5],[-1,-1],[3,-1],[-1,-2],[-3,2],[0,-2],[-2,2],[-7,-2],[3,-2],[-3,-3],[2,-2],[-3,0],[3,-1],[-2,-1],[3,-2],[-1,-2],[6,-5],[-5,-2],[6,-4],[-4,-4],[-7,2],[-2,4],[-3,-1],[-1,3],[2,0],[-2,3],[2,1],[-1,0],[3,7],[-8,3],[2,5],[-3,2],[-2,8],[-10,-1],[-3,-9],[1,-2],[-4,-3],[2,-4],[-2,1],[1,-3],[-2,-2],[-11,4],[3,5],[-5,4],[3,3],[-1,2],[-11,2],[-1,5],[-6,-1],[1,-7],[-5,-1],[1,-3],[-5,0],[-13,5],[-4,-2],[0,-3],[6,-2],[1,-3],[3,-2],[-1,-2],[2,-3],[-3,-3],[4,-5],[7,-3],[3,1],[1,3],[6,-1],[-3,0],[2,-3],[-1,-3],[-2,1],[1,-3],[-6,-1],[4,-6],[-7,-3],[11,-7],[-5,0],[5,-5],[-1,-5],[2,0],[-12,-4],[1,-2],[-3,0],[0,-5],[3,-1],[-1,-3],[6,-3],[-2,0],[2,-2],[-4,-4],[5,-1],[-1,-3],[-3,1],[4,-3],[-2,-2],[-5,1],[2,-2],[-2,1],[-2,-3],[-6,0],[3,-7],[-3,-1],[2,-2],[-2,-3],[-2,0],[1,-3],[-2,-1],[2,-1],[-1,-2],[-12,-1],[-12,3],[0,3],[-2,-2],[11,-13],[8,-2],[-1,-3],[8,-2],[-1,-1],[4,-2],[-4,0],[3,-5],[-4,-2],[3,0],[-5,-4],[3,-2],[-2,-3],[4,1],[-7,-3],[-2,-4],[3,-4],[4,-1],[-2,-1],[5,-3],[-4,-1],[1,-4],[-4,-2],[-7,2],[-5,-3],[-5,2],[-2,-2],[-10,0],[23,-1],[-5,-3],[6,-5],[-9,-4],[4,-5],[4,0],[8,6],[6,-1],[-7,-5],[5,-6],[-4,-4],[5,-13],[-4,-2],[2,-1],[-2,-1],[2,-2],[-2,-2],[-7,-1],[4,5],[-3,1],[-1,4],[-5,3],[-1,5],[-6,2],[-1,4],[-6,3],[1,3],[4,0],[0,2],[-5,4],[-7,1],[-4,-3],[1,-6],[-6,-3],[2,-2],[-2,-1],[1,-7],[-4,1],[1,-2],[-2,-1],[2,-3],[-3,0],[-4,-6],[5,13],[-4,1],[-1,4],[-2,0],[0,2],[-4,4],[2,1],[-3,1],[8,3],[0,4],[6,5],[1,6],[-9,6],[1,6],[-5,0],[-3,7],[2,4],[-21,3],[-11,-3],[-4,-3],[3,-7],[-2,-2],[0,-4],[-6,-6],[-3,2],[1,4],[-3,-2],[-1,2],[1,0],[-3,0],[-2,10],[-10,-4],[-7,2],[-7,-6],[-5,1],[0,2],[-2,0],[2,2],[-3,-2],[-1,4],[6,1],[-2,1],[3,1],[-7,5],[-1,8],[-6,6],[1,2],[-4,10],[1,4],[11,-4],[3,6],[3,-3],[12,3],[1,3],[5,2],[-3,5],[-8,3],[4,0],[3,3],[0,3],[5,3],[-6,3],[-5,-1],[-1,2],[5,0],[2,3],[3,-2],[-2,3],[5,-1],[-4,3],[2,1],[-2,1],[3,2],[-2,1],[3,0],[-1,0],[-2,1],[1,0],[-1,1],[2,6],[-2,-1],[0,3],[14,-6],[6,2],[5,-3],[1,2],[-4,2],[6,1],[-2,4],[3,2],[-2,1],[1,1],[3,-1],[0,-6],[13,1],[0,10],[-3,2],[-5,-3],[-3,3],[5,5],[-1,1],[1,1],[-1,0],[4,7],[-2,1],[1,2],[4,1],[-2,1],[0,5],[-11,1],[-4,-1],[0,-4],[-23,5],[5,0],[-2,6],[6,-3],[0,4],[4,0],[-5,2],[4,3],[-6,1],[3,2],[-2,2],[2,1],[19,-11],[0,-5],[6,-1],[5,3],[-2,5],[4,3],[-11,7],[0,1],[4,1],[-3,0],[-1,7],[-4,3],[1,1],[-3,-2],[-5,2],[7,1],[-3,0],[-2,3],[1,3],[-3,2],[0,6],[3,1],[-1,1],[4,5],[2,-2],[5,2],[-1,4],[6,2],[-1,3],[2,2],[1,-6],[6,-1],[3,2],[-1,2],[4,0],[-1,4],[5,3],[-5,2],[0,4],[3,0],[-3,4],[6,5],[-2,3],[9,9],[3,5],[-2,1],[6,7],[0,3],[-3,0],[0,4],[4,10],[-1,4],[3,16],[5,2],[2,8],[5,4],[0,6],[3,6],[3,12],[11,15],[-1,5],[3,2],[6,-1],[-5,7],[7,34],[3,4],[-1,6],[5,9],[-2,3],[2,1],[0,8],[-6,-10],[1,-1],[-1,-2],[2,0],[-8,-1],[2,5],[-4,1],[-8,-2],[-1,-2],[2,1],[-4,-5],[-13,-1],[-6,5],[-5,-3],[4,10],[4,1],[0,3],[7,4],[4,5],[0,4],[-16,-3],[8,18],[2,17],[12,22],[0,4],[-5,1],[-1,2],[3,0],[6,13],[-5,1],[-6,-4],[-1,1],[0,-4],[-4,2],[-1,-10],[3,-1],[-1,-3],[-8,-4],[-2,-9],[-5,-5],[-5,-16],[-4,0],[-2,-7],[-3,2],[3,10],[-2,2],[0,7],[3,2],[5,17],[9,14],[-3,4],[3,0],[4,11],[8,7],[1,-4],[3,0],[13,11],[0,5],[3,1],[10,13],[3,5],[0,6],[4,6],[-2,-1],[0,7],[-4,-2],[-14,-31],[-8,2],[-3,-9],[3,-3],[-10,-6],[0,7],[-3,0],[-2,-8],[-9,-9],[-2,-10],[-16,-32],[3,-5],[-12,-11],[-2,3],[5,2],[0,3],[0,11],[7,12],[0,5],[6,7],[-2,9],[5,2],[3,7],[-1,9],[6,8],[1,7],[6,2],[-2,6],[0,7],[-4,1],[-1,4],[5,8],[3,-1],[-1,-7],[4,0],[4,2],[-2,4],[4,-1],[2,3],[-6,2],[-2,-2],[-5,0],[10,10],[2,18],[-4,-4],[1,-5],[-8,-8],[-4,-9],[-11,-7],[-2,-4],[2,-4],[-11,-13],[-32,-28],[-3,11],[2,14],[-17,2],[-3,9],[4,9],[-5,7],[-6,2],[3,10],[10,-3],[5,-4],[-1,1],[5,3],[-5,10],[-17,1],[-11,6],[-5,-1],[-6,-6],[-9,-1],[-12,3],[2,1],[-3,4],[1,3],[-9,6],[-5,-1],[-2,3],[-18,-2],[7,-4],[13,0],[6,-5],[4,-1],[-3,0],[3,-7],[10,-4],[13,-10],[16,2],[-1,-12],[4,-13],[9,-9],[7,-3],[0,-19],[-3,-6],[4,-4],[-1,-3],[-5,-2],[1,-2],[-5,-3],[-2,3],[-5,-2],[6,5],[2,9],[-2,6],[2,5],[-3,6],[-8,-1],[0,-5],[-3,-4],[-5,0],[-4,-3],[-6,1],[-6,-3],[1,5],[-3,4],[2,8],[0,9],[-4,2],[-2,-9],[-3,-1],[0,-16],[1,-2],[-7,-10],[5,-2],[-3,-1],[0,-7],[-3,-2],[4,-3],[4,1],[-1,-3],[2,-2],[-3,-1],[2,-4],[-8,-2],[-1,-3],[-3,-1],[0,-2],[-5,-4],[1,-2],[-3,-5],[-7,-4],[-2,6],[-6,-2],[-3,3],[-5,0],[1,6],[-5,-2],[-2,1],[1,5],[3,4],[-3,3],[9,7],[-9,6],[3,-2],[-3,-1],[3,-1],[-4,-2],[0,-5],[-6,-4],[-1,-4],[-3,-1],[-4,3],[-4,-1],[5,-8],[-3,-5],[2,-2],[-2,-4],[4,-4],[-4,-3],[1,-4],[-2,-6],[2,-2],[-4,-2],[2,0],[-5,-7],[-2,2],[-6,-3],[-1,1],[3,2],[-3,-1],[0,4],[2,1],[-2,0],[3,2],[-5,1],[1,3],[-5,2],[1,2],[-4,-1],[2,1],[-2,2],[1,3],[-5,-1],[-2,4],[-1,-2],[-5,-1],[-8,3],[1,-5],[-4,0],[1,2],[-3,0],[0,2],[4,5],[-2,3],[-4,-1],[0,2],[-4,-1],[0,-5],[-5,0],[0,-2],[-6,1],[1,3],[-5,-3],[-4,3],[1,2],[-3,1],[5,6],[-3,3],[1,4],[-2,-2],[-3,1],[2,2],[-2,2],[1,1],[-1,1],[5,1],[-2,1],[1,2],[-4,0],[2,4],[-6,-2],[-2,-3],[-7,3],[-4,-3],[-3,5],[-1,-2],[-4,0],[2,-5],[-8,2],[-2,2],[-3,0],[2,0],[1,0],[-2,1],[2,0],[-1,2],[-6,4],[-2,2],[3,3],[-4,2],[3,2],[-3,0],[5,4],[-5,6],[11,5],[-6,7],[12,0],[5,2],[0,3],[19,2],[11,-1],[0,-2],[11,-3],[14,-1],[3,2],[-1,1],[2,1],[-1,2],[-18,-3],[-7,4],[7,7],[29,6],[4,2],[0,4],[-6,-3],[-37,-6],[2,6],[-3,9],[2,7],[16,4],[-29,2],[-4,6],[-4,2],[10,6],[-19,4],[-2,4],[1,1],[-3,0],[-2,-1],[9,-7],[-2,-2],[1,-3],[-4,-5],[1,-2],[11,-7],[8,0],[1,-1],[-9,-9],[1,-5],[-1,-3],[-6,-3],[-10,0],[-6,-4],[-2,-7],[-7,1],[-5,-4],[-3,-8],[3,-4],[-6,3],[0,-3],[-4,-3],[-8,8],[3,1],[-1,2],[5,2],[-2,2],[4,8],[-2,3],[5,2],[0,3],[-4,1],[0,2],[8,1],[-1,2],[-6,-2],[-7,2],[-2,2],[4,2],[-3,3],[2,2],[-4,1],[-5,-3],[1,-5],[-4,0],[-3,-6],[-24,6],[7,-3],[-1,-2],[2,-3],[-20,4],[-3,-1],[1,-2],[-9,2],[19,-9],[-3,-2],[2,-2],[-1,-2],[-7,1],[-7,-3],[-6,1],[3,-3],[-7,0],[-1,-1],[1,-1],[-3,-1],[-9,2],[-1,1],[4,1],[-5,1],[4,3],[-3,2],[-6,1],[5,-4],[-22,6],[4,0],[-9,4],[-1,4],[-3,1],[2,4],[5,3],[7,1],[0,1],[4,3],[1,3],[-8,0],[-14,-5],[-13,5],[3,1],[-7,2],[-2,3],[-5,-2],[-2,3],[-2,-1],[-3,2],[0,2],[-6,1],[-2,-4],[-7,2],[0,3],[-2,0],[4,2],[-4,2],[4,2],[-5,1],[4,4],[-4,2],[4,3],[-9,1],[7,3],[-1,1],[8,1],[0,5],[-21,2],[6,2],[2,3],[-2,-1],[1,3],[8,2],[2,2],[-2,2],[-5,0],[-2,2],[3,-1],[-3,3],[10,-1],[2,4],[-3,1],[7,3],[-7,5],[4,1],[-3,2],[10,2],[1,3],[-10,6],[-7,-1],[3,3],[-12,-2],[3,3],[-3,0],[3,3],[-6,-2],[4,5],[-4,2],[12,11],[-1,0],[2,4],[-2,0],[10,5],[22,2],[4,6],[3,1],[0,-3],[2,-1],[17,0],[4,1],[0,4],[3,2],[11,-5],[9,0],[8,3],[12,-2],[2,4],[2,-2],[9,0],[-3,-3],[7,1],[-2,-5],[3,2],[6,-5],[-5,0],[2,-7],[6,-3],[5,3],[3,-6],[13,-9],[5,1],[-3,3],[3,6],[-10,2],[-1,3],[3,2],[-8,3],[6,2],[0,2],[8,-3],[2,-9],[12,5],[12,-4],[6,3],[11,-4],[1,-3],[1,2],[-3,8],[-15,0],[1,3],[-7,2],[4,1],[-2,2],[10,9],[4,-2],[2,1],[5,-2],[7,10],[3,0],[-3,-2],[4,0],[21,10],[7,1],[4,-3],[7,0],[-1,-5],[3,-1],[0,-6],[4,-5],[0,-6],[5,-6],[-1,-2],[2,-1],[-1,-1],[2,-2],[-1,-2],[4,-3],[-1,-2],[3,-4],[-2,-5],[3,-1],[8,4]],[[9479,9137],[0,-2],[2,-1],[-2,3]],[[9420,9311],[-3,3],[-5,-2],[-2,-2],[2,-3],[-4,3],[4,-3],[8,4]],[[9053,9079],[-3,-4],[1,-2],[-4,1],[-2,-2],[2,-11],[3,-1],[-4,-2],[3,0],[3,5],[5,0],[-2,2],[1,2],[-6,-1],[1,3],[-2,-3],[3,-3],[-4,-2],[0,8],[9,6],[3,-2],[1,2],[-3,4],[14,2],[-5,2],[2,3],[-12,-6],[0,-4],[-2,0],[1,2],[-3,1]],[[9607,8866],[2,-2],[-1,-3],[2,1],[2,-2],[27,1],[0,-2],[6,0],[2,-2],[-2,-2],[2,0],[-2,-2],[4,-1],[-3,-1],[2,0],[1,-3],[-4,-2],[3,-5],[-5,-1],[2,-2],[-6,1],[3,-6],[-3,-1],[0,-4],[-16,4],[-5,7],[-7,4],[0,9],[-3,2],[-10,-5],[-2,3],[3,5],[-7,-2],[3,7],[3,-1],[5,4],[4,1]],[[9647,9755],[-2,-1],[1,2],[1,-1]],[[9640,9780],[0,-2],[-2,0],[2,2]],[[9623,9217],[3,-1],[-4,-3],[-3,1],[4,3]],[[9618,9212],[3,-2],[-7,-12],[-4,-2],[2,-11],[-7,-3],[-2,-4],[-2,1],[2,2],[-6,0],[2,2],[-3,1],[2,9],[-4,7],[9,2],[4,9],[11,1]],[[9604,9586],[4,-3],[-5,0],[0,3],[1,0]],[[9600,9350],[3,-2],[-1,-3],[-5,-3],[-3,2],[2,4],[4,2]],[[9567,8928],[2,-4],[-3,-2],[-5,1],[-10,-3],[6,-1],[0,-4],[4,-1],[-3,-5],[3,-1],[-2,-2],[2,-4],[-5,-1],[0,-2],[9,0],[0,-3],[-4,-6],[2,-2],[0,-4],[-8,-2],[1,-4],[6,-7],[8,2],[3,5],[7,-2],[5,11],[4,4],[3,-1],[0,-5],[4,-1],[-7,-9],[-1,-8],[4,-5],[-5,-8],[0,-10],[-10,-5],[-3,1],[0,-2],[-3,-2],[2,-1],[-4,-4],[1,1],[0,-3],[-3,0],[2,-2],[-4,-2],[3,-5],[-2,-5],[2,-4],[-4,-9],[1,-3],[-6,-6],[1,-3],[-2,1],[4,-8],[-7,0],[-8,10],[-7,-3],[-5,4],[-6,-1],[-17,7],[0,2],[-14,7],[0,14],[-2,0],[2,1],[-4,5],[0,8],[-1,1],[3,4],[8,1],[2,11],[3,2],[-4,4],[-1,6],[-3,-2],[0,-4],[-3,-1],[2,2],[-2,2],[1,4],[-3,2],[2,0],[-1,3],[-10,3],[-12,6],[-3,7],[0,5],[-7,1],[3,9],[-1,3],[6,3],[3,-4],[6,1],[3,6],[4,1],[15,-9],[5,6],[1,-3],[10,-4],[6,2],[7,-2],[2,-3],[-1,-4],[5,-3],[13,-1],[4,4],[-16,7],[0,7],[5,5],[-7,0],[16,9],[13,4]],[[9591,9344],[1,-1],[-2,0],[1,1]],[[9586,9209],[4,-2],[-2,-6],[-5,4],[3,4]],[[9586,9193],[-1,-3],[-2,2],[3,1]],[[9578,9209],[4,0],[-2,-3],[-6,-1],[4,4]],[[9580,9192],[0,-4],[-5,1],[5,3]],[[9565,9188],[1,-7],[-5,-1],[4,8]],[[9557,9105],[0,-2],[-4,-1],[4,3]],[[9554,9105],[2,1],[-3,-3],[-4,2],[5,0]],[[9542,9019],[-1,-3],[-4,1],[5,2]],[[9526,8912],[3,-1],[-3,-3],[-5,1],[5,3]],[[9509,9803],[3,-4],[3,2],[1,-2],[-9,-3],[5,3],[-5,1],[2,3]],[[9513,8952],[3,-2],[-6,0],[3,2]],[[9506,9805],[1,-2],[-2,0],[1,2]],[[9504,8860],[1,-2],[-3,1],[2,1]],[[9494,9153],[2,-2],[-6,1],[4,1]],[[9495,9062],[-3,1],[3,1],[0,-2]],[[9488,9343],[-4,-8],[-6,-3],[2,7],[8,4]],[[9487,9059],[1,-1],[-3,-1],[0,2],[2,0]],[[9480,9009],[-1,-3],[5,1],[-5,-2],[-7,1],[8,3]],[[9476,9069],[-1,0],[3,1],[-2,-1]],[[9461,9003],[10,-2],[-17,-8],[7,10]],[[9468,9007],[-1,1],[1,1],[2,1],[-1,-2],[-1,-1]],[[9460,9335],[4,-4],[2,-9],[-4,-2],[-12,1],[3,9],[7,5]],[[9460,9308],[3,-4],[-5,0],[-2,3],[4,1]],[[9415,8631],[15,-7],[-4,-2],[10,1],[6,-7],[-1,-1],[13,-3],[-2,-1],[2,0],[-2,-1],[1,-2],[-4,-3],[-11,-2],[-3,-3],[-5,1],[-8,5],[1,7],[-5,3],[3,4],[-13,1],[0,4],[3,2],[-2,3],[6,1]],[[9394,8723],[-1,-2],[-2,0],[3,2]],[[9304,8828],[5,-2],[-5,-7],[-8,-1],[-2,-3],[-2,-9],[2,-9],[-3,-9],[-20,-12],[-11,0],[7,4],[0,7],[-3,-1],[12,5],[0,6],[2,3],[-5,3],[0,4],[1,2],[-2,2],[2,2],[-1,4],[3,5],[7,-2],[21,8]],[[9236,8748],[-2,-2],[-2,1],[2,2],[-3,-1],[-1,-6],[2,-7],[-6,-6],[5,-6],[-7,-3],[1,-5],[-3,-7],[-10,0],[-1,-5],[3,-3],[-5,-6],[-7,-2],[-2,-5],[-12,-4],[-8,1],[-1,1],[2,1],[-5,2],[3,3],[-4,1],[2,2],[-1,3],[4,-3],[11,2],[5,4],[-2,0],[4,1],[1,4],[3,0],[-1,4],[4,2],[-1,1],[2,2],[3,-2],[2,2],[1,-5],[7,3],[-5,5],[-8,0],[2,3],[-4,3],[1,3],[-5,3],[4,1],[-2,0],[1,2],[7,1],[1,5],[-4,-2],[-4,4],[2,2],[-3,0],[4,5],[7,2],[7,-3],[1,5],[-6,0],[5,8],[16,4],[5,6],[-2,9],[-9,2],[-8,-5],[-1,3],[-4,0],[1,4],[-4,0],[2,2],[-3,1],[-1,3],[2,1],[5,-6],[8,1],[-7,5],[2,2],[-2,1],[5,1],[11,-7],[11,0],[1,2],[-3,3],[3,2],[-1,3],[1,9],[6,2],[8,-5],[-5,-5],[4,-11],[-5,-3],[-4,-6],[2,-6],[-14,-18],[-4,-5],[8,3],[14,19],[2,-3],[5,5],[7,1],[3,0],[4,-7],[-3,-11],[-8,-8],[-4,-11],[-11,-16],[-3,0],[1,5],[-6,-2],[1,-4],[-3,-3],[7,-1],[0,-4],[-7,-13],[-4,0],[-6,-6],[2,-7],[-8,-4],[0,4],[-5,-1],[0,6],[3,2],[-2,2],[3,4],[4,3],[-1,2],[2,2],[2,-1],[-2,-2],[2,-1],[4,11],[6,2],[-8,3],[0,4],[5,3],[-4,1],[3,4],[0,7],[-6,2],[0,5],[2,1],[1,4]],[[9270,9667],[3,-1],[1,-3],[-8,1],[4,3]],[[9266,8849],[3,0],[-4,-3],[1,3]],[[9260,8395],[-1,-1],[2,3],[-1,-2]],[[9256,8819],[2,-2],[-5,-3],[3,5]],[[9254,8379],[2,-3],[-7,-2],[4,3],[-1,2],[2,0]],[[9256,9671],[0,-1],[-2,0],[2,1]],[[9246,8942],[-1,-2],[7,-3],[0,-4],[-3,-1],[-3,5],[-6,-6],[-6,1],[9,6],[3,4]],[[9248,8948],[-1,-3],[-3,-1],[0,4],[4,0]],[[9244,8411],[3,-2],[-3,-3],[-2,4],[2,1]],[[9240,8920],[3,0],[-3,-8],[-4,-2],[1,3],[-2,4],[5,3]],[[9238,8844],[2,-9],[-6,-4],[4,8],[-2,1],[2,4]],[[9234,8414],[4,-4],[-1,-2],[-2,-1],[1,0],[-1,-3],[-6,1],[1,3],[3,1],[1,7],[0,-2]],[[9236,8651],[1,0],[-2,-3],[-1,2],[2,1]],[[9234,8922],[2,0],[-2,-4],[-2,4],[2,0]],[[9229,8886],[5,-5],[-3,1],[-2,-5],[-8,6],[1,2],[3,-1],[4,2]],[[9233,8726],[-4,0],[3,2],[1,-2]],[[9203,8821],[2,-6],[2,0],[2,3],[4,0],[1,-3],[4,1],[6,-3],[4,4],[4,-1],[-3,-2],[1,-3],[-2,-3],[-3,-1],[-4,4],[-4,-4],[-10,3],[4,3],[-8,-2],[-6,7],[6,3]],[[9221,8562],[2,-1],[-1,-3],[-3,1],[2,3]],[[9193,8666],[0,-1],[3,0],[2,-3],[3,1],[0,-3],[3,0],[6,4],[0,-2],[4,2],[1,-1],[-2,-2],[5,0],[-6,-4],[-1,-2],[-2,1],[3,-3],[-3,-5],[-1,6],[-6,-4],[3,5],[-7,-3],[-2,1],[1,3],[-6,4],[1,4],[-3,-1],[4,3]],[[9206,8843],[8,0],[0,-3],[-8,-1],[-2,2],[2,2]],[[9196,8862],[12,-4],[2,-5],[-2,-6],[-9,-9],[-5,2],[2,4],[-3,-3],[-4,1],[1,3],[-4,0],[1,4],[-1,1],[10,12]],[[9210,8562],[-2,0],[2,3],[0,-3]],[[9208,8760],[2,0],[-3,-1],[1,1]],[[9201,8544],[1,-2],[2,2],[-1,-3],[6,-1],[-3,-5],[-8,3],[-3,-1],[1,3],[5,0],[-4,3],[4,1]],[[9201,9197],[5,-3],[-1,-7],[-5,-4],[-10,1],[-2,7],[2,5],[11,1]],[[9204,8840],[1,-2],[-3,-1],[2,3]],[[9203,8565],[-6,-1],[1,2],[5,-1]],[[9188,8815],[7,-3],[-3,-2],[7,-1],[1,-2],[-7,-1],[-6,-8],[-9,-1],[-1,11],[-3,0],[3,2],[-4,2],[7,2],[-2,-3],[2,0],[8,4]],[[9196,8703],[1,-2],[-4,1],[3,1]],[[9194,8574],[2,0],[-3,-2],[-2,2],[3,0]],[[9190,8919],[1,-3],[-3,-2],[-1,3],[3,2]],[[9187,8657],[3,-3],[1,-5],[-5,-3],[-2,3],[2,1],[-1,6],[2,1]],[[9184,8831],[2,-3],[-2,-1],[2,-1],[-2,-3],[-12,1],[2,3],[7,0],[3,4]],[[9184,8820],[0,-3],[-3,0],[3,3]],[[9183,8790],[0,-2],[-5,1],[5,1]],[[9177,8823],[5,-2],[-5,-4],[-4,3],[4,3]],[[9164,9168],[10,-5],[7,-10],[-6,1],[-5,-5],[1,-6],[-7,-4],[-4,-6],[-7,0],[-7,5],[-2,3],[-4,0],[5,2],[-3,9],[6,-2],[10,3],[-3,9],[-9,-1],[3,3],[15,4]],[[9178,8872],[-1,-6],[-4,0],[-1,2],[0,2],[6,2]],[[9175,8899],[3,-2],[-2,-1],[-1,3]],[[9175,8877],[3,-2],[-3,-2],[0,4]],[[9176,8827],[-1,0],[2,1],[-1,-1]],[[9113,9244],[2,-3],[-1,-3],[10,-2],[6,-6],[4,-1],[0,5],[24,-13],[14,0],[-1,0],[4,-13],[-3,-16],[-14,-11],[-11,0],[-12,-9],[-6,4],[-2,-4],[-3,3],[-9,1],[-3,-2],[1,-3],[-5,-1],[-3,5],[-7,1],[-5,-3],[-5,1],[-3,4],[-3,-1],[-1,4],[-3,0],[1,2],[-3,-1],[-2,2],[1,1],[-7,4],[-1,2],[2,-1],[-1,2],[2,1],[-2,4],[-4,1],[5,0],[-5,5],[2,2],[-5,2],[0,3],[-4,1],[3,0],[-6,3],[5,1],[-7,3],[4,2],[6,-3],[-2,5],[2,2],[0,-6],[2,2],[1,-5],[8,2],[-5,3],[6,1],[-1,1],[6,-2],[-2,4],[2,-2],[0,3],[5,0],[-1,3],[-7,2],[2,2],[1,-3],[1,3],[2,-2],[0,5],[6,1],[-3,2],[5,-1],[-1,2],[2,-1],[0,2],[4,2],[5,-1],[-3,3],[8,1],[2,-5],[3,1],[-2,2],[1,2],[4,-1]],[[9168,8878],[4,-1],[-3,-3],[-1,3],[-2,-1],[2,2]],[[9161,9225],[3,-3],[-5,3],[2,0]],[[9156,8935],[2,-1],[-1,-5],[-2,4],[1,2]],[[9121,9279],[0,-3],[-2,-1],[-5,-1],[2,-4],[-3,-1],[1,1],[-6,3],[2,1],[-4,1],[15,4]],[[9105,9173],[1,-1],[-3,0],[2,1]],[[9105,9275],[1,-2],[-4,2],[3,0]],[[9054,9165],[6,-5],[-11,-3],[5,-2],[-2,-3],[2,-4],[4,-1],[-3,3],[3,4],[12,1],[5,-2],[-1,-4],[4,0],[-1,-2],[3,2],[7,-5],[-1,5],[2,2],[2,-2],[-1,-3],[3,0],[-1,2],[3,1],[6,-7],[-2,0],[1,-2],[-10,2],[-2,-4],[-5,1],[-2,-2],[6,0],[-13,-9],[-3,0],[-2,2],[-7,0],[3,-4],[-4,-1],[3,-4],[-2,-3],[-10,-1],[3,2],[-7,2],[5,6],[-4,0],[-4,4],[0,2],[9,6],[2,-4],[4,-1],[5,3],[-4,1],[4,4],[-8,-1],[-2,3],[-10,-4],[-11,2],[3,4],[-1,1],[4,2],[-2,1],[0,4],[6,2],[-4,1],[6,0],[-3,4],[12,4]],[[9079,9329],[5,-6],[-5,-4],[-4,2],[-4,-4],[-2,4],[4,1],[-2,0],[4,5],[-1,1],[5,1]],[[9082,9335],[-2,-4],[-5,3],[7,1]],[[9073,9533],[4,-1],[-6,2],[2,-1]],[[9076,9126],[-2,-1],[-1,1],[3,0]],[[9069,9326],[0,-3],[-2,2],[2,1]],[[9032,9125],[9,-4],[-9,1],[-2,2],[2,1]],[[9035,9135],[4,-2],[-9,1],[5,1]],[[9032,9502],[1,-2],[-2,1],[1,1]],[[9030,9137],[1,-1],[-3,-1],[2,2]],[[9011,8878],[-1,-3],[-4,0],[5,3]],[[8996,9366],[1,-2],[-3,1],[2,1]],[[8961,9123],[5,-3],[-1,-4],[-4,-3],[-6,3],[4,3],[-1,3],[3,1]],[[8956,9113],[3,-2],[-4,-1],[-2,2],[3,1]],[[8914,8954],[12,-3],[-1,-3],[4,0],[7,-5],[6,-14],[-3,-1],[-4,4],[-1,-3],[2,-2],[-1,-1],[-3,2],[-4,-1],[-2,3],[-12,0],[-1,-1],[1,-5],[-4,-1],[-3,3],[-1,2],[2,1],[-3,-1],[-2,2],[-8,1],[-4,5],[3,1],[-6,0],[0,3],[8,5],[-7,-1],[6,3],[-1,1],[1,2],[5,-2],[11,6],[3,0]],[[8932,8968],[6,-3],[-2,-1],[2,-4],[-1,-2],[-6,0],[-7,5],[8,5]],[[8930,8925],[-1,0],[2,1],[-1,-1]],[[8904,8963],[3,-1],[-5,0],[2,1]],[[8847,7887],[2,-1],[1,0],[-5,3],[3,2],[-4,1],[3,3],[-2,3],[25,-1],[2,-2],[13,5],[1,-1],[-1,-1],[3,0],[-3,-2],[6,-2],[-2,-4],[-5,0],[-1,-2],[1,-2],[-4,-2],[-1,-5],[10,0],[-2,-4],[2,-1],[5,5],[5,-1],[-5,-4],[3,-6],[-2,-2],[-7,8],[-2,-4],[-8,0],[-3,-3],[7,-4],[-1,-1],[4,0],[-6,-1],[2,-3],[-3,-2],[5,-1],[1,-4],[-3,0],[-5,4],[-4,-2],[-4,3],[0,-2],[-5,3],[-3,-3],[3,-1],[-4,-1],[3,-2],[-3,-1],[5,-3],[-4,-4],[-4,0],[5,-2],[-3,-4],[-5,1],[-2,-3],[-3,-2],[-6,3],[-2,3],[-8,-5],[-1,2],[0,-2],[-6,1],[2,1],[-2,1],[5,6],[-5,-1],[-3,9],[3,2],[7,-4],[2,2],[-1,2],[3,0],[-3,2],[7,1],[-7,5],[3,0],[-4,4],[4,2],[-3,2],[2,-1],[6,1],[-3,2],[0,2],[4,0],[-4,1],[4,3],[-7,4],[6,-3],[-2,4],[3,-1],[-3,3],[3,3],[6,-4],[-1,3],[2,1],[-3,0],[1,1]],[[8892,9370],[-2,0],[1,2],[1,-2]],[[8862,9381],[5,-1],[2,-4],[-1,1],[0,-2],[-2,-2],[-6,3],[0,5],[2,0]],[[8869,9414],[-2,0],[1,1],[1,-1]],[[8858,9379],[2,-6],[-5,-1],[-2,3],[2,1],[-1,1],[4,2]],[[8837,7876],[2,-1],[-4,1],[2,0]],[[8827,9118],[4,-2],[-3,-4],[-4,2],[0,4],[3,0]],[[8823,7853],[1,-1],[-2,-1],[1,2]],[[8746,9173],[11,-6],[0,-4],[4,3],[3,-1],[-2,2],[5,-1],[-1,3],[4,1],[1,-3],[-3,-1],[5,-2],[-4,-4],[5,-3],[2,1],[-2,2],[3,7],[3,0],[2,-8],[2,-1],[-2,-4],[0,-3],[4,-2],[4,1],[-2,2],[2,2],[9,2],[-1,3],[-5,-2],[-4,1],[0,3],[2,1],[-3,2],[3,0],[0,3],[4,0],[0,-4],[2,4],[9,-3],[2,4],[2,-5],[4,1],[-3,-2],[3,1],[-2,-2],[4,-2],[-3,0],[-1,-6],[3,-2],[-10,-1],[-6,-5],[8,-5],[6,5],[6,-7],[-6,-6],[-12,0],[-1,2],[-6,0],[-10,-12],[-9,1],[2,1],[-1,1],[-12,-2],[5,2],[-13,3],[4,2],[-1,2],[2,3],[9,-1],[0,3],[2,1],[-8,7],[1,-4],[-3,-3],[-12,-4],[-1,-5],[-2,0],[-3,3],[3,1],[-6,1],[3,2],[-3,0],[2,1],[-5,0],[1,1],[-2,1],[6,2],[-7,0],[3,2],[-4,0],[2,3],[-7,-1],[-2,6],[-6,0],[4,2],[-4,1],[-2,4],[3,2],[-2,0],[5,-1],[-2,4],[10,0],[-6,4],[0,3],[2,0],[-1,2],[5,0],[9,-3],[3,0],[-3,3],[3,1]],[[8817,9162],[-1,0],[1,-1],[-2,1],[2,0]],[[8815,9130],[1,-2],[-3,0],[2,2]],[[8742,9129],[4,-2],[-6,0],[2,2]],[[8715,9156],[4,0],[-3,-2],[-3,2],[2,0]],[[8707,9157],[6,-3],[-9,-1],[2,2],[-3,2],[4,0]],[[8624,9218],[4,-1],[-1,-2],[2,0],[-4,0],[-1,3]],[[8623,9222],[4,-2],[-7,-1],[0,3],[3,0]],[[8610,9209],[1,-1],[-6,0],[5,1]],[[8298,8870],[16,-7],[1,3],[10,2],[-3,-5],[7,-4],[1,-2],[-3,-3],[13,-12],[-2,-6],[-10,-4],[5,-2],[1,-2],[-5,-2],[5,-2],[-2,-3],[-3,0],[-2,-7],[1,-5],[-3,-5],[-3,-1],[0,-4],[-7,0],[0,-4],[-3,2],[1,-3],[-7,-1],[-2,3],[5,3],[-5,3],[1,1],[-24,6],[1,2],[-8,9],[2,2],[-3,2],[-31,7],[8,6],[-4,6],[-2,-1],[5,4],[0,5],[27,12],[2,2],[-1,1],[4,0],[17,4]],[[3619,3870],[2,9],[-9,-1],[-2,8],[-4,-1],[-7,13],[3,5],[-3,2],[5,3],[6,-3],[1,11],[7,3],[12,14],[8,0],[2,7],[14,7],[12,1],[1,2],[-6,1],[3,2],[1,-3],[4,1],[10,8],[1,2],[-2,4],[9,4],[-1,8],[5,3],[-1,4],[4,2],[0,4],[32,4],[23,-2],[11,6],[8,0],[7,5],[12,2],[8,-1],[10,-6],[30,-5],[23,-1],[8,-12],[11,-6],[3,-7],[6,-2],[-1,-4],[4,-6],[5,-1],[3,5],[-2,4],[3,-2],[0,2],[13,-16],[6,1],[3,-4],[12,-3],[6,4],[7,1],[7,12],[3,1],[14,-4],[10,2],[18,6],[7,-1],[26,4],[6,4],[3,-2],[22,2],[13,6],[16,1],[17,-5],[4,3],[-8,3],[-11,-2],[-10,4],[-4,4],[-11,1],[-15,-7],[-5,2],[-16,-3],[-1,-4],[-5,1],[-10,-4],[-15,-1],[-9,-7],[-6,3],[1,4],[-15,-1],[-21,-7],[-3,3],[-8,-1],[-10,8],[-12,3],[-9,7],[2,6],[-10,12],[-2,13],[-3,2],[-8,1],[-4,-2],[-1,-2],[-4,0],[-9,12],[-22,4],[0,2],[-13,5],[-62,-5],[-2,3],[-7,1],[-1,2],[-14,3],[1,1],[-5,4],[1,3],[-11,6],[0,6],[-4,3],[3,0],[4,8],[-8,1],[0,-2],[-5,-1],[-1,1],[3,2],[-2,1],[7,1],[2,5],[11,6],[3,8],[5,5],[21,9],[11,9],[10,3],[2,2],[-2,0],[4,2],[-2,2],[1,4],[5,0],[1,6],[7,3],[3,5],[-8,16],[-25,6],[-3,3],[0,10],[6,9],[20,18],[34,5],[6,6],[9,3],[3,0],[4,-4],[17,2],[33,10],[12,7],[9,-1],[6,5],[3,-4],[8,0],[13,-18],[6,-3],[-2,0],[3,-5],[9,-4],[1,-3],[16,-11],[1,-5],[5,-4],[37,-18],[0,-2],[1,2],[7,-3],[1,-5],[6,-6],[10,4],[0,-2],[6,-2]],[[4067,4147],[-6,5],[14,-1],[2,2],[-2,5],[5,2],[-3,1],[13,1],[7,7],[-5,5],[-11,-7],[-5,6],[-40,8],[-4,4],[-12,4],[1,1],[-13,11],[-4,6],[-29,14],[-13,15],[-9,4],[1,12],[8,4],[-2,0],[0,2],[17,7],[1,4],[14,8],[0,5],[-3,7],[2,2],[18,7],[16,0],[-4,3],[-14,2],[-8,-2],[-10,-7],[-3,-5],[4,-6],[-1,-6],[-1,4],[-12,-12],[-18,-4],[3,-1],[-10,-9],[0,-11],[-8,-5],[-10,4],[11,2],[1,-3],[3,1],[-4,3],[1,4],[-4,1],[-7,-2],[-7,-5],[0,3],[-3,2],[-13,-6],[-20,1],[-11,-6],[-3,-1],[-2,4],[-11,-3],[-2,-3],[-5,0],[-3,7],[-5,4],[-8,0],[-17,-6],[-16,13],[-25,5],[-14,-6],[-13,-2],[-24,3],[-6,-3],[-35,-2],[2,1],[-6,2],[-6,0],[1,2],[-3,2],[7,5],[13,-5],[-6,4],[2,4],[-4,1],[2,2],[-6,4],[4,0],[-4,2],[-3,6],[12,8],[-2,2],[-7,1],[4,4],[-2,0],[3,2],[-2,1],[4,0],[-3,2],[6,3],[5,6],[-5,-2],[-1,2],[7,2],[-1,0],[3,3],[2,-3],[3,3],[3,-2],[5,1],[-2,1],[2,1],[1,7],[7,5],[14,-4],[7,2],[-5,5],[1,8],[-2,-3],[-3,2],[4,2],[-2,2],[1,4],[-3,4],[1,1],[7,1],[5,-3],[17,1],[5,2],[-1,5],[11,1],[-6,2],[11,2],[-1,3],[7,-7],[0,-3],[-3,-2],[2,-3],[-5,-4],[0,-4],[9,1],[8,6],[18,-2],[3,4],[2,-2],[-4,-2],[5,0],[19,8],[9,0],[10,12],[11,5],[37,-3],[15,1],[17,10],[4,4],[6,1],[1,3],[9,4]],[[3955,4361],[7,-3],[27,-3]],[[5273,4808],[-6,-3],[-9,1],[-4,-3],[-16,-3]],[[5210,4818],[-5,11]],[[5212,4833],[-8,9]],[[5204,4842],[9,7],[7,2]],[[5220,4851],[9,-2],[6,1]],[[5235,4850],[5,6],[11,0]],[[5263,4850],[33,-12],[24,-29]],[[5339,4782],[8,-7],[12,-3]],[[5368,4780],[6,2],[-6,-11],[-1,-5],[6,8],[-2,-6],[-13,-15],[5,-1],[8,11],[-1,-6],[2,-3],[1,5],[-2,2],[7,13],[9,9]],[[5387,4783],[-8,-10],[2,-1],[-2,-2],[15,15],[0,-3],[1,-1],[-1,-4],[6,9],[9,4],[-2,-4],[6,-3],[3,3],[-2,1],[7,3],[9,8],[-5,-6],[5,3],[-8,-7],[6,4],[24,20],[53,27],[49,30],[41,15],[12,-4],[63,8],[9,-5],[4,2],[-3,-3],[2,-1],[-3,0],[9,-2],[-4,-3],[8,-3],[-3,-1],[4,1],[-2,-3],[5,1],[-4,-3],[17,-1],[6,-3],[6,2],[-1,-3],[3,2],[3,-1],[33,5],[35,17],[17,2],[9,11],[11,-2],[-3,-1],[9,-3],[32,-1],[7,-4],[-10,-12],[-2,-6],[-5,-2],[-4,-5],[-19,-6],[-7,-8],[-14,-7],[-10,-12],[0,-2],[-11,-5],[-13,-16],[-14,-9],[-27,-23],[-3,-12],[-10,-9],[-1,-6],[8,-14],[19,-12],[-6,-2],[-22,8],[-18,-1],[-8,2],[-15,-5],[-27,-14],[3,0],[-12,-11],[-1,-12],[-11,-10],[-7,-2],[-7,-8],[1,-8],[-21,-24],[0,-3],[-11,-4],[-15,-15],[-4,-9],[-72,4],[-22,-3],[7,-1],[-3,0],[-29,5],[-18,0],[7,-1],[-25,-2],[-9,-3],[5,-1],[-6,1],[-1,4],[-8,1],[2,-3],[-2,-4],[-2,2]],[[5396,4603],[0,-4],[-4,3],[-3,-1],[0,1],[-5,0],[4,-2],[-4,0],[-6,10],[-11,-8],[21,-5],[-7,0],[9,-3],[24,0],[-21,-2],[4,-1],[45,8],[12,-1],[-5,0],[4,-1],[28,0],[-8,-4],[3,0],[1,-2],[-39,3],[1,-1],[-4,0],[8,-4],[-18,1],[5,-1],[-8,-2],[4,0],[-29,-7],[19,4],[-3,-3],[15,6],[10,-1],[18,5],[-1,-3],[-15,-2],[5,-1],[0,-3],[-19,0],[77,-4]],[[6451,4525],[36,15],[7,0]],[[6498,4535],[12,-7],[5,-14]],[[6393,4011],[-18,-4],[-3,-4]],[[6359,3986],[-10,-6],[-9,-3]],[[6274,3965],[-4,-8],[-6,-7],[-26,-7]],[[6097,3695],[-5,6],[-3,0],[-9,-4]],[[6010,3682],[-10,-6],[-8,5]],[[5936,3714],[-7,1],[-4,-8]],[[5908,3638],[-26,-12],[-14,-2]],[[5868,3624],[-3,10],[-13,2],[-2,-9],[-12,-6],[-2,1]],[[5815,3633],[-9,3],[-8,-1],[-1,-3]],[[5756,3629],[-30,2],[-19,7]],[[5014,3282],[-23,-3],[-29,2]],[[4962,3281],[-4,-33]],[[4958,3248],[5,-22],[26,2]],[[5068,3249],[6,-6]],[[5064,3198],[13,-15]],[[5077,3183],[-2,-1],[-7,-3]],[[5055,3181],[-25,-5],[-12,-5]],[[4903,3134],[-14,5],[-7,-1],[-2,-8]],[[4863,3122],[-10,-8],[-6,-1]],[[4835,3116],[-15,-8]],[[4797,3113],[-23,-1],[-6,-3]],[[4768,3106],[-7,-3],[-4,1],[-7,4],[-15,0]],[[4720,3109],[-5,0],[-21,10]],[[4484,3043],[2,6],[12,7],[5,13],[5,5],[4,10],[8,5],[-4,4],[7,4],[1,1],[-7,-3],[6,5],[-9,-5],[-5,1],[-3,-3],[-5,-12],[-8,-11],[-1,-6],[-10,-9],[-12,5],[-9,14]],[[4494,3160],[10,8],[0,5]],[[4336,3209],[-4,-14]],[[4315,3149],[-25,-4]],[[4195,3191],[10,8],[-1,4],[23,14],[0,7],[3,4],[-5,4],[-10,-1],[-3,3],[-6,-3],[3,5],[-3,2],[-13,-5],[31,25],[11,1],[5,4],[9,1],[-1,2],[6,5],[8,-2],[8,5],[9,-4],[6,1],[0,-5],[2,-1],[6,11],[31,21],[31,-1],[9,5],[6,-1],[22,-4],[4,-5],[9,-3],[5,-5],[10,-1],[2,0],[-1,2],[17,2],[-5,3],[3,1],[4,-1],[2,-3],[2,3],[3,-3],[12,2],[6,12],[6,5],[28,9],[36,6],[5,3],[1,3],[41,4],[11,4],[38,4],[3,4],[3,0],[-3,1],[2,0],[8,-1],[-9,2]],[[4635,3344],[-25,-5],[-21,2],[-10,-5],[-6,0],[-12,-5],[-4,1],[-12,-5],[-11,1],[-9,-5],[-13,1],[-12,-5],[-28,-3],[-5,-5],[-16,-1],[-29,-13],[-14,3],[-8,-6],[-3,3],[0,4],[-4,6],[-5,-2],[0,-2],[-4,1],[-4,-3],[-13,4],[6,8],[-2,5],[-42,4],[-6,-3],[-8,0],[-14,5],[-11,-3],[3,3],[-2,3],[13,9],[-3,9],[9,10],[-1,2],[7,8],[26,18],[1,4],[19,16],[4,7],[22,21],[-1,7],[7,2],[6,10],[24,20],[11,14],[14,14],[1,-1],[-1,1],[6,3],[9,9],[-4,8],[2,0],[-3,2],[3,1],[3,14],[-6,7],[-14,5],[-28,-6],[-19,9],[-1,2],[2,1],[0,1],[-14,9],[-15,0],[-7,4],[-57,0],[-10,-4],[-26,3],[-13,-2],[-40,5],[-14,4],[-13,-1],[-2,-4],[4,-4],[27,-8],[26,-1],[20,-4],[11,2],[9,-5],[10,-1],[83,7],[21,-7],[17,-9],[13,0],[21,-4]],[[4450,3534],[1,-3],[-3,-5],[3,-4],[-4,-7],[-15,-10],[-1,-4],[-17,-13],[-3,-8],[-13,-4],[-20,-18],[-14,-8],[-11,-10],[-20,-13],[-10,-10],[-10,-5],[2,-7],[-1,-5],[-17,-12],[-3,-6],[-7,-4],[-1,-5],[-3,-4],[4,-7],[12,-7],[1,-4],[-10,-5],[-19,-3],[-11,-5],[-13,-21],[-9,3],[-1,3],[3,5],[-5,4],[-9,2],[-4,-1],[0,-3],[-2,-1],[-3,2],[-11,-9],[-5,-8],[-20,-9],[0,-3],[-5,-4],[-14,-4],[1,-7],[-6,-9],[-11,-7],[-5,-8],[-28,-18],[-11,-12],[-10,-7],[-5,-1],[-3,4],[-11,3],[-6,-5],[-9,-1],[-1,-2],[2,0],[-11,-7],[-3,-8],[-5,-1],[-5,-8],[-19,-14],[-3,-5],[-16,1],[-7,-4],[-1,-4],[-13,9],[-25,1],[-1,-6],[34,-9],[-3,-5],[2,-1],[-21,-23],[-8,-6],[-9,-18],[-22,-17],[-6,-8],[-3,-8],[-15,-8],[0,-6],[-19,-10],[-2,-4],[-14,-3],[-3,-7],[-12,-8],[-6,0],[-12,-7],[-12,-2],[-7,-6],[-12,-3],[-9,-8],[-38,-11],[-12,-7],[-7,3],[-2,5],[1,2],[-5,13],[-17,5],[-30,4],[-5,6],[-10,5],[-7,-1],[-4,-9],[-4,1],[-12,18],[-8,5],[-1,5],[1,3],[10,1],[8,6],[2,6],[-2,6],[12,8],[0,4],[-8,3],[-11,-7],[0,-5],[-13,-16],[-2,-11],[-8,-4],[-30,2],[-13,6],[-28,3],[-2,3],[-10,2],[-4,3],[-14,-1],[-6,2],[-2,3],[-7,-2],[-4,3],[5,2],[-11,0],[-5,4],[-13,-2],[-12,2],[-3,3],[1,0],[-2,5],[-21,9],[-9,9],[-4,0],[-13,12],[-2,6],[-16,6],[-3,6],[3,0],[-4,7],[-4,0],[3,1],[-8,6],[-5,2],[-4,11],[3,-2],[-5,11],[1,1],[-2,1],[1,1],[-27,14],[-2,3],[3,0],[-1,2],[-6,6],[0,3],[2,-1],[-2,3],[3,4],[0,5],[-4,4],[-3,14],[2,2],[4,-1],[-2,6],[2,1],[6,-2],[33,1],[23,5],[5,5],[9,-1],[4,-4],[13,-3],[8,2],[2,3],[3,0],[5,3],[8,1],[-16,3],[-5,-3],[-4,4],[-3,-3],[-12,-1],[-13,3],[3,6],[6,3],[3,8],[4,-1],[2,-10],[3,2],[-3,7],[1,2],[7,-5],[3,6],[6,-5],[3,-6],[7,0],[12,-5],[8,-11],[-3,7],[6,-3],[-1,-4],[7,-5],[1,-11],[14,0],[10,-6],[5,1],[22,-14],[12,-1],[6,-9],[6,-3],[4,8],[-8,3],[-7,7],[-11,6],[-8,-3],[-12,4],[-2,4],[-13,7],[-3,11],[7,7],[-2,2],[5,-1],[21,7],[14,-3],[6,1],[41,24],[19,6],[8,5],[1,5],[7,7],[13,4],[2,4],[14,2],[10,5],[2,5],[33,-9],[21,-23],[7,3],[14,1],[18,-9],[17,-4],[30,3],[9,-5],[-1,3],[26,0],[9,7],[70,4],[2,6],[-21,-3],[-16,3],[8,2],[-1,1],[-2,-2],[-12,2],[-18,-4],[-2,3],[-4,1],[-10,-2],[-12,1],[-20,-8],[-11,0],[-29,-7],[-5,5],[2,2],[-2,5],[-7,0],[-1,3],[-6,-2],[-9,2],[2,1],[-3,2],[5,1],[-1,2],[-10,9],[-15,3],[-1,3],[-11,4],[-7,8],[-7,-1],[-11,4],[-25,-4],[-4,-3],[-6,2],[-2,3],[-11,-4],[-8,12],[-3,-15],[-7,-1],[-11,-15],[-12,-5],[-11,-13],[-3,1],[-10,-3],[-14,-9],[-4,-6],[-6,0],[2,-3],[-5,1],[-1,2],[-9,-2],[0,4],[-12,8],[-28,-10],[-5,2],[-3,-3],[-3,2],[-5,-2],[-4,2],[-5,-3],[-2,1],[1,4],[-9,-3],[1,2],[-5,2],[-8,1],[-1,-3],[-6,0],[-4,5],[1,4],[2,0],[-1,3],[-2,-1],[-7,6],[-6,-2],[-1,-2],[4,-4],[-1,-3],[-11,-1],[0,3],[3,3],[-1,5],[-4,2],[-4,-2],[0,-5],[-10,5],[-3,-2],[0,-6],[-11,-1],[0,-9],[-5,-3],[-7,2],[-8,7],[-1,4],[1,5],[-7,-1],[-2,-4],[-14,4],[-32,-5],[-15,10],[-4,6],[-10,5],[-21,1],[-6,-2],[-1,-4],[-1,3],[-6,0],[-4,2],[-1,-2],[-11,-1],[-2,-2],[1,-3],[-5,-1],[-2,4],[-3,-1],[-4,3],[-1,-1],[-2,1],[-4,-5],[-2,1],[-1,3],[-4,2],[2,2],[0,3],[-3,1],[-17,-10],[3,-2],[-4,1],[-1,-4],[-14,-6],[-7,1],[-13,6],[-7,-2],[-6,2],[-19,1],[-7,2],[-4,7],[-11,1],[-16,10],[0,3],[-5,2],[-1,5],[-9,8],[-1,3],[2,1],[-3,2],[1,3],[5,-1],[-3,9],[4,-1],[0,3],[2,0],[-8,4],[0,4],[20,-3],[-6,4],[3,-1],[5,3],[0,3],[-5,1],[3,3],[-2,1],[1,1],[12,5],[7,-2],[2,0],[-2,1],[1,1],[4,-2],[-2,2],[2,0],[4,-4],[4,0],[1,3],[2,-1],[3,4],[-1,3],[-3,-1],[-4,3],[6,0],[0,2],[3,0],[-12,3],[3,2],[-6,-1],[2,2],[-6,2],[9,0],[-3,5],[1,0],[-3,1],[6,4],[16,1],[9,-5],[14,3],[-2,3],[4,1],[-4,3],[3,1],[7,-1],[3,4],[3,-1],[1,3],[9,-3],[0,2],[26,6],[22,0],[7,-7],[3,0],[0,2],[15,1],[12,-1],[2,-2],[-1,2],[4,0],[1,-3],[5,1],[-3,2],[3,2],[0,3],[6,-2],[-1,-1],[5,-3],[3,1],[-3,4],[2,0],[-1,1],[4,4],[8,-6],[8,-1],[8,1],[0,2],[2,2],[8,-4],[5,1],[-1,3],[3,-2],[3,1],[-2,6],[4,-1],[-1,5],[11,-5],[7,0],[1,3],[11,-4],[11,0],[3,4],[4,-1],[-2,6],[9,-3],[3,3],[-3,7],[6,1],[-2,7],[2,2],[9,-1],[10,-8],[7,-2],[2,-5],[13,-12],[21,-11],[4,-12],[16,0],[-1,2],[8,2],[-1,4],[6,1],[2,2],[-2,2],[7,3],[19,-10],[-5,6],[5,2],[4,-2],[-4,2],[-8,0],[-3,1],[3,1],[-1,1],[-15,4],[7,1],[-12,11],[1,3],[2,0],[-3,3],[9,12],[8,-2],[4,2],[2,-3],[3,2],[3,-5],[9,-1],[2,-4],[15,5],[-1,-2],[6,0],[2,5],[12,5],[39,-2],[4,2],[4,8],[7,2],[-7,0],[-10,-10],[-7,1],[-6,3],[3,3],[7,0],[-8,1],[4,2],[-16,-6],[-13,5],[-6,-8],[-16,-2],[-14,3],[-7,5],[-3,-1],[1,-3],[-3,5],[-9,2],[-5,-4],[-5,1],[2,9],[4,8],[6,5],[-1,2],[4,4],[-5,2],[2,3],[20,-9],[9,4],[8,-7],[7,-1],[9,-6],[7,3],[-5,5],[-28,7],[-6,-2],[-8,4],[4,8],[-2,3],[4,2],[-1,4],[5,12],[-2,2],[4,1],[-1,2],[4,3],[10,3],[18,-2],[-5,2],[5,3],[2,-1],[0,-3],[5,1],[9,-2],[3,-2],[2,-3],[3,2],[2,6],[8,5],[14,-3],[12,0],[9,6],[6,-1],[-1,2],[3,1],[-2,3],[12,1],[1,5],[11,2],[10,-2],[2,-3],[4,1],[1,-3],[-1,3],[4,0],[0,2],[5,-1],[5,-6],[16,1],[11,8],[-1,5],[6,8],[0,7],[11,5],[8,8],[9,-1],[11,4],[-5,7],[2,7],[-3,0],[-3,-3],[-8,3],[-11,-8],[-7,-9],[-8,-4],[-8,-7],[2,-2],[-2,-1],[-1,-9],[4,-1],[-8,-5],[-5,0],[-2,-3],[-6,6],[-4,-1],[-4,2],[3,-4],[-8,-1],[-10,7],[-10,0],[-7,7],[-8,-3],[-6,1],[-4,4],[-10,-1],[-3,-3],[-3,3],[6,8],[-3,1],[1,2],[26,13],[4,5],[21,10],[24,2],[2,3],[-8,0],[11,3],[-23,-1],[9,5],[0,2],[-4,1],[-1,4],[-24,-5],[-27,1],[-15,-7],[-6,3],[-5,0],[-7,-5],[-1,3],[-6,-5],[-3,1],[-9,-3],[1,-2],[-7,-6],[-3,0],[3,2],[-1,4],[4,2],[-5,0],[-3,5],[-8,-3],[-5,-5],[-16,-5],[-6,1],[0,2],[-4,-3],[-2,5],[-4,1],[-17,-9],[-4,-6],[-3,0],[-1,4],[-5,-5],[-5,0],[-5,5],[-6,-3],[-4,1],[0,4],[-5,1],[0,5],[-2,2],[-7,-6],[-6,3],[2,2],[-6,0],[-1,4],[5,1],[-4,1],[-3,5],[0,5],[10,2],[3,-2],[19,6],[2,4],[-4,5],[5,1],[4,5],[12,-1],[4,-7],[4,-1],[-3,0],[1,-2],[10,2],[7,-1],[1,-3],[4,3],[3,-2],[2,3],[3,-3],[5,2],[-5,3],[1,3],[6,2],[-3,8],[-7,0],[-11,-3],[-2,3],[-8,2],[-1,-3],[-4,5],[0,4],[-6,-2],[-2,4],[-20,4],[-2,3],[3,4],[-1,1],[3,-2],[1,5],[1,-1],[1,2],[4,-2],[2,5],[2,-4],[1,4],[4,-4],[-1,2],[8,-5],[0,3],[7,0],[-1,3],[4,4],[-1,3],[6,2],[-2,3],[2,-1],[1,3],[4,3],[-1,0],[-1,4],[8,2],[-5,1],[0,2],[8,2],[-7,3],[4,2],[-3,1],[9,1],[-1,5],[3,1],[-2,2],[1,2],[-8,4],[11,0],[3,4],[-2,4],[4,1],[3,8],[10,3],[-9,-2],[2,1],[-3,1],[2,2],[-6,3],[2,2],[-1,4],[3,2],[-1,3],[3,3],[-1,1],[0,6],[-3,-1],[3,3],[2,6],[4,2],[6,-1],[4,4],[-4,5],[1,4],[-2,1],[2,2],[-1,3],[4,0],[-2,2],[3,5],[6,1],[-4,-1],[5,0],[-4,-3],[4,0],[-3,-1],[0,-1],[6,0],[0,7],[3,5],[17,3],[2,-2],[11,2],[6,-2],[18,6],[14,-2],[35,3],[0,2],[14,0],[5,-4],[3,-13],[7,-7],[10,-20],[13,-7],[8,1],[5,-5],[20,-11],[14,-2],[6,3],[19,-6],[7,-7],[2,2],[-3,7],[17,0],[14,11],[10,3],[1,-2],[6,0],[11,-5],[9,3],[3,3],[70,17],[-9,4],[-5,0],[2,3],[-2,4],[-13,-6],[-8,2],[-4,-4],[-23,-6],[-13,1],[-9,-2],[-12,-9],[-7,0],[-13,-6],[-2,2],[2,-3],[-1,-1],[-7,0],[-5,2],[-4,6],[-8,-1],[-4,2],[5,1],[-4,6],[-22,2],[-9,4],[-21,24],[-6,12],[-3,2],[4,12],[7,1],[-1,1],[2,3],[-4,9],[-5,4],[-6,3],[-26,2],[-23,-5],[-3,-2],[1,-1],[-4,1],[-2,-2],[2,-6],[-4,-4],[-17,1],[-1,4],[-5,1],[-3,3],[2,4],[-5,4],[2,4],[-4,0],[1,5],[-4,4],[-6,1],[-6,-3],[-8,-1],[-4,-3]],[[5418,4588],[-1,2],[-8,-1],[9,-1]],[[4067,4147],[-1,-2],[6,-2],[-6,2],[1,2]],[[5396,4603],[-1,2],[-3,0],[4,-2]],[[4635,3344],[7,-1],[-4,2],[-3,-1]],[[3656,3093],[4,3],[1,5],[-3,-6],[-2,-2]],[[4450,3534],[5,-1],[-3,-2],[-2,3]],[[5387,4783],[-2,1],[3,0],[-1,-1]],[[4451,3541],[-1,-2],[-8,0],[2,2],[7,0]],[[4448,3298],[2,-2],[-5,-2],[3,4]],[[4443,3295],[2,-2],[-6,0],[4,2]],[[4437,3541],[-2,2],[3,0],[-1,-2]],[[4413,3295],[3,-1],[-4,-2],[-2,2],[3,1]],[[4182,3216],[-2,-6],[3,0],[-2,-3],[-9,-2],[4,4],[-3,0],[1,1],[8,6]],[[4033,3973],[2,-1],[-4,0],[2,1]],[[3877,4233],[7,-2],[-2,-10],[-8,0],[1,1],[-3,5],[0,5],[5,1]],[[3869,3985],[2,-2],[-5,1],[3,1]],[[3838,4027],[1,-2],[-4,1],[3,1]],[[3830,4032],[1,-3],[-4,-1],[-6,2],[9,2]],[[2548,4582],[2,3],[-6,4],[-1,5],[-3,0],[1,5],[-5,4],[-6,-7],[2,7],[-5,4],[5,1],[7,-5],[-2,4],[3,3],[23,-4],[10,10],[15,3],[31,-24],[5,0],[8,2],[0,4],[-4,6],[8,7],[-12,7],[-5,6],[-13,2],[-5,4],[3,6],[-13,13],[-8,4],[-3,5],[-12,2],[-13,10],[-22,12],[-3,0],[0,-6],[-5,2],[5,-3],[-6,-7],[-7,3],[-1,3],[2,7],[-1,1],[0,4],[10,3],[5,5],[3,6],[-1,14],[3,10],[6,9],[-1,8],[3,9],[-7,11],[1,4],[3,2],[0,8],[11,-5],[14,0],[17,-14],[16,-5],[6,-8],[3,0],[2,-8],[8,-6],[7,-13],[-1,-10],[2,-4],[1,-20],[3,-4],[8,-1],[7,-6],[11,4],[3,3],[3,-1],[9,-5],[7,-7],[16,-4],[5,-5],[7,-1],[6,-4],[5,-10],[12,-4],[18,-15],[9,-13],[6,-3],[-4,-4],[2,-3],[7,2],[4,8],[8,4],[11,13],[10,5],[4,-2],[2,-6],[-7,-12],[-2,-7],[-5,-4],[-1,-5],[-14,-18],[10,-7],[2,-4],[5,1],[-4,11],[3,10],[5,1],[12,8],[2,11],[8,5],[5,-2],[9,5],[3,-1],[-1,8],[2,2],[-7,5],[-2,6],[4,3],[0,4],[5,3],[21,-13],[1,-7],[6,-9],[3,-12],[3,-1],[4,4],[4,-1],[6,-5],[14,-7],[4,-5],[0,-11],[5,-2],[4,1],[-2,7],[2,3],[7,-4],[3,-10],[0,-7],[11,-15],[-2,-5],[7,1],[0,9],[-9,13],[1,7],[7,2],[9,-3],[3,-2],[0,-3],[2,3],[-16,7],[-6,8],[-5,1],[3,4],[-5,-2],[1,4],[-44,29],[-4,6],[0,10],[-6,2],[-2,5],[3,7],[-20,14],[0,5],[5,0],[2,-3],[1,4],[-11,3],[-2,3],[0,3],[-2,2],[-5,14],[6,13],[5,-2],[7,-8],[4,1],[2,9],[8,3],[16,24],[-8,0],[-4,4],[-4,-3],[0,-4],[-4,-2],[-24,2],[4,9],[-8,8],[5,6],[-4,11],[-3,3],[5,1],[2,5],[-8,10],[-5,4],[-9,13],[-10,7],[-9,14],[7,10],[13,0],[1,4],[3,-2],[3,2],[-3,3],[2,1],[-1,5],[-3,3],[1,4],[17,-2],[9,4],[6,-3],[11,3],[26,15],[2,5],[9,9],[-7,7],[11,1],[-7,14],[-9,3],[-2,4],[6,0],[6,6],[-11,5],[0,3],[5,2],[13,-7],[3,-4],[11,-2],[10,2],[2,3],[3,-1],[2,4],[10,5],[8,-4],[3,4],[5,-1],[7,-11],[0,-4],[-6,0],[-2,-6],[-5,-4],[13,-1],[2,2],[6,-7],[9,-2],[-1,-3],[5,-4],[13,-3],[6,1],[0,-3],[3,-1],[2,-5],[8,-4],[5,-18],[5,-3],[8,-15],[0,-5],[-2,-3],[4,-3],[-2,-8],[14,-6],[11,0],[12,4],[7,-6],[4,2],[2,-4],[5,3],[1,-4],[6,-4],[14,-16],[2,-10],[9,-15],[14,-10],[1,-8],[5,-9],[3,-1],[3,2],[5,-3],[6,3],[-4,-6],[2,-3],[-6,-5],[-3,-9],[1,-5],[-3,-6],[6,-8],[-1,-11],[6,-13],[-2,-9],[-3,-3],[0,-8],[3,-9],[-2,-13],[1,-7],[-1,-9],[-2,-8],[-5,-9],[6,-6],[5,-17],[4,0],[-5,-5],[4,-15],[-1,-12],[-3,-22],[-7,-26],[-1,-9],[-10,-13],[-17,-5],[-11,-11],[1,-3],[-6,5],[-9,2],[-6,-5],[2,-2],[-2,-3],[-4,3],[3,-4],[-2,-3],[12,-6],[1,2],[-2,2],[3,4],[6,-6],[6,-2],[17,8],[23,-1],[8,-4],[6,-9],[8,-5],[1,-11],[-3,-7],[-5,-3],[-3,-12],[-5,-4],[-9,0],[-2,-2],[8,-9],[3,-7],[4,-2],[10,-12],[2,1],[0,-6],[6,-5],[3,-7],[13,-4],[3,3],[-1,7],[6,-6],[6,-1],[0,-4],[-8,-1],[-6,-5],[1,-2],[-2,-3],[4,-8],[7,-6],[3,0],[-3,0],[-4,-11],[-10,5],[-23,-6],[-6,0],[-24,-19],[7,-3],[11,9],[26,10],[14,2],[8,-1],[7,2],[13,-2],[4,-3],[12,3],[17,-1],[12,-6],[-3,-8],[2,-6],[-2,-3],[10,-5],[2,-5],[-48,-28],[6,-5],[-1,-5],[6,-2],[24,16],[10,1],[14,11],[13,4],[14,-11],[7,-2],[8,-12],[19,0],[5,-4],[12,-1],[36,-14],[4,2],[0,4],[20,-2],[8,-8],[16,-8],[-6,-13],[1,-2],[-4,-3],[6,1],[11,-4],[10,1],[4,5],[7,-1],[9,7],[15,5],[2,4],[-3,2],[2,-2],[3,4],[7,0],[11,4],[5,-1],[-3,-2],[5,-2],[-1,-1],[6,3],[6,-2],[14,6],[9,-4],[40,23],[17,3],[5,-1],[11,3],[-1,1],[1,-1],[16,2],[14,-3],[8,1],[-4,-2],[12,0],[2,-4],[6,2],[-9,-8],[-15,-5],[-2,-1],[2,-3],[46,5],[6,-1],[26,3],[8,-1],[9,-10],[7,0],[2,-5],[-7,-13],[-14,-13],[-4,-6],[-1,-5],[7,-10],[0,-4],[-2,-2],[1,-5],[-5,-1],[-3,-4],[2,-6],[-1,-6],[-25,-16],[-6,-1],[-2,-5],[-4,-3],[-24,-14],[-26,-10],[-14,-2],[-3,-4],[-17,-8],[-11,0],[-9,-5],[-26,13],[0,-7],[-2,-2],[6,-6],[-1,-2],[4,-6],[-5,-3],[3,-9],[-5,-7],[6,-6],[6,9],[10,3],[3,-3],[-2,-4],[2,-2],[-3,-3],[4,-1],[-5,-2],[-7,2],[1,-2],[-2,0],[4,-7],[-19,-3],[-1,-3],[1,-1],[-2,-2],[9,-1],[-8,-10],[-1,-8],[-6,-3],[-5,0],[-4,-9],[-13,-9],[-20,1],[2,2],[-11,0],[-5,-2],[0,-5],[-4,-5],[2,0],[-6,-3],[-5,-11],[-8,-6],[0,-4],[-4,-4],[2,-1],[-5,-3],[2,2],[-2,0],[-2,-2],[-5,2],[-5,-3],[-1,-6],[-5,-9],[-4,-1],[-1,-4],[-4,-2],[-1,-4],[5,0],[1,-7],[-8,1],[-1,-2],[3,-2],[-3,-4],[-6,0],[2,1],[-2,1],[-7,-7],[-5,-1],[-13,-16],[-7,-1],[-2,-3],[-3,2],[0,-3],[-16,-4],[-4,-4],[-7,0],[-1,-5],[-4,-2],[1,-2],[-2,-3],[-10,2],[-1,3],[-5,1],[-4,-1],[0,-3],[-15,-3],[-6,-6],[-5,0],[-6,-5],[-4,1],[-3,6],[-4,1],[-1,-5],[-3,1],[-5,-3],[2,-3],[-2,-2],[-5,7],[1,2],[-4,2],[0,2],[3,1],[-4,4],[5,-1],[-3,3],[6,2],[-8,2],[-1,7],[-10,0],[2,3],[-3,1],[3,-1],[2,2],[-7,7],[2,3],[-7,1],[1,6],[1,-2],[3,2],[-1,3],[1,0],[-4,1],[2,1],[-2,5],[8,4],[-3,3],[3,5],[4,3],[1,4],[3,0],[4,6],[10,-3],[2,2],[-3,1],[1,3],[5,-4],[11,3],[-5,-1],[-8,3],[6,5],[-1,2],[-6,0],[6,5],[-2,3],[2,1],[-3,1],[2,2],[-2,3],[2,-1],[-1,3],[13,19],[-3,7],[4,-3],[2,1],[-1,2],[7,-2],[5,6],[-6,2],[2,4],[-3,3],[-12,-3],[-3,3],[8,15],[5,5],[10,4],[7,6],[9,-2],[4,5],[-8,3],[11,7],[13,7],[17,2],[1,4],[3,0],[0,4],[5,2],[3,3],[-2,1],[5,1],[2,6],[2,1],[4,-6],[3,5],[5,2],[0,2],[7,6],[20,0],[41,10],[14,8],[3,6],[8,3],[-4,2],[-6,-5],[-7,-1],[2,1],[-4,2],[-17,-10],[-13,0],[-1,3],[-6,1],[-2,-3],[5,-6],[-4,-2],[-8,1],[-22,-3],[-8,1],[-7,6],[-4,-3],[-1,3],[-5,1],[-4,0],[-3,-4],[-3,2],[-9,-1],[-33,-10],[-6,-1],[-12,3],[-2,-2],[-2,4],[-2,1],[-1,4],[3,5],[1,16],[-4,5],[0,4],[-8,8],[0,5],[-3,1],[-5,8],[-8,-2],[-5,3],[-5,18],[-12,10],[1,-3],[-4,-3],[-2,-5],[5,-8],[8,-4],[2,-15],[3,-3],[-4,-6],[-2,-14],[-5,-8],[-7,-4],[-12,3],[4,-3],[-5,-3],[0,-12],[-8,-11],[-1,-7],[-12,-10],[1,-5],[-3,-10],[-11,-8],[-1,-7],[-6,-2],[-3,-10],[-13,10],[-6,0],[-2,7],[-6,-3],[-4,1],[-8,6],[2,7],[6,7],[-2,15],[7,20],[-1,5],[-10,12],[2,4],[0,8],[-5,5],[-10,-1],[-1,4],[1,-4],[-2,-3],[-7,-4],[-15,6],[-4,-2],[-7,14],[-4,0],[-1,-3],[-2,0],[-12,8],[-3,-1],[-1,-4],[4,-4],[-1,-5],[6,-2],[-6,-2],[3,-8],[-2,-6],[-8,-7],[-19,-2],[-32,6],[-32,-9],[-24,-2],[-67,-16],[0,-2],[-4,-1],[-2,2],[-11,1],[-1,5],[11,3],[1,11],[15,4],[3,7],[6,1],[3,6],[6,5],[5,7],[0,6],[1,2],[-1,4],[-18,3],[-39,-21],[-13,-3],[-13,2],[-11,9],[-5,1],[0,3],[-2,5],[-6,1],[-13,12],[-8,12],[1,3],[-3,5],[3,4],[-1,8],[8,4],[33,1],[6,4],[2,6],[0,13],[-3,2],[4,2],[-6,-1],[0,-5],[-3,-1],[-1,-5],[-11,-5],[-27,1],[-13,-6],[-13,0],[-12,8],[-5,0],[-4,6],[-8,1],[2,1],[-2,2],[-1,11],[-10,6],[0,3],[-4,2],[0,2],[-4,0],[-11,7],[-6,12],[-1,7],[-9,11],[6,2],[-2,5],[-8,4],[-16,1],[-2,2],[0,5],[-2,0],[2,4],[3,-1],[-5,5],[3,2],[-3,3],[3,1],[0,4],[-4,4],[1,8],[31,12],[2,6],[6,0],[6,-3],[11,10],[7,-3],[4,1],[1,3],[-2,2],[1,9],[-5,4],[1,4],[3,1],[11,-9],[8,4],[11,-9],[26,-8],[19,-12],[20,-25],[1,1],[4,-4],[16,-5],[10,0],[2,2],[-2,2],[3,0],[-2,3],[-15,5],[-9,7],[-14,16],[-2,7],[-35,23],[-16,1],[-1,3],[7,3],[-13,4],[0,10],[6,7],[-3,0],[-13,-12],[-16,0],[-7,-2],[-4,-4],[-3,4],[-9,0],[-5,-6],[-4,0],[0,-4],[-5,-4],[5,-8],[-10,2],[-12,-7],[0,6],[8,5],[1,3],[7,0],[-5,2],[3,5],[-1,3],[-4,3],[8,5],[-2,7],[5,4],[-5,5],[-3,-3],[-5,5],[-2,0],[2,-3],[-9,3],[-3,5],[-7,1],[-3,3],[2,7],[15,9],[-10,-5],[3,3],[-3,2],[1,1],[-9,0],[1,1],[-5,3],[1,6],[-3,2],[0,5],[3,7],[5,4],[-8,2],[0,7],[-2,-1],[-2,6],[0,-7],[-4,-6],[1,-5],[-7,-11],[1,-1],[-2,1],[1,-3],[-2,-1],[-6,-1],[-7,-11],[-9,-3],[-9,-9],[-3,3],[3,6],[4,6],[-1,2],[5,3],[-7,-1],[-1,5],[-3,-1],[8,7],[-1,6],[5,0],[1,3],[-5,3],[-1,3],[-4,2],[-1,4],[-3,4],[-3,-15],[-13,-5],[4,7],[0,3],[-3,0],[-14,-18],[-4,1],[-3,5],[-3,2],[-7,0],[-9,-3],[8,-5],[-4,-12],[3,-3],[2,-11],[4,-10],[-1,-3],[-6,-4],[5,-6],[0,-3],[-2,-2],[3,-6],[-4,-4],[4,-6],[-2,-2],[2,-3],[-2,0],[0,-4],[-7,-1],[-1,-5],[-7,0],[1,2],[-9,-2],[-1,7],[-14,0],[2,-2],[-2,-1],[-4,2],[0,3],[-3,2],[-11,3],[-19,14],[-9,0],[-5,4],[-19,2],[-4,6],[-3,1],[-22,-3],[2,-2],[-5,2],[-3,5],[-2,-1],[-4,5],[-5,2],[0,3],[-17,4],[1,2],[-3,4],[-8,-4],[-12,3],[-11,9],[-2,8],[-5,1],[0,4],[-9,8],[8,4],[4,7],[-4,1],[1,3],[-5,4],[-5,19],[-5,7],[-10,7],[-15,2],[1,2],[-5,7],[-17,-4],[0,-4],[-3,0],[1,-5],[-9,0],[1,6],[6,6],[-6,9],[3,6],[-1,4],[9,4],[1,5],[-3,7],[-6,4],[1,5],[4,4],[14,3],[16,-1],[15,-3],[1,-5],[5,-3],[9,1],[17,-4],[-3,2],[1,1],[-4,2],[-2,5],[-20,12],[-4,6],[-5,20],[1,25],[1,7],[19,15],[21,7],[6,-2],[9,-11],[3,-9],[-2,-4],[8,-2],[6,-10],[8,0],[2,-11],[6,-1],[5,-5],[-1,-7],[13,-7],[1,-2],[-2,-3],[3,-4],[-2,-7],[9,1],[10,-5],[-3,-4],[4,-1],[2,-4],[3,1],[-1,-4],[11,-12],[2,1],[8,-6],[5,1],[-1,2],[3,-2],[0,-2],[-2,-2],[3,-3],[2,2],[7,-1],[1,3],[6,1],[-2,5],[4,7],[10,-1],[7,-3],[11,-13],[1,-7],[4,0],[-1,2],[4,4],[-12,9],[1,6],[-4,6],[2,2],[-4,2],[-1,4],[-4,1],[-5,7],[2,-3],[-3,-2],[-4,-2],[-4,2],[-2,-3],[-15,8],[-2,6],[12,-2],[1,5],[-2,0],[3,1],[-2,2],[3,2],[-2,3],[-5,0],[1,3],[-6,2],[-1,10],[-6,6],[3,2],[-6,1],[0,4],[1,0]],[[3782,4361],[2,-1],[-3,0],[1,1]],[[3769,4353],[-1,-3],[-6,0],[7,3]],[[3766,4356],[1,0],[-1,-2],[-3,1],[3,1]],[[3737,4342],[1,-2],[-3,0],[2,2]],[[3734,3312],[3,-2],[-6,-2],[0,3],[3,1]],[[3730,4328],[2,-3],[-3,2],[1,1]],[[3726,3003],[4,-3],[-6,-2],[-3,3],[5,2]],[[3726,4334],[-2,-3],[0,3],[2,0]],[[3723,4071],[-5,-5],[-3,2],[8,3]],[[3714,4245],[2,-2],[-5,2],[3,0]],[[3697,3560],[1,-3],[-5,2],[4,1]],[[3681,4285],[4,-4],[0,3],[3,-1],[-7,-5],[-5,0],[5,4],[-4,2],[4,1]],[[3670,4266],[10,-3],[-4,-5],[-6,-1],[3,3],[-2,2],[1,1],[-2,3]],[[3672,3560],[7,-2],[-3,-1],[-6,2],[2,1]],[[3677,4251],[0,-4],[-3,2],[-3,-3],[-3,0],[2,4],[7,1]],[[3658,3627],[2,-1],[-4,-1],[2,2]],[[3634,3939],[1,-1],[-3,-2],[2,3]],[[3620,3857],[-1,2],[4,0],[-3,-2]],[[3620,3559],[-1,-5],[-5,3],[5,5],[1,-3]],[[3619,3870],[-1,-3],[-3,0],[4,3]],[[3614,3570],[2,-3],[-3,1],[0,3],[1,-1]],[[3593,3616],[-3,-2],[-2,1],[5,1]],[[3574,3605],[1,-2],[-5,1],[4,1]],[[3564,3458],[-6,-1],[-3,3],[6,1],[4,-1],[-1,-2]],[[3551,3810],[2,-2],[-3,1],[1,1]],[[3514,4258],[3,-4],[4,4],[7,-3],[5,-10],[5,-1],[-2,-5],[3,-1],[-2,-4],[-15,-5],[-5,2],[-5,-5],[-4,3],[2,4],[-5,0],[0,9],[-3,1],[3,4],[-1,3],[-2,-1],[6,3],[4,-2],[-1,4],[3,4]],[[3506,3512],[3,-7],[-5,0],[2,7]],[[3505,3725],[3,-3],[-5,-2],[-1,4],[3,1]],[[3492,3272],[15,-9],[-3,-4],[4,-2],[-11,-6],[-1,-4],[-4,-3],[1,-2],[-10,-2],[-6,2],[-3,4],[2,3],[-1,8],[17,15]],[[3499,3512],[1,-2],[1,-4],[-4,3],[2,3]],[[3490,3459],[2,-1],[-5,-1],[3,2]],[[3479,4306],[11,-7],[1,-3],[-10,-6],[-5,1],[-3,14],[3,3],[3,-2]],[[3465,3666],[1,-2],[1,2],[2,-2],[2,-3],[2,2],[-2,0],[5,0],[-5,1],[1,2],[5,-1],[10,-5],[0,-2],[-4,1],[1,-6],[-4,3],[-1,-3],[-20,-7],[-2,-7],[-10,2],[3,-2],[-4,-3],[-5,3],[5,3],[0,2],[-11,-2],[0,-3],[-9,4],[3,5],[2,-2],[4,3],[6,-2],[0,2],[1,-2],[6,1],[-2,2],[2,0],[2,-2],[-1,1],[3,1],[-2,2],[4,-1],[-1,3],[2,-2],[4,5],[3,-2],[1,4],[-3,0],[3,1],[-1,3],[3,3]],[[3484,3584],[2,-3],[-1,-2],[-3,2],[2,3]],[[3483,3474],[0,-4],[-2,3],[2,1]],[[3473,3601],[2,-1],[2,-5],[-6,0],[0,2],[3,1],[-1,3]],[[3471,3435],[2,-1],[-2,-1],[0,2]],[[3463,3274],[10,-3],[-5,-3],[-8,3],[3,3]],[[3452,3668],[7,-1],[0,-7],[-9,2],[-3,-3],[-4,3],[0,4],[5,-1],[4,3]],[[3447,4239],[-3,0],[-2,4],[4,0],[1,-4]],[[3350,4323],[-1,-1],[3,-2],[8,1],[2,-2],[-1,3],[8,1],[-2,-2],[4,1],[2,-4],[10,-4],[9,3],[12,-8],[5,2],[28,-16],[6,-8],[2,-7],[-3,-8],[-6,-6],[4,-13],[-8,-5],[-5,2],[0,-4],[-5,0],[-7,-6],[-25,-1],[-16,2],[-7,-3],[-3,0],[-16,21],[-16,3],[2,5],[-14,13],[-6,9],[0,5],[9,21],[12,-1],[1,2],[-1,4],[8,3],[5,-1],[1,3],[1,-2]],[[3436,4326],[3,-2],[-1,-1],[-3,0],[1,3]],[[3425,4075],[4,-4],[-5,2],[1,2]],[[3384,4738],[2,-2],[6,2],[-3,-4],[6,1],[-1,-3],[3,1],[2,-6],[-2,-2],[2,-5],[-1,-4],[2,-1],[-2,-2],[6,0],[-4,-2],[1,-5],[-5,-2],[4,-2],[-7,-8],[0,-6],[3,-1],[-7,0],[-1,-4],[-1,0],[-1,-5],[2,-1],[1,-6],[-6,-8],[1,-2],[-3,-7],[-4,-1],[6,-7],[-2,-3],[1,-1],[-5,-2],[2,-2],[-2,-1],[4,-2],[-6,-2],[2,-4],[-3,0],[2,-1],[-3,-2],[-3,0],[5,-2],[-2,-1],[1,-2],[-6,0],[-5,5],[5,1],[-9,3],[-10,7],[14,0],[-13,4],[1,1],[-5,4],[2,2],[-2,4],[5,5],[4,-1],[4,4],[2,-2],[1,4],[4,4],[-8,0],[-2,-5],[-5,-1],[-2,2],[-6,0],[-1,4],[4,1],[-3,2],[2,1],[-5,2],[3,1],[-2,0],[2,4],[0,-3],[6,2],[5,-5],[5,4],[7,-1],[3,4],[-2,1],[3,3],[-7,4],[2,3],[-5,4],[3,3],[-5,2],[4,2],[-3,2],[2,3],[3,-1],[-3,4],[1,3],[-5,1],[-1,4],[4,3],[4,-3],[-3,4],[0,4],[2,-1],[1,2],[8,-6],[-6,7],[5,1],[12,-10],[4,3],[-1,4],[2,4],[-8,1],[2,3],[-2,1],[-3,-2],[1,6],[6,-1],[0,2]],[[3374,4738],[2,-1],[-2,0],[1,-1],[-1,-1],[-4,2],[4,1]],[[3363,4622],[9,-5],[-5,1],[-4,4]],[[3338,4630],[12,-10],[3,-7],[8,-5],[0,-4],[4,-2],[-1,-6],[4,-3],[3,1],[-5,-5],[2,-5],[-5,-6],[2,-8],[-5,-3],[2,-3],[-5,-4],[-1,-9],[-5,-6],[-2,-7],[-5,-3],[1,-3],[-4,-1],[-1,-5],[-7,-3],[-1,-3],[-5,-2],[-1,-4],[-7,0],[-7,-4],[1,-2],[-9,-11],[0,-7],[11,-14],[-1,-3],[2,-2],[3,-9],[1,-17],[2,-7],[-1,-13],[10,-16],[9,-6],[2,-7],[4,-2],[7,3],[-1,-4],[2,-1],[0,-17],[-7,-10],[-21,-17],[-9,-14],[-37,-7],[-18,5],[-4,4],[0,5],[-5,6],[0,3],[3,3],[-2,3],[-8,7],[-9,1],[-6,-4],[2,4],[-2,1],[4,6],[5,0],[1,5],[-3,3],[3,3],[-1,7],[-4,0],[0,2],[4,6],[6,3],[3,9],[-1,6],[-8,1],[0,3],[5,0],[2,6],[-3,2],[2,5],[-8,13],[1,6],[3,1],[-7,15],[1,9],[3,3],[-2,2],[3,2],[2,15],[5,7],[-1,4],[6,5],[2,5],[7,3],[2,4],[-1,4],[1,2],[4,-1],[0,8],[4,-2],[3,6],[5,-3],[1,3],[2,-3],[8,-4],[13,3],[7,-8],[5,1],[6,-2],[-1,6],[2,0],[-1,1],[8,9],[-23,7],[13,6],[-2,10],[-2,-1],[-1,-5],[-3,-1],[0,4],[-3,2],[-7,1],[1,5],[0,-4],[2,1],[-3,15],[1,5],[8,0],[-2,3],[3,-1],[-2,5],[5,0],[7,-13],[-3,-14],[6,3],[-1,5],[7,8],[3,-1],[7,2],[5,-2],[7,6],[1,1],[-8,2],[6,5],[-1,3],[2,-1],[-2,3],[3,1],[-9,7],[5,1],[-8,2],[-5,3],[0,4],[-11,3],[13,4]],[[3368,3270],[1,-3],[-4,0],[3,3]],[[3358,4619],[3,-2],[-5,2],[2,0]],[[3359,4725],[1,-2],[-2,1],[1,1]],[[3357,4721],[2,0],[-2,-3],[-4,-1],[4,4]],[[3341,4659],[6,-3],[-5,-3],[-4,2],[3,4]],[[3317,3834],[1,-2],[-3,-1],[2,3]],[[3301,4562],[1,-3],[-2,-1],[1,4]],[[3290,4585],[4,-1],[2,-4],[-3,3],[-3,-1],[-1,2],[1,1]],[[3225,4007],[4,-8],[-4,-2],[-4,7],[1,2],[3,-1],[0,2]],[[3166,3713],[28,-15],[9,-19],[-3,-15],[0,-9],[-5,-22],[3,-11],[-5,-7],[-5,3],[-3,-1],[1,-3],[-2,-4],[-2,1],[3,-5],[-5,-2],[2,-2],[-8,-2],[-2,-2],[1,-2],[-5,-3],[-8,3],[-19,-3],[-17,4],[-13,8],[-11,2],[-2,-2],[-3,3],[2,1],[-2,5],[-13,2],[2,1],[-6,4],[0,3],[4,4],[-3,6],[3,7],[-4,4],[3,2],[-1,1],[1,4],[6,1],[-1,1],[2,2],[8,3],[4,3],[-1,2],[19,2],[13,-3],[7,1],[6,7],[-2,5],[-5,3],[3,-1],[-3,4],[6,4],[0,3],[-2,4],[-10,2],[-1,3],[5,-1],[18,11],[11,1],[3,2],[-1,2]],[[3185,3604],[3,-1],[4,-11],[-6,-4],[-7,1],[3,5],[-1,2],[4,8]],[[3179,4578],[-3,0],[1,2],[2,-2]],[[3138,4116],[2,-2],[-6,1],[4,1]],[[3083,4067],[10,-4],[11,2],[8,-2],[7,-9],[-2,-4],[-4,-1],[1,-4],[-7,-6],[1,-2],[-5,2],[-4,-5],[-1,2],[-7,0],[-9,6],[-3,-1],[-3,-5],[1,-3],[11,-10],[1,-6],[-2,-1],[-9,-1],[-15,-8],[-13,1],[-6,4],[-1,-2],[-5,7],[-4,-2],[-1,4],[-5,3],[-8,15],[0,3],[6,4],[9,1],[8,6],[14,3],[6,-1],[9,-7],[-3,3],[2,0],[-7,4],[-1,3],[6,-1],[-1,5],[3,5],[12,2]],[[3110,3597],[4,-2],[-6,2],[2,0]],[[3093,3395],[1,-1],[-3,0],[2,1]],[[3081,4838],[10,-5],[3,-7],[-9,0],[-6,11],[2,1]],[[3008,3558],[13,-13],[6,2],[-6,5],[3,-1],[-3,5],[6,-6],[-1,4],[13,-6],[4,4],[6,-2],[2,1],[-1,2],[12,-1],[8,-8],[4,-8],[-7,-5],[2,-2],[-2,1],[2,-2],[-1,0],[1,-4],[-4,4],[-9,4],[3,-10],[-7,0],[-1,-2],[2,-1],[-7,-2],[1,-2],[-4,4],[1,1],[-3,1],[-11,10],[-3,-2],[-3,1],[-5,-6],[1,-2],[-2,0],[1,-1],[-2,-1],[-7,3],[-2,-1],[-6,2],[2,-2],[-2,0],[-1,4],[-4,3],[0,-2],[-1,2],[2,1],[-4,2],[-1,5],[5,0],[0,4],[7,-2],[-3,6],[1,1],[9,-2],[-4,7],[1,1],[-6,5],[3,3],[2,-2]],[[3064,4869],[1,-6],[-10,1],[-6,6],[2,2],[5,0],[8,-3]],[[3064,4869],[-11,7],[-1,5],[12,-12]],[[2928,3898],[4,-3],[1,-4],[8,1],[4,-4],[8,2],[3,-9],[6,0],[2,-3],[10,0],[1,-7],[12,-7],[13,2],[16,-7],[14,-18],[2,-8],[-16,-6],[-17,-1],[-2,-2],[1,-6],[38,-3],[5,-3],[2,-4],[-6,-14],[-7,-6],[-3,-15],[3,-16],[-2,-3],[-11,-8],[-1,-9],[-5,-2],[-3,-4],[-7,-4],[-19,-5],[-4,-11],[-18,-14],[-9,-2],[-19,2],[-3,-1],[-6,7],[0,3],[-9,1],[-6,10],[-2,-3],[-7,2],[-2,3],[-7,-1],[-2,3],[-11,2],[-1,4],[-3,1],[4,2],[1,3],[-3,0],[1,6],[-3,3],[1,2],[-4,2],[0,3],[-5,3],[2,4],[-5,3],[-5,-2],[-4,3],[-7,0],[-1,4],[-6,3],[-4,0],[-11,10],[-20,11],[-1,3],[-12,1],[-4,5],[-8,3],[-5,5],[-2,-2],[-2,4],[-4,2],[0,3],[-3,0],[0,2],[5,0],[-1,3],[14,0],[8,6],[3,8],[5,5],[29,12],[7,8],[1,5],[8,8],[27,11],[8,6],[13,0],[9,-3],[6,4],[2,4],[4,0],[5,5],[8,0],[4,2]],[[2995,3565],[7,-2],[2,-4],[-11,-5],[-4,8],[6,3]],[[2985,3561],[3,-3],[-3,0],[0,3]],[[2966,4971],[9,-5],[1,-6],[-10,0],[-9,5],[5,6],[4,0]],[[2839,4152],[1,-1],[-2,0],[1,1]],[[2831,4655],[3,-1],[-3,-2],[0,3]],[[2820,4649],[2,-1],[0,-5],[-3,-1],[-3,3],[4,4]],[[2809,4970],[4,-3],[-4,1],[0,2]],[[2788,4999],[4,-1],[3,-5],[12,-5],[3,-5],[-8,2],[-5,4],[-12,4],[-2,6],[5,0]],[[2797,4901],[1,-1],[-2,-2],[1,3]],[[2642,3913],[10,-5],[15,5],[9,-5],[25,7],[13,-6],[7,2],[6,-2],[5,-3],[-4,-7],[1,-4],[-4,0],[3,-5],[-5,0],[-4,2],[-4,-2],[26,-12],[4,3],[6,-1],[5,-3],[1,-4],[-4,-4],[-6,5],[-3,-4],[-1,1],[1,1],[-9,-1],[-6,1],[1,3],[-3,2],[-4,-5],[-2,1],[0,1],[-7,-2],[0,3],[-6,2],[0,-2],[-6,0],[-3,-4],[-6,2],[4,4],[-4,4],[2,3],[4,2],[-6,5],[-5,-4],[-18,3],[-3,-1],[-1,-6],[-4,8],[-13,0],[-1,0],[-2,-7],[-4,-3],[-3,2],[-7,-6],[-2,1],[-4,-2],[1,-3],[-7,-2],[0,2],[-6,0],[-1,-2],[-3,2],[-12,-5],[-5,1],[-2,-3],[-4,5],[-3,-1],[-3,3],[-6,1],[-1,8],[-5,0],[8,4],[0,3],[2,-3],[3,2],[2,6],[7,1],[1,2],[7,3],[-3,-3],[3,0],[5,5],[0,-2],[-1,-2],[13,0],[8,3],[13,0],[-1,1],[7,6],[-1,3],[-3,-1],[3,3]],[[2723,4354],[5,-1],[4,-5],[-8,-10],[1,-4],[-3,-4],[-7,-1],[-4,3],[1,2],[-3,0],[-12,-2],[-3,4],[6,8],[8,1],[-2,4],[2,2],[15,3]],[[2729,4376],[-10,-5],[-5,9],[4,7],[11,-11]],[[2681,4753],[6,-2],[11,-11],[-2,1],[1,-3],[-2,2],[7,-6],[-2,-4],[-13,-3],[3,3],[-2,5],[4,-1],[-2,3],[2,0],[-1,-1],[3,-2],[0,7],[-12,4],[5,1],[-9,7],[3,0]],[[2695,4753],[2,0],[0,-3],[-3,-5],[-2,2],[3,6]],[[2693,3884],[1,-1],[-3,-1],[2,2]],[[2682,4388],[3,1],[1,-4],[-1,-8],[-5,2],[-5,-4],[-2,1],[-1,7],[4,2],[0,3],[5,3],[1,-3]],[[2659,4764],[19,-9],[-7,0],[-7,3],[-6,-1],[-2,4],[3,3]],[[2667,3881],[-2,0],[3,2],[-1,-2]],[[2597,3863],[1,-2],[-6,-2],[1,4],[4,0]],[[2579,4530],[6,-2],[-2,-2],[4,-2],[0,-4],[-4,0],[-10,6],[6,4]],[[2545,4521],[11,-4],[-3,5],[5,-2],[5,-5],[-3,1],[1,-1],[1,-7],[-6,0],[-4,5],[-1,-1],[-5,2],[-4,-1],[-2,5],[3,0],[-3,3],[5,0]],[[2557,4525],[3,-1],[-8,2],[5,-1]],[[2536,4651],[5,-1],[0,-3],[-4,0],[-1,4]],[[2526,4647],[3,-6],[2,-9],[9,-11],[-17,0],[0,4],[-4,2],[-1,9],[5,2],[-2,3],[2,1],[-1,2],[4,3]],[[2537,4634],[-3,5],[-2,9],[5,-3],[1,-3],[-1,-8]],[[2530,4528],[6,-4],[-2,-1],[-2,3],[-4,-1],[2,3]],[[2496,4346],[5,-1],[-4,-1],[3,-3],[-2,-2],[3,-2],[-3,0],[-4,4],[4,1],[-2,4]],[[2488,3761],[5,-5],[2,-5],[-2,-3],[-2,1],[0,-5],[-2,0],[-1,3],[-4,-2],[-1,3],[1,2],[-1,2],[3,3],[2,0],[0,5],[-3,1],[3,0]],[[2481,3754],[1,-5],[-2,0],[0,-3],[-2,3],[3,5]],[[5463,3026],[-2,-1],[15,-3]],[[5743,2942],[-7,3]],[[5644,2918],[-23,13],[-5,1]],[[6039,2379],[-8,-5],[-2,-3],[7,-5],[12,5],[2,5]],[[6050,2376],[-3,7],[3,3],[6,1],[18,-4],[2,-3],[-7,-11]],[[6069,2369],[0,-6],[23,-7]],[[6092,2356],[2,-3],[-4,-12]],[[6122,2300],[-1,-4],[-21,-3]],[[6100,2288],[6,-5],[-5,-4]],[[6101,2279],[-8,3],[-5,-6],[-11,-1]],[[6077,2275],[-2,3],[-15,-3]],[[5874,2257],[-4,-5],[-29,-13],[-14,3],[-3,-1],[-10,1],[-4,3]],[[5810,2245],[-41,-6]],[[5764,2238],[-19,0],[-4,-13]],[[5695,2205],[-18,1],[-4,3],[-4,7]],[[5669,2216],[2,7],[-3,8],[1,4],[-7,8],[-8,-2],[-1,-4],[-6,-8],[0,-6],[-30,-12],[-11,11],[-12,1],[-8,4]],[[5586,2227],[-23,-6],[-20,1]],[[5543,2222],[-6,6]],[[5537,2228],[-14,3]],[[5523,2231],[-3,10]],[[5520,2241],[-9,-1],[-18,-4],[-1,-3]],[[5492,2233],[1,-6],[-4,-5],[7,-9],[0,-5],[14,-15],[8,-3],[2,-6],[1,-27],[-6,1],[-2,-3],[10,-16],[-20,2],[-2,-4]],[[5501,2137],[-3,0],[-1,-2]],[[5497,2135],[7,-3],[2,-5]],[[5345,2148],[-21,13],[3,3]],[[5129,2312],[-8,3],[-8,14]],[[5122,2373],[-12,7],[-41,5]],[[5040,2459],[-23,18],[-19,21],[-9,21],[13,16],[1,9],[-9,27],[-8,17]],[[4986,2588],[-4,17],[5,8],[0,21],[5,8],[12,-1],[4,-2]],[[4957,2720],[-23,7],[-5,0],[-12,-11]],[[4917,2716],[-41,-2],[-9,15]],[[4818,2783],[-29,6]],[[5061,2959],[6,-5]],[[5109,2993],[21,4],[10,9],[9,-3]],[[5199,3026],[27,9],[1,-5]],[[5243,3018],[22,0]],[[5274,3023],[24,4],[9,6]],[[5351,3043],[8,-3],[8,3],[8,9]],[[5450,3058],[-5,-5],[2,-9]],[[5757,2136],[31,7],[8,0]],[[5796,2143],[6,-5],[0,-4],[-4,-3],[-1,-5],[4,-2]],[[5798,2122],[2,-2],[7,2]],[[5794,2072],[-10,0],[-4,3]],[[5639,2042],[-2,-3],[-11,-4],[0,-2],[-10,-2],[-34,-3]],[[5548,2050],[2,2]],[[5527,2071],[3,8],[-11,3],[-11,-4]],[[5488,2043],[-17,2],[-7,-6]],[[5464,2036],[-11,-3]],[[5453,2033],[-8,7],[-18,4],[-1,6]],[[5430,2060],[-5,1]],[[5496,2120],[6,2],[4,6],[-9,7]],[[5497,2135],[0,2],[4,0]],[[5492,2233],[1,2],[7,3],[20,3]],[[5523,2231],[8,0],[6,-3]],[[5543,2222],[8,-2],[35,7]],[[5669,2216],[6,-8],[4,-15],[4,-4]],[[5714,2165],[3,-5],[8,-2]],[[5710,2124],[4,-6],[15,1]],[[5822,1867],[-12,7],[-1,-3],[5,-2]],[[5845,1849],[3,-3]],[[5800,1838],[-19,12],[-11,10]],[[5747,1894],[1,12],[-3,9],[-10,9],[-7,0],[5,7]],[[5734,1936],[4,6],[22,4]],[[5762,1955],[9,-4],[32,-6],[126,-20],[12,1],[14,4]]],"bbox":[-8.64999567480067,54.63321957751338,-0.725192992420494,60.86086672405056],"transform":{"scale":[0.0007925595241904366,0.0006228269973534533],"translate":[-8.64999567480067,54.63321957751338]}}